model,task_code,pair_id,claim_text,ground_truth,predicted_verdict,error_category
B_RULE_FROZEN,S1,LANE_B_S1_001cc5e4-71a3-8e4c-507c-d39178b49be8_17861-6_2,Serial laboratory testing indicates that Calcium levels have consistently decreased over the patient's past 3 recorded outpatient encounters.,SUPPORTED,HOLD,concept_extraction
B_RULE_FROZEN,S1,LANE_B_S1_001cc5e4-71a3-8e4c-507c-d39178b49be8_17861-6_2,Serial laboratory testing indicates that Calcium levels have consistently increased over the patient's past 3 recorded outpatient encounters.,CONTRADICTED,HOLD,concept_extraction
B_RULE_FROZEN,S1,LANE_B_S1_001cc5e4-71a3-8e4c-507c-d39178b49be8_2028-9_0,"Review of consecutive diagnostic workups demonstrates a steady upward progression in Carbon dioxide, total across the prior three visits.",SUPPORTED,HOLD,relation_extraction
B_RULE_FROZEN,S1,LANE_B_S1_001cc5e4-71a3-8e4c-507c-d39178b49be8_2028-9_0,"Review of consecutive diagnostic workups demonstrates a steady decline in Carbon dioxide, total across the prior three visits.",CONTRADICTED,HOLD,relation_extraction
B_RULE_FROZEN,S1,LANE_B_S1_001cc5e4-71a3-8e4c-507c-d39178b49be8_20505-4_0,Review of consecutive diagnostic workups demonstrates a steady upward progression in Bilirubin.total across the prior three visits.,SUPPORTED,HOLD,concept_extraction
B_RULE_FROZEN,S1,LANE_B_S1_001cc5e4-71a3-8e4c-507c-d39178b49be8_20505-4_0,Review of consecutive diagnostic workups demonstrates a steady decline in Bilirubin.total across the prior three visits.,CONTRADICTED,HOLD,concept_extraction
B_RULE_FROZEN,S1,LANE_B_S1_001cc5e4-71a3-8e4c-507c-d39178b49be8_20505-4_1,Serial laboratory testing indicates that Bilirubin.total levels have consistently increased over the patient's past 3 recorded outpatient encounters.,SUPPORTED,HOLD,concept_extraction
B_RULE_FROZEN,S1,LANE_B_S1_001cc5e4-71a3-8e4c-507c-d39178b49be8_20505-4_1,Serial laboratory testing indicates that Bilirubin.total levels have consistently decreased over the patient's past 3 recorded outpatient encounters.,CONTRADICTED,HOLD,concept_extraction
B_RULE_FROZEN,S1,LANE_B_S1_001cc5e4-71a3-8e4c-507c-d39178b49be8_20505-4_4,Serial laboratory testing indicates that Bilirubin.total levels have consistently increased over the patient's past 3 recorded outpatient encounters.,SUPPORTED,HOLD,concept_extraction
B_RULE_FROZEN,S1,LANE_B_S1_001cc5e4-71a3-8e4c-507c-d39178b49be8_20505-4_4,Serial laboratory testing indicates that Bilirubin.total levels have consistently decreased over the patient's past 3 recorded outpatient encounters.,CONTRADICTED,HOLD,concept_extraction
B_RULE_FROZEN,S1,LANE_B_S1_001cc5e4-71a3-8e4c-507c-d39178b49be8_2075-0_3,Serial laboratory testing indicates that Chloride levels have consistently decreased over the patient's past 3 recorded outpatient encounters.,SUPPORTED,HOLD,concept_extraction
B_RULE_FROZEN,S1,LANE_B_S1_001cc5e4-71a3-8e4c-507c-d39178b49be8_2075-0_3,Serial laboratory testing indicates that Chloride levels have consistently increased over the patient's past 3 recorded outpatient encounters.,CONTRADICTED,HOLD,concept_extraction
B_RULE_FROZEN,S1,LANE_B_S1_001cc5e4-71a3-8e4c-507c-d39178b49be8_2085-9_0,Review of consecutive diagnostic workups demonstrates a steady decline in Cholesterol in HDL across the prior three visits.,SUPPORTED,HOLD,relation_extraction
B_RULE_FROZEN,S1,LANE_B_S1_001cc5e4-71a3-8e4c-507c-d39178b49be8_2085-9_0,Review of consecutive diagnostic workups demonstrates a steady upward progression in Cholesterol in HDL across the prior three visits.,CONTRADICTED,HOLD,relation_extraction
B_RULE_FROZEN,S1,LANE_B_S1_001cc5e4-71a3-8e4c-507c-d39178b49be8_2093-3_0,Serial laboratory testing indicates that Cholesterol levels have consistently decreased over the patient's past 3 recorded outpatient encounters.,SUPPORTED,HOLD,relation_extraction
B_RULE_FROZEN,S1,LANE_B_S1_001cc5e4-71a3-8e4c-507c-d39178b49be8_2093-3_0,Serial laboratory testing indicates that Cholesterol levels have consistently increased over the patient's past 3 recorded outpatient encounters.,CONTRADICTED,HOLD,relation_extraction
B_RULE_FROZEN,S1,LANE_B_S1_001cc5e4-71a3-8e4c-507c-d39178b49be8_2160-0_0,Serial laboratory testing indicates that Creatinine levels have consistently decreased over the patient's past 3 recorded outpatient encounters.,SUPPORTED,HOLD,relation_extraction
B_RULE_FROZEN,S1,LANE_B_S1_001cc5e4-71a3-8e4c-507c-d39178b49be8_2160-0_0,Serial laboratory testing indicates that Creatinine levels have consistently increased over the patient's past 3 recorded outpatient encounters.,CONTRADICTED,HOLD,relation_extraction
B_RULE_FROZEN,S1,LANE_B_S1_001cc5e4-71a3-8e4c-507c-d39178b49be8_2823-3_1,Serial laboratory testing indicates that Potassium levels have consistently decreased over the patient's past 3 recorded outpatient encounters.,SUPPORTED,HOLD,concept_extraction
B_RULE_FROZEN,S1,LANE_B_S1_001cc5e4-71a3-8e4c-507c-d39178b49be8_2823-3_1,Serial laboratory testing indicates that Potassium levels have consistently increased over the patient's past 3 recorded outpatient encounters.,CONTRADICTED,HOLD,concept_extraction
B_RULE_FROZEN,S1,LANE_B_S1_001cc5e4-71a3-8e4c-507c-d39178b49be8_2823-3_2,Serial laboratory testing indicates that Potassium levels have consistently decreased over the patient's past 3 recorded outpatient encounters.,SUPPORTED,HOLD,concept_extraction
B_RULE_FROZEN,S1,LANE_B_S1_001cc5e4-71a3-8e4c-507c-d39178b49be8_2823-3_2,Serial laboratory testing indicates that Potassium levels have consistently increased over the patient's past 3 recorded outpatient encounters.,CONTRADICTED,HOLD,concept_extraction
B_RULE_FROZEN,S1,LANE_B_S1_001cc5e4-71a3-8e4c-507c-d39178b49be8_29463-7_7,Review of consecutive diagnostic workups demonstrates a steady decline in Body Weight across the prior three visits.,SUPPORTED,HOLD,relation_extraction
B_RULE_FROZEN,S1,LANE_B_S1_001cc5e4-71a3-8e4c-507c-d39178b49be8_29463-7_7,Review of consecutive diagnostic workups demonstrates a steady upward progression in Body Weight across the prior three visits.,CONTRADICTED,HOLD,relation_extraction
B_RULE_FROZEN,S1,LANE_B_S1_001cc5e4-71a3-8e4c-507c-d39178b49be8_29463-7_9,Review of consecutive diagnostic workups demonstrates a steady decline in Body Weight across the prior three visits.,SUPPORTED,HOLD,relation_extraction
B_RULE_FROZEN,S1,LANE_B_S1_001cc5e4-71a3-8e4c-507c-d39178b49be8_29463-7_9,Review of consecutive diagnostic workups demonstrates a steady upward progression in Body Weight across the prior three visits.,CONTRADICTED,HOLD,relation_extraction
B_RULE_FROZEN,S1,LANE_B_S1_001cc5e4-71a3-8e4c-507c-d39178b49be8_2951-2_5,Serial laboratory testing indicates that Sodium levels have consistently decreased over the patient's past 3 recorded outpatient encounters.,SUPPORTED,HOLD,concept_extraction
B_RULE_FROZEN,S1,LANE_B_S1_001cc5e4-71a3-8e4c-507c-d39178b49be8_2951-2_5,Serial laboratory testing indicates that Sodium levels have consistently increased over the patient's past 3 recorded outpatient encounters.,CONTRADICTED,HOLD,concept_extraction
B_RULE_FROZEN,S1,LANE_B_S1_001cc5e4-71a3-8e4c-507c-d39178b49be8_3094-0_1,Serial laboratory testing indicates that Urea nitrogen levels have consistently increased over the patient's past 3 recorded outpatient encounters.,SUPPORTED,HOLD,concept_extraction
B_RULE_FROZEN,S1,LANE_B_S1_001cc5e4-71a3-8e4c-507c-d39178b49be8_3094-0_1,Serial laboratory testing indicates that Urea nitrogen levels have consistently decreased over the patient's past 3 recorded outpatient encounters.,CONTRADICTED,HOLD,concept_extraction
B_RULE_FROZEN,S1,LANE_B_S1_001cc5e4-71a3-8e4c-507c-d39178b49be8_3094-0_2,Serial laboratory testing indicates that Urea nitrogen levels have consistently increased over the patient's past 3 recorded outpatient encounters.,SUPPORTED,HOLD,concept_extraction
B_RULE_FROZEN,S1,LANE_B_S1_001cc5e4-71a3-8e4c-507c-d39178b49be8_3094-0_2,Serial laboratory testing indicates that Urea nitrogen levels have consistently decreased over the patient's past 3 recorded outpatient encounters.,CONTRADICTED,HOLD,concept_extraction
B_RULE_FROZEN,S1,LANE_B_S1_001cc5e4-71a3-8e4c-507c-d39178b49be8_33914-3_2,Serial laboratory testing indicates that Glomerular filtration rate levels have consistently decreased over the patient's past 3 recorded outpatient encounters.,SUPPORTED,HOLD,relation_extraction
B_RULE_FROZEN,S1,LANE_B_S1_001cc5e4-71a3-8e4c-507c-d39178b49be8_33914-3_2,Serial laboratory testing indicates that Glomerular filtration rate levels have consistently increased over the patient's past 3 recorded outpatient encounters.,CONTRADICTED,HOLD,relation_extraction
B_RULE_FROZEN,S1,LANE_B_S1_001cc5e4-71a3-8e4c-507c-d39178b49be8_39156-5_9,Serial laboratory testing indicates that Body mass index (BMI) levels have consistently decreased over the patient's past 3 recorded outpatient encounters.,SUPPORTED,HOLD,relation_extraction
B_RULE_FROZEN,S1,LANE_B_S1_001cc5e4-71a3-8e4c-507c-d39178b49be8_39156-5_9,Serial laboratory testing indicates that Body mass index (BMI) levels have consistently increased over the patient's past 3 recorded outpatient encounters.,CONTRADICTED,HOLD,relation_extraction
B_RULE_FROZEN,S1,LANE_B_S1_001cc5e4-71a3-8e4c-507c-d39178b49be8_39156-5_10,Review of consecutive diagnostic workups demonstrates a steady decline in Body mass index (BMI) across the prior three visits.,SUPPORTED,HOLD,relation_extraction
B_RULE_FROZEN,S1,LANE_B_S1_001cc5e4-71a3-8e4c-507c-d39178b49be8_39156-5_10,Review of consecutive diagnostic workups demonstrates a steady upward progression in Body mass index (BMI) across the prior three visits.,CONTRADICTED,HOLD,relation_extraction
B_RULE_FROZEN,S1,LANE_B_S1_001cc5e4-71a3-8e4c-507c-d39178b49be8_5792-7_4,Serial laboratory testing indicates that Glucose levels have consistently increased over the patient's past 3 recorded outpatient encounters.,SUPPORTED,HOLD,concept_extraction
B_RULE_FROZEN,S1,LANE_B_S1_001cc5e4-71a3-8e4c-507c-d39178b49be8_5792-7_4,Serial laboratory testing indicates that Glucose levels have consistently decreased over the patient's past 3 recorded outpatient encounters.,CONTRADICTED,HOLD,concept_extraction
B_RULE_FROZEN,S1,LANE_B_S1_001cc5e4-71a3-8e4c-507c-d39178b49be8_5792-7_6,Review of consecutive diagnostic workups demonstrates a steady decline in Glucose across the prior three visits.,SUPPORTED,HOLD,concept_extraction
B_RULE_FROZEN,S1,LANE_B_S1_001cc5e4-71a3-8e4c-507c-d39178b49be8_5792-7_6,Review of consecutive diagnostic workups demonstrates a steady upward progression in Glucose across the prior three visits.,CONTRADICTED,HOLD,concept_extraction
B_RULE_FROZEN,S1,LANE_B_S1_001cc5e4-71a3-8e4c-507c-d39178b49be8_5803-2_2,Review of consecutive diagnostic workups demonstrates a steady decline in pH of Urine by Test strip across the prior three visits.,SUPPORTED,HOLD,relation_extraction
B_RULE_FROZEN,S1,LANE_B_S1_001cc5e4-71a3-8e4c-507c-d39178b49be8_5803-2_2,Review of consecutive diagnostic workups demonstrates a steady upward progression in pH of Urine by Test strip across the prior three visits.,CONTRADICTED,HOLD,relation_extraction
B_RULE_FROZEN,S1,LANE_B_S1_001cc5e4-71a3-8e4c-507c-d39178b49be8_5803-2_4,Review of consecutive diagnostic workups demonstrates a steady upward progression in pH of Urine by Test strip across the prior three visits.,SUPPORTED,HOLD,relation_extraction
B_RULE_FROZEN,S1,LANE_B_S1_001cc5e4-71a3-8e4c-507c-d39178b49be8_5803-2_4,Review of consecutive diagnostic workups demonstrates a steady decline in pH of Urine by Test strip across the prior three visits.,CONTRADICTED,HOLD,relation_extraction
B_RULE_FROZEN,S1,LANE_B_S1_001cc5e4-71a3-8e4c-507c-d39178b49be8_5804-0_2,Review of consecutive diagnostic workups demonstrates a steady upward progression in Protein across the prior three visits.,SUPPORTED,HOLD,concept_extraction
B_RULE_FROZEN,S1,LANE_B_S1_001cc5e4-71a3-8e4c-507c-d39178b49be8_5804-0_2,Review of consecutive diagnostic workups demonstrates a steady decline in Protein across the prior three visits.,CONTRADICTED,HOLD,concept_extraction
B_RULE_FROZEN,S1,LANE_B_S1_001cc5e4-71a3-8e4c-507c-d39178b49be8_5804-0_6,Review of consecutive diagnostic workups demonstrates a steady decline in Protein across the prior three visits.,SUPPORTED,HOLD,concept_extraction
B_RULE_FROZEN,S1,LANE_B_S1_001cc5e4-71a3-8e4c-507c-d39178b49be8_5804-0_6,Review of consecutive diagnostic workups demonstrates a steady upward progression in Protein across the prior three visits.,CONTRADICTED,HOLD,concept_extraction
B_RULE_FROZEN,S1,LANE_B_S1_001cc5e4-71a3-8e4c-507c-d39178b49be8_72514-3_7,Review of consecutive diagnostic workups demonstrates a steady upward progression in Pain severity - 0-10 verbal numeric rating across the prior three visits.,SUPPORTED,HOLD,relation_extraction
B_RULE_FROZEN,S1,LANE_B_S1_001cc5e4-71a3-8e4c-507c-d39178b49be8_72514-3_7,Review of consecutive diagnostic workups demonstrates a steady decline in Pain severity - 0-10 verbal numeric rating across the prior three visits.,CONTRADICTED,HOLD,relation_extraction
B_RULE_FROZEN,S1,LANE_B_S1_001cc5e4-71a3-8e4c-507c-d39178b49be8_72514-3_9,Serial laboratory testing indicates that Pain severity - 0-10 verbal numeric rating levels have consistently decreased over the patient's past 3 recorded outpatient encounters.,SUPPORTED,HOLD,relation_extraction
B_RULE_FROZEN,S1,LANE_B_S1_001cc5e4-71a3-8e4c-507c-d39178b49be8_72514-3_9,Serial laboratory testing indicates that Pain severity - 0-10 verbal numeric rating levels have consistently increased over the patient's past 3 recorded outpatient encounters.,CONTRADICTED,HOLD,relation_extraction
B_RULE_FROZEN,S1,LANE_B_S1_001cc5e4-71a3-8e4c-507c-d39178b49be8_72514-3_10,Serial laboratory testing indicates that Pain severity - 0-10 verbal numeric rating levels have consistently decreased over the patient's past 3 recorded outpatient encounters.,SUPPORTED,HOLD,relation_extraction
B_RULE_FROZEN,S1,LANE_B_S1_001cc5e4-71a3-8e4c-507c-d39178b49be8_72514-3_10,Serial laboratory testing indicates that Pain severity - 0-10 verbal numeric rating levels have consistently increased over the patient's past 3 recorded outpatient encounters.,CONTRADICTED,HOLD,relation_extraction
B_RULE_FROZEN,S1,LANE_B_S1_001cc5e4-71a3-8e4c-507c-d39178b49be8_8867-4_0,Review of consecutive diagnostic workups demonstrates a steady upward progression in Heart rate across the prior three visits.,SUPPORTED,HOLD,relation_extraction
B_RULE_FROZEN,S1,LANE_B_S1_001cc5e4-71a3-8e4c-507c-d39178b49be8_8867-4_0,Review of consecutive diagnostic workups demonstrates a steady decline in Heart rate across the prior three visits.,CONTRADICTED,HOLD,relation_extraction
B_RULE_FROZEN,S1,LANE_B_S1_001cc5e4-71a3-8e4c-507c-d39178b49be8_8867-4_10,Serial laboratory testing indicates that Heart rate levels have consistently decreased over the patient's past 3 recorded outpatient encounters.,SUPPORTED,HOLD,relation_extraction
B_RULE_FROZEN,S1,LANE_B_S1_001cc5e4-71a3-8e4c-507c-d39178b49be8_8867-4_10,Serial laboratory testing indicates that Heart rate levels have consistently increased over the patient's past 3 recorded outpatient encounters.,CONTRADICTED,HOLD,relation_extraction
B_RULE_FROZEN,S1,LANE_B_S1_001cc5e4-71a3-8e4c-507c-d39178b49be8_9279-1_0,Serial laboratory testing indicates that Respiratory rate levels have consistently decreased over the patient's past 3 recorded outpatient encounters.,SUPPORTED,HOLD,relation_extraction
B_RULE_FROZEN,S1,LANE_B_S1_001cc5e4-71a3-8e4c-507c-d39178b49be8_9279-1_0,Serial laboratory testing indicates that Respiratory rate levels have consistently increased over the patient's past 3 recorded outpatient encounters.,CONTRADICTED,HOLD,relation_extraction
B_RULE_FROZEN,S1,LANE_B_S1_001cc5e4-71a3-8e4c-507c-d39178b49be8_9279-1_4,Review of consecutive diagnostic workups demonstrates a steady upward progression in Respiratory rate across the prior three visits.,SUPPORTED,HOLD,relation_extraction
B_RULE_FROZEN,S1,LANE_B_S1_001cc5e4-71a3-8e4c-507c-d39178b49be8_9279-1_4,Review of consecutive diagnostic workups demonstrates a steady decline in Respiratory rate across the prior three visits.,CONTRADICTED,HOLD,relation_extraction
B_RULE_FROZEN,S1,LANE_B_S1_001cc5e4-71a3-8e4c-507c-d39178b49be8_9279-1_6,Review of consecutive diagnostic workups demonstrates a steady decline in Respiratory rate across the prior three visits.,SUPPORTED,HOLD,relation_extraction
B_RULE_FROZEN,S1,LANE_B_S1_001cc5e4-71a3-8e4c-507c-d39178b49be8_9279-1_6,Review of consecutive diagnostic workups demonstrates a steady upward progression in Respiratory rate across the prior three visits.,CONTRADICTED,HOLD,relation_extraction
B_RULE_FROZEN,S1,LANE_B_S1_00dfeeae-df7c-1fde-17a7-38dd273a68ac_29463-7_2,Review of consecutive diagnostic workups demonstrates a steady decline in Body Weight across the prior three visits.,SUPPORTED,HOLD,relation_extraction
B_RULE_FROZEN,S1,LANE_B_S1_00dfeeae-df7c-1fde-17a7-38dd273a68ac_29463-7_2,Review of consecutive diagnostic workups demonstrates a steady upward progression in Body Weight across the prior three visits.,CONTRADICTED,HOLD,relation_extraction
B_RULE_FROZEN,S1,LANE_B_S1_00dfeeae-df7c-1fde-17a7-38dd273a68ac_39156-5_2,Serial laboratory testing indicates that Body mass index (BMI) levels have consistently decreased over the patient's past 3 recorded outpatient encounters.,SUPPORTED,HOLD,relation_extraction
B_RULE_FROZEN,S1,LANE_B_S1_00dfeeae-df7c-1fde-17a7-38dd273a68ac_39156-5_2,Serial laboratory testing indicates that Body mass index (BMI) levels have consistently increased over the patient's past 3 recorded outpatient encounters.,CONTRADICTED,HOLD,relation_extraction
B_RULE_FROZEN,S1,LANE_B_S1_00dfeeae-df7c-1fde-17a7-38dd273a68ac_8867-4_1,Review of consecutive diagnostic workups demonstrates a steady upward progression in Heart rate across the prior three visits.,SUPPORTED,HOLD,relation_extraction
B_RULE_FROZEN,S1,LANE_B_S1_00dfeeae-df7c-1fde-17a7-38dd273a68ac_8867-4_1,Review of consecutive diagnostic workups demonstrates a steady decline in Heart rate across the prior three visits.,CONTRADICTED,HOLD,relation_extraction
B_RULE_FROZEN,S1,LANE_B_S1_01825543-3bbe-c8e1-ef7b-11dbef2d030f_20565-8_1,"Review of consecutive diagnostic workups demonstrates a steady upward progression in Carbon dioxide, total across the prior three visits.",SUPPORTED,HOLD,concept_extraction
B_RULE_FROZEN,S1,LANE_B_S1_01825543-3bbe-c8e1-ef7b-11dbef2d030f_20565-8_1,"Review of consecutive diagnostic workups demonstrates a steady decline in Carbon dioxide, total across the prior three visits.",CONTRADICTED,HOLD,concept_extraction
B_RULE_FROZEN,S1,LANE_B_S1_01825543-3bbe-c8e1-ef7b-11dbef2d030f_2069-3_1,Review of consecutive diagnostic workups demonstrates a steady upward progression in Chloride across the prior three visits.,SUPPORTED,HOLD,relation_extraction
B_RULE_FROZEN,S1,LANE_B_S1_01825543-3bbe-c8e1-ef7b-11dbef2d030f_2069-3_1,Review of consecutive diagnostic workups demonstrates a steady decline in Chloride across the prior three visits.,CONTRADICTED,HOLD,relation_extraction
B_RULE_FROZEN,S1,LANE_B_S1_01825543-3bbe-c8e1-ef7b-11dbef2d030f_39156-5_1,Review of consecutive diagnostic workups demonstrates a steady upward progression in Body mass index (BMI) across the prior three visits.,SUPPORTED,HOLD,relation_extraction
B_RULE_FROZEN,S1,LANE_B_S1_01825543-3bbe-c8e1-ef7b-11dbef2d030f_39156-5_1,Review of consecutive diagnostic workups demonstrates a steady decline in Body mass index (BMI) across the prior three visits.,CONTRADICTED,HOLD,relation_extraction
B_RULE_FROZEN,S1,LANE_B_S1_01825543-3bbe-c8e1-ef7b-11dbef2d030f_6298-4_0,Serial laboratory testing indicates that Potassium levels have consistently increased over the patient's past 3 recorded outpatient encounters.,SUPPORTED,HOLD,relation_extraction
B_RULE_FROZEN,S1,LANE_B_S1_01825543-3bbe-c8e1-ef7b-11dbef2d030f_6298-4_0,Serial laboratory testing indicates that Potassium levels have consistently decreased over the patient's past 3 recorded outpatient encounters.,CONTRADICTED,HOLD,relation_extraction
B_RULE_FROZEN,S1,LANE_B_S1_01825543-3bbe-c8e1-ef7b-11dbef2d030f_6298-4_1,Review of consecutive diagnostic workups demonstrates a steady upward progression in Potassium across the prior three visits.,SUPPORTED,HOLD,relation_extraction
B_RULE_FROZEN,S1,LANE_B_S1_01825543-3bbe-c8e1-ef7b-11dbef2d030f_6298-4_1,Review of consecutive diagnostic workups demonstrates a steady decline in Potassium across the prior three visits.,CONTRADICTED,HOLD,relation_extraction
B_RULE_FROZEN,S1,LANE_B_S1_01b6fa9a-2f6b-ac2b-1245-f6a0482a4070_39156-5_2,Review of consecutive diagnostic workups demonstrates a steady decline in Body mass index (BMI) across the prior three visits.,SUPPORTED,HOLD,relation_extraction
B_RULE_FROZEN,S1,LANE_B_S1_01b6fa9a-2f6b-ac2b-1245-f6a0482a4070_39156-5_2,Review of consecutive diagnostic workups demonstrates a steady upward progression in Body mass index (BMI) across the prior three visits.,CONTRADICTED,HOLD,relation_extraction
B_RULE_FROZEN,S1,LANE_B_S1_01b6fa9a-2f6b-ac2b-1245-f6a0482a4070_72514-3_1,Review of consecutive diagnostic workups demonstrates a steady decline in Pain severity - 0-10 verbal numeric rating across the prior three visits.,SUPPORTED,HOLD,relation_extraction
B_RULE_FROZEN,S1,LANE_B_S1_01b6fa9a-2f6b-ac2b-1245-f6a0482a4070_72514-3_1,Review of consecutive diagnostic workups demonstrates a steady upward progression in Pain severity - 0-10 verbal numeric rating across the prior three visits.,CONTRADICTED,HOLD,relation_extraction
B_RULE_FROZEN,S1,LANE_B_S1_01b6fa9a-2f6b-ac2b-1245-f6a0482a4070_72514-3_4,Serial laboratory testing indicates that Pain severity - 0-10 verbal numeric rating levels have consistently increased over the patient's past 3 recorded outpatient encounters.,SUPPORTED,HOLD,relation_extraction
B_RULE_FROZEN,S1,LANE_B_S1_01b6fa9a-2f6b-ac2b-1245-f6a0482a4070_72514-3_4,Serial laboratory testing indicates that Pain severity - 0-10 verbal numeric rating levels have consistently decreased over the patient's past 3 recorded outpatient encounters.,CONTRADICTED,HOLD,relation_extraction
B_RULE_FROZEN,S1,LANE_B_S1_01b6fa9a-2f6b-ac2b-1245-f6a0482a4070_82667-7_0,Serial laboratory testing indicates that Total score levels have consistently increased over the patient's past 3 recorded outpatient encounters.,SUPPORTED,HOLD,relation_extraction
B_RULE_FROZEN,S1,LANE_B_S1_01b6fa9a-2f6b-ac2b-1245-f6a0482a4070_82667-7_0,Serial laboratory testing indicates that Total score levels have consistently decreased over the patient's past 3 recorded outpatient encounters.,CONTRADICTED,HOLD,relation_extraction
B_RULE_FROZEN,S1,LANE_B_S1_01b6fa9a-2f6b-ac2b-1245-f6a0482a4070_8867-4_1,Review of consecutive diagnostic workups demonstrates a steady upward progression in Heart rate across the prior three visits.,SUPPORTED,HOLD,relation_extraction
B_RULE_FROZEN,S1,LANE_B_S1_01b6fa9a-2f6b-ac2b-1245-f6a0482a4070_8867-4_1,Review of consecutive diagnostic workups demonstrates a steady decline in Heart rate across the prior three visits.,CONTRADICTED,HOLD,relation_extraction
B_RULE_FROZEN,S1,LANE_B_S1_01c207bf-a773-74e6-1dae-232d34fceee6_10230-1_0,Review of consecutive diagnostic workups demonstrates a steady upward progression in Left ventricular Ejection fraction across the prior three visits.,SUPPORTED,HOLD,concept_extraction
B_RULE_FROZEN,S1,LANE_B_S1_01c207bf-a773-74e6-1dae-232d34fceee6_10230-1_0,Review of consecutive diagnostic workups demonstrates a steady decline in Left ventricular Ejection fraction across the prior three visits.,CONTRADICTED,HOLD,concept_extraction
B_RULE_FROZEN,S1,LANE_B_S1_01c207bf-a773-74e6-1dae-232d34fceee6_10230-1_4,Review of consecutive diagnostic workups demonstrates a steady decline in Left ventricular Ejection fraction across the prior three visits.,SUPPORTED,HOLD,concept_extraction
B_RULE_FROZEN,S1,LANE_B_S1_01c207bf-a773-74e6-1dae-232d34fceee6_10230-1_4,Review of consecutive diagnostic workups demonstrates a steady upward progression in Left ventricular Ejection fraction across the prior three visits.,CONTRADICTED,HOLD,concept_extraction
B_RULE_FROZEN,S1,LANE_B_S1_01c207bf-a773-74e6-1dae-232d34fceee6_1742-6_2,Review of consecutive diagnostic workups demonstrates a steady decline in Alanine aminotransferase across the prior three visits.,SUPPORTED,HOLD,relation_extraction
B_RULE_FROZEN,S1,LANE_B_S1_01c207bf-a773-74e6-1dae-232d34fceee6_1742-6_2,Review of consecutive diagnostic workups demonstrates a steady upward progression in Alanine aminotransferase across the prior three visits.,CONTRADICTED,HOLD,relation_extraction
B_RULE_FROZEN,S1,LANE_B_S1_01c207bf-a773-74e6-1dae-232d34fceee6_1742-6_5,Review of consecutive diagnostic workups demonstrates a steady upward progression in Alanine aminotransferase across the prior three visits.,SUPPORTED,HOLD,relation_extraction
B_RULE_FROZEN,S1,LANE_B_S1_01c207bf-a773-74e6-1dae-232d34fceee6_1742-6_5,Review of consecutive diagnostic workups demonstrates a steady decline in Alanine aminotransferase across the prior three visits.,CONTRADICTED,HOLD,relation_extraction
B_RULE_FROZEN,S1,LANE_B_S1_01c207bf-a773-74e6-1dae-232d34fceee6_1751-7_1,Serial laboratory testing indicates that Albumin levels have consistently increased over the patient's past 3 recorded outpatient encounters.,SUPPORTED,HOLD,relation_extraction
B_RULE_FROZEN,S1,LANE_B_S1_01c207bf-a773-74e6-1dae-232d34fceee6_1751-7_1,Serial laboratory testing indicates that Albumin levels have consistently decreased over the patient's past 3 recorded outpatient encounters.,CONTRADICTED,HOLD,relation_extraction
B_RULE_FROZEN,S1,LANE_B_S1_01c207bf-a773-74e6-1dae-232d34fceee6_1751-7_3,Serial laboratory testing indicates that Albumin levels have consistently decreased over the patient's past 3 recorded outpatient encounters.,SUPPORTED,HOLD,relation_extraction
B_RULE_FROZEN,S1,LANE_B_S1_01c207bf-a773-74e6-1dae-232d34fceee6_1751-7_3,Serial laboratory testing indicates that Albumin levels have consistently increased over the patient's past 3 recorded outpatient encounters.,CONTRADICTED,HOLD,relation_extraction
B_RULE_FROZEN,S1,LANE_B_S1_01c207bf-a773-74e6-1dae-232d34fceee6_1751-7_4,Review of consecutive diagnostic workups demonstrates a steady decline in Albumin across the prior three visits.,SUPPORTED,HOLD,relation_extraction
B_RULE_FROZEN,S1,LANE_B_S1_01c207bf-a773-74e6-1dae-232d34fceee6_1751-7_4,Review of consecutive diagnostic workups demonstrates a steady upward progression in Albumin across the prior three visits.,CONTRADICTED,HOLD,relation_extraction
B_RULE_FROZEN,S1,LANE_B_S1_01c207bf-a773-74e6-1dae-232d34fceee6_18262-6_12,Serial laboratory testing indicates that Cholesterol in LDL levels have consistently decreased over the patient's past 3 recorded outpatient encounters.,SUPPORTED,HOLD,relation_extraction
B_RULE_FROZEN,S1,LANE_B_S1_01c207bf-a773-74e6-1dae-232d34fceee6_18262-6_12,Serial laboratory testing indicates that Cholesterol in LDL levels have consistently increased over the patient's past 3 recorded outpatient encounters.,CONTRADICTED,HOLD,relation_extraction
B_RULE_FROZEN,S1,LANE_B_S1_01c207bf-a773-74e6-1dae-232d34fceee6_19123-9_0,Serial laboratory testing indicates that Magnesium levels have consistently decreased over the patient's past 3 recorded outpatient encounters.,SUPPORTED,HOLD,relation_extraction
B_RULE_FROZEN,S1,LANE_B_S1_01c207bf-a773-74e6-1dae-232d34fceee6_19123-9_0,Serial laboratory testing indicates that Magnesium levels have consistently increased over the patient's past 3 recorded outpatient encounters.,CONTRADICTED,HOLD,relation_extraction
B_RULE_FROZEN,S1,LANE_B_S1_01c207bf-a773-74e6-1dae-232d34fceee6_19123-9_6,Serial laboratory testing indicates that Magnesium levels have consistently increased over the patient's past 3 recorded outpatient encounters.,SUPPORTED,HOLD,relation_extraction
B_RULE_FROZEN,S1,LANE_B_S1_01c207bf-a773-74e6-1dae-232d34fceee6_19123-9_6,Serial laboratory testing indicates that Magnesium levels have consistently decreased over the patient's past 3 recorded outpatient encounters.,CONTRADICTED,HOLD,relation_extraction
B_RULE_FROZEN,S1,LANE_B_S1_01c207bf-a773-74e6-1dae-232d34fceee6_1975-2_5,Serial laboratory testing indicates that Bilirubin.total levels have consistently decreased over the patient's past 3 recorded outpatient encounters.,SUPPORTED,HOLD,relation_extraction
B_RULE_FROZEN,S1,LANE_B_S1_01c207bf-a773-74e6-1dae-232d34fceee6_1975-2_5,Serial laboratory testing indicates that Bilirubin.total levels have consistently increased over the patient's past 3 recorded outpatient encounters.,CONTRADICTED,HOLD,relation_extraction
B_RULE_FROZEN,S1,LANE_B_S1_01c207bf-a773-74e6-1dae-232d34fceee6_20565-8_2,"Serial laboratory testing indicates that Carbon dioxide, total levels have consistently decreased over the patient's past 3 recorded outpatient encounters.",SUPPORTED,HOLD,concept_extraction
B_RULE_FROZEN,S1,LANE_B_S1_01c207bf-a773-74e6-1dae-232d34fceee6_20565-8_2,"Serial laboratory testing indicates that Carbon dioxide, total levels have consistently increased over the patient's past 3 recorded outpatient encounters.",CONTRADICTED,HOLD,concept_extraction
B_RULE_FROZEN,S1,LANE_B_S1_01c207bf-a773-74e6-1dae-232d34fceee6_20565-8_7,"Review of consecutive diagnostic workups demonstrates a steady decline in Carbon dioxide, total across the prior three visits.",SUPPORTED,HOLD,concept_extraction
B_RULE_FROZEN,S1,LANE_B_S1_01c207bf-a773-74e6-1dae-232d34fceee6_20565-8_7,"Review of consecutive diagnostic workups demonstrates a steady upward progression in Carbon dioxide, total across the prior three visits.",CONTRADICTED,HOLD,concept_extraction
B_RULE_FROZEN,S1,LANE_B_S1_01c207bf-a773-74e6-1dae-232d34fceee6_2069-3_0,Serial laboratory testing indicates that Chloride levels have consistently increased over the patient's past 3 recorded outpatient encounters.,SUPPORTED,HOLD,relation_extraction
B_RULE_FROZEN,S1,LANE_B_S1_01c207bf-a773-74e6-1dae-232d34fceee6_2069-3_0,Serial laboratory testing indicates that Chloride levels have consistently decreased over the patient's past 3 recorded outpatient encounters.,CONTRADICTED,HOLD,relation_extraction
B_RULE_FROZEN,S1,LANE_B_S1_01c207bf-a773-74e6-1dae-232d34fceee6_2069-3_4,Review of consecutive diagnostic workups demonstrates a steady upward progression in Chloride across the prior three visits.,SUPPORTED,HOLD,relation_extraction
B_RULE_FROZEN,S1,LANE_B_S1_01c207bf-a773-74e6-1dae-232d34fceee6_2069-3_4,Review of consecutive diagnostic workups demonstrates a steady decline in Chloride across the prior three visits.,CONTRADICTED,HOLD,relation_extraction
B_RULE_FROZEN,S1,LANE_B_S1_01c207bf-a773-74e6-1dae-232d34fceee6_2069-3_9,Serial laboratory testing indicates that Chloride levels have consistently increased over the patient's past 3 recorded outpatient encounters.,SUPPORTED,HOLD,relation_extraction
B_RULE_FROZEN,S1,LANE_B_S1_01c207bf-a773-74e6-1dae-232d34fceee6_2069-3_9,Serial laboratory testing indicates that Chloride levels have consistently decreased over the patient's past 3 recorded outpatient encounters.,CONTRADICTED,HOLD,relation_extraction
B_RULE_FROZEN,S1,LANE_B_S1_01c207bf-a773-74e6-1dae-232d34fceee6_2085-9_2,Review of consecutive diagnostic workups demonstrates a steady upward progression in Cholesterol in HDL across the prior three visits.,SUPPORTED,HOLD,relation_extraction
B_RULE_FROZEN,S1,LANE_B_S1_01c207bf-a773-74e6-1dae-232d34fceee6_2085-9_2,Review of consecutive diagnostic workups demonstrates a steady decline in Cholesterol in HDL across the prior three visits.,CONTRADICTED,HOLD,relation_extraction
B_RULE_FROZEN,S1,LANE_B_S1_01c207bf-a773-74e6-1dae-232d34fceee6_2093-3_8,Serial laboratory testing indicates that Cholesterol levels have consistently decreased over the patient's past 3 recorded outpatient encounters.,SUPPORTED,HOLD,relation_extraction
B_RULE_FROZEN,S1,LANE_B_S1_01c207bf-a773-74e6-1dae-232d34fceee6_2093-3_8,Serial laboratory testing indicates that Cholesterol levels have consistently increased over the patient's past 3 recorded outpatient encounters.,CONTRADICTED,HOLD,relation_extraction
B_RULE_FROZEN,S1,LANE_B_S1_01c207bf-a773-74e6-1dae-232d34fceee6_2093-3_11,Serial laboratory testing indicates that Cholesterol levels have consistently decreased over the patient's past 3 recorded outpatient encounters.,SUPPORTED,HOLD,relation_extraction
B_RULE_FROZEN,S1,LANE_B_S1_01c207bf-a773-74e6-1dae-232d34fceee6_2093-3_11,Serial laboratory testing indicates that Cholesterol levels have consistently increased over the patient's past 3 recorded outpatient encounters.,CONTRADICTED,HOLD,relation_extraction
B_RULE_FROZEN,S1,LANE_B_S1_01c207bf-a773-74e6-1dae-232d34fceee6_2093-3_12,Review of consecutive diagnostic workups demonstrates a steady decline in Cholesterol across the prior three visits.,SUPPORTED,HOLD,relation_extraction
B_RULE_FROZEN,S1,LANE_B_S1_01c207bf-a773-74e6-1dae-232d34fceee6_2093-3_12,Review of consecutive diagnostic workups demonstrates a steady upward progression in Cholesterol across the prior three visits.,CONTRADICTED,HOLD,relation_extraction
B_RULE_FROZEN,S1,LANE_B_S1_01c207bf-a773-74e6-1dae-232d34fceee6_2276-4_0,Review of consecutive diagnostic workups demonstrates a steady decline in Ferritin across the prior three visits.,SUPPORTED,HOLD,relation_extraction
B_RULE_FROZEN,S1,LANE_B_S1_01c207bf-a773-74e6-1dae-232d34fceee6_2276-4_0,Review of consecutive diagnostic workups demonstrates a steady upward progression in Ferritin across the prior three visits.,CONTRADICTED,HOLD,relation_extraction
B_RULE_FROZEN,S1,LANE_B_S1_01c207bf-a773-74e6-1dae-232d34fceee6_2339-0_0,Review of consecutive diagnostic workups demonstrates a steady upward progression in Glucose across the prior three visits.,SUPPORTED,HOLD,relation_extraction
B_RULE_FROZEN,S1,LANE_B_S1_01c207bf-a773-74e6-1dae-232d34fceee6_2339-0_0,Review of consecutive diagnostic workups demonstrates a steady decline in Glucose across the prior three visits.,CONTRADICTED,HOLD,relation_extraction
B_RULE_FROZEN,S1,LANE_B_S1_01c207bf-a773-74e6-1dae-232d34fceee6_2339-0_4,Review of consecutive diagnostic workups demonstrates a steady upward progression in Glucose across the prior three visits.,SUPPORTED,HOLD,relation_extraction
B_RULE_FROZEN,S1,LANE_B_S1_01c207bf-a773-74e6-1dae-232d34fceee6_2339-0_4,Review of consecutive diagnostic workups demonstrates a steady decline in Glucose across the prior three visits.,CONTRADICTED,HOLD,relation_extraction
B_RULE_FROZEN,S1,LANE_B_S1_01c207bf-a773-74e6-1dae-232d34fceee6_2339-0_7,Serial laboratory testing indicates that Glucose levels have consistently decreased over the patient's past 3 recorded outpatient encounters.,SUPPORTED,HOLD,relation_extraction
B_RULE_FROZEN,S1,LANE_B_S1_01c207bf-a773-74e6-1dae-232d34fceee6_2339-0_7,Serial laboratory testing indicates that Glucose levels have consistently increased over the patient's past 3 recorded outpatient encounters.,CONTRADICTED,HOLD,relation_extraction
B_RULE_FROZEN,S1,LANE_B_S1_01c207bf-a773-74e6-1dae-232d34fceee6_2339-0_8,Serial laboratory testing indicates that Glucose levels have consistently decreased over the patient's past 3 recorded outpatient encounters.,SUPPORTED,HOLD,relation_extraction
B_RULE_FROZEN,S1,LANE_B_S1_01c207bf-a773-74e6-1dae-232d34fceee6_2339-0_8,Serial laboratory testing indicates that Glucose levels have consistently increased over the patient's past 3 recorded outpatient encounters.,CONTRADICTED,HOLD,relation_extraction
B_RULE_FROZEN,S1,LANE_B_S1_01c207bf-a773-74e6-1dae-232d34fceee6_2498-4_6,Review of consecutive diagnostic workups demonstrates a steady decline in Iron across the prior three visits.,SUPPORTED,HOLD,relation_extraction
B_RULE_FROZEN,S1,LANE_B_S1_01c207bf-a773-74e6-1dae-232d34fceee6_2498-4_6,Review of consecutive diagnostic workups demonstrates a steady upward progression in Iron across the prior three visits.,CONTRADICTED,HOLD,relation_extraction
B_RULE_FROZEN,S1,LANE_B_S1_01c207bf-a773-74e6-1dae-232d34fceee6_2500-7_1,Review of consecutive diagnostic workups demonstrates a steady upward progression in Iron binding capacity across the prior three visits.,SUPPORTED,HOLD,relation_extraction
B_RULE_FROZEN,S1,LANE_B_S1_01c207bf-a773-74e6-1dae-232d34fceee6_2500-7_1,Review of consecutive diagnostic workups demonstrates a steady decline in Iron binding capacity across the prior three visits.,CONTRADICTED,HOLD,relation_extraction
B_RULE_FROZEN,S1,LANE_B_S1_01c207bf-a773-74e6-1dae-232d34fceee6_2500-7_6,Review of consecutive diagnostic workups demonstrates a steady upward progression in Iron binding capacity across the prior three visits.,SUPPORTED,HOLD,relation_extraction
B_RULE_FROZEN,S1,LANE_B_S1_01c207bf-a773-74e6-1dae-232d34fceee6_2500-7_6,Review of consecutive diagnostic workups demonstrates a steady decline in Iron binding capacity across the prior three visits.,CONTRADICTED,HOLD,relation_extraction
B_RULE_FROZEN,S1,LANE_B_S1_01c207bf-a773-74e6-1dae-232d34fceee6_2502-3_1,Review of consecutive diagnostic workups demonstrates a steady decline in Iron saturation across the prior three visits.,SUPPORTED,HOLD,relation_extraction
B_RULE_FROZEN,S1,LANE_B_S1_01c207bf-a773-74e6-1dae-232d34fceee6_2502-3_1,Review of consecutive diagnostic workups demonstrates a steady upward progression in Iron saturation across the prior three visits.,CONTRADICTED,HOLD,relation_extraction
B_RULE_FROZEN,S1,LANE_B_S1_01c207bf-a773-74e6-1dae-232d34fceee6_2571-8_2,Serial laboratory testing indicates that Triglyceride levels have consistently increased over the patient's past 3 recorded outpatient encounters.,SUPPORTED,HOLD,relation_extraction
B_RULE_FROZEN,S1,LANE_B_S1_01c207bf-a773-74e6-1dae-232d34fceee6_2571-8_2,Serial laboratory testing indicates that Triglyceride levels have consistently decreased over the patient's past 3 recorded outpatient encounters.,CONTRADICTED,HOLD,relation_extraction
B_RULE_FROZEN,S2,LANE_B_S2_001cc5e4-71a3-8e4c-507c-d39178b49be8_2,Longitudinal documentation establishes that General examination of patient (procedure) chronologically antedated Cholesterol in HDL.,SUPPORTED,HOLD,concept_extraction
B_RULE_FROZEN,S2,LANE_B_S2_001cc5e4-71a3-8e4c-507c-d39178b49be8_15,"In the patient's care sequence, Protocol for Responding to and Assessing Patients' Assets, Risks, and Experiences is registered as preceding Tobacco smoking status.",CONTRADICTED,HOLD,concept_extraction
B_RULE_FROZEN,S2,LANE_B_S2_001cc5e4-71a3-8e4c-507c-d39178b49be8_16,"In the patient's care sequence, Protocol for Responding to and Assessing Patients' Assets, Risks, and Experiences is registered as preceding Total score.",SUPPORTED,HOLD,concept_extraction
B_RULE_FROZEN,S2,LANE_B_S2_001cc5e4-71a3-8e4c-507c-d39178b49be8_17,"In the patient's care sequence, Patient Health Questionnaire 2 item (PHQ-2) total score is registered as preceding Total score.",CONTRADICTED,HOLD,concept_extraction
B_RULE_FROZEN,S2,LANE_B_S2_001cc5e4-71a3-8e4c-507c-d39178b49be8_18,"In the patient's care sequence, Patient Health Questionnaire 2 item (PHQ-2) total score is registered as preceding Total score.",SUPPORTED,HOLD,concept_extraction
B_RULE_FROZEN,S2,LANE_B_S2_001cc5e4-71a3-8e4c-507c-d39178b49be8_19,Longitudinal documentation establishes that Encounter for check up (procedure) chronologically antedated Total score.,CONTRADICTED,HOLD,concept_extraction
B_RULE_FROZEN,S2,LANE_B_S2_001cc5e4-71a3-8e4c-507c-d39178b49be8_20,"In the patient's care sequence, Encounter for check up (procedure) is registered as preceding General examination of patient (procedure).",SUPPORTED,HOLD,concept_extraction
B_RULE_FROZEN,S2,LANE_B_S2_001cc5e4-71a3-8e4c-507c-d39178b49be8_29,"Clinical records verify that Protocol for Responding to and Assessing Patients' Assets, Risks, and Experiences was documented in the aftermath of Body Weight.",SUPPORTED,HOLD,concept_extraction
B_RULE_FROZEN,S2,LANE_B_S2_001cc5e4-71a3-8e4c-507c-d39178b49be8_29,"Clinical records verify that Protocol for Responding to and Assessing Patients' Assets, Risks, and Experiences was documented ahead of Body Weight.",CONTRADICTED,HOLD,concept_extraction
B_RULE_FROZEN,S2,LANE_B_S2_001cc5e4-71a3-8e4c-507c-d39178b49be8_30,"In the patient's care sequence, Protocol for Responding to and Assessing Patients' Assets, Risks, and Experiences is registered as preceding Total score.",SUPPORTED,HOLD,concept_extraction
B_RULE_FROZEN,S2,LANE_B_S2_001cc5e4-71a3-8e4c-507c-d39178b49be8_31,Clinical records verify that Patient Health Questionnaire 2 item (PHQ-2) total score was documented in the aftermath of Total score.,SUPPORTED,HOLD,concept_extraction
B_RULE_FROZEN,S2,LANE_B_S2_001cc5e4-71a3-8e4c-507c-d39178b49be8_31,Clinical records verify that Patient Health Questionnaire 2 item (PHQ-2) total score was documented ahead of Total score.,CONTRADICTED,HOLD,concept_extraction
B_RULE_FROZEN,S2,LANE_B_S2_001cc5e4-71a3-8e4c-507c-d39178b49be8_32,"In the patient's care sequence, Patient Health Questionnaire 2 item (PHQ-2) total score is registered as preceding Hemoglobin.",SUPPORTED,HOLD,concept_extraction
B_RULE_FROZEN,S2,LANE_B_S2_001cc5e4-71a3-8e4c-507c-d39178b49be8_52,"Clinical records verify that Pain severity - 0-10 verbal numeric rating was documented ahead of Protocol for Responding to and Assessing Patients' Assets, Risks, and Experiences.",SUPPORTED,HOLD,concept_extraction
B_RULE_FROZEN,S2,LANE_B_S2_001cc5e4-71a3-8e4c-507c-d39178b49be8_52,"Clinical records verify that Pain severity - 0-10 verbal numeric rating was documented in the aftermath of Protocol for Responding to and Assessing Patients' Assets, Risks, and Experiences.",CONTRADICTED,HOLD,concept_extraction
B_RULE_FROZEN,S2,LANE_B_S2_001cc5e4-71a3-8e4c-507c-d39178b49be8_54,Longitudinal documentation establishes that Total score chronologically antedated Patient Health Questionnaire 2 item (PHQ-2) total score.,SUPPORTED,HOLD,concept_extraction
B_RULE_FROZEN,S2,LANE_B_S2_001cc5e4-71a3-8e4c-507c-d39178b49be8_71,"Longitudinal documentation establishes that Patient Health Questionnaire 2 item (PHQ-2) total score chronologically antedated Protocol for Responding to and Assessing Patients' Assets, Risks, and Experiences.",CONTRADICTED,HOLD,concept_extraction
B_RULE_FROZEN,S2,LANE_B_S2_001cc5e4-71a3-8e4c-507c-d39178b49be8_72,"In the patient's care sequence, Patient Health Questionnaire 2 item (PHQ-2) total score is registered as preceding Encounter for check up (procedure).",SUPPORTED,HOLD,concept_extraction
B_RULE_FROZEN,S2,LANE_B_S2_001cc5e4-71a3-8e4c-507c-d39178b49be8_73,Clinical records verify that Encounter for symptom (procedure) was documented in the aftermath of Encounter for check up (procedure).,SUPPORTED,HOLD,concept_extraction
B_RULE_FROZEN,S2,LANE_B_S2_001cc5e4-71a3-8e4c-507c-d39178b49be8_73,Clinical records verify that Encounter for symptom (procedure) was documented ahead of Encounter for check up (procedure).,CONTRADICTED,HOLD,concept_extraction
B_RULE_FROZEN,S2,LANE_B_S2_001cc5e4-71a3-8e4c-507c-d39178b49be8_75,Longitudinal documentation establishes that Blood pressure panel with all children optional chronologically antedated Body temperature.,CONTRADICTED,HOLD,concept_extraction
B_RULE_FROZEN,S2,LANE_B_S2_001cc5e4-71a3-8e4c-507c-d39178b49be8_84,"Clinical records verify that General examination of patient (procedure) was documented ahead of Protocol for Responding to and Assessing Patients' Assets, Risks, and Experiences.",SUPPORTED,HOLD,concept_extraction
B_RULE_FROZEN,S2,LANE_B_S2_001cc5e4-71a3-8e4c-507c-d39178b49be8_84,"Clinical records verify that General examination of patient (procedure) was documented in the aftermath of Protocol for Responding to and Assessing Patients' Assets, Risks, and Experiences.",CONTRADICTED,HOLD,concept_extraction
B_RULE_FROZEN,S2,LANE_B_S2_001cc5e4-71a3-8e4c-507c-d39178b49be8_85,"In the patient's care sequence, Total score is registered as preceding Protocol for Responding to and Assessing Patients' Assets, Risks, and Experiences.",CONTRADICTED,HOLD,concept_extraction
B_RULE_FROZEN,S2,LANE_B_S2_001cc5e4-71a3-8e4c-507c-d39178b49be8_86,"In the patient's care sequence, Total score is registered as preceding Patient Health Questionnaire 2 item (PHQ-2) total score.",SUPPORTED,HOLD,concept_extraction
B_RULE_FROZEN,S2,LANE_B_S2_001cc5e4-71a3-8e4c-507c-d39178b49be8_87,Longitudinal documentation establishes that Total score chronologically antedated Patient Health Questionnaire 2 item (PHQ-2) total score.,CONTRADICTED,HOLD,concept_extraction
B_RULE_FROZEN,S2,LANE_B_S2_001cc5e4-71a3-8e4c-507c-d39178b49be8_88,"In the patient's care sequence, Total score is registered as preceding Encounter for symptom (procedure).",SUPPORTED,HOLD,concept_extraction
B_RULE_FROZEN,S2,LANE_B_S2_001cc5e4-71a3-8e4c-507c-d39178b49be8_104,Clinical records verify that Mucus was documented ahead of ciprofloxacin 500 MG Oral Tablet.,SUPPORTED,HOLD,relation_extraction
B_RULE_FROZEN,S2,LANE_B_S2_001cc5e4-71a3-8e4c-507c-d39178b49be8_104,Clinical records verify that Mucus was documented in the aftermath of ciprofloxacin 500 MG Oral Tablet.,CONTRADICTED,HOLD,relation_extraction
B_RULE_FROZEN,S2,LANE_B_S2_001cc5e4-71a3-8e4c-507c-d39178b49be8_106,Clinical records verify that Encounter for symptom (procedure) was documented ahead of Acetaminophen 325 MG Oral Tablet.,SUPPORTED,HOLD,concept_extraction
B_RULE_FROZEN,S2,LANE_B_S2_001cc5e4-71a3-8e4c-507c-d39178b49be8_106,Clinical records verify that Encounter for symptom (procedure) was documented in the aftermath of Acetaminophen 325 MG Oral Tablet.,CONTRADICTED,HOLD,concept_extraction
B_RULE_FROZEN,S2,LANE_B_S2_001cc5e4-71a3-8e4c-507c-d39178b49be8_107,Clinical records verify that Encounter for check up (procedure) was documented in the aftermath of Acetaminophen 325 MG Oral Tablet.,SUPPORTED,HOLD,concept_extraction
B_RULE_FROZEN,S2,LANE_B_S2_001cc5e4-71a3-8e4c-507c-d39178b49be8_107,Clinical records verify that Encounter for check up (procedure) was documented ahead of Acetaminophen 325 MG Oral Tablet.,CONTRADICTED,HOLD,concept_extraction
B_RULE_FROZEN,S2,LANE_B_S2_001cc5e4-71a3-8e4c-507c-d39178b49be8_108,Longitudinal documentation establishes that Encounter for check up (procedure) chronologically antedated Body mass index (BMI).,SUPPORTED,HOLD,concept_extraction
B_RULE_FROZEN,S2,LANE_B_S2_001cc5e4-71a3-8e4c-507c-d39178b49be8_117,"Longitudinal documentation establishes that Protocol for Responding to and Assessing Patients' Assets, Risks, and Experiences chronologically antedated Body Weight.",CONTRADICTED,HOLD,concept_extraction
B_RULE_FROZEN,S2,LANE_B_S2_001cc5e4-71a3-8e4c-507c-d39178b49be8_118,"Clinical records verify that Protocol for Responding to and Assessing Patients' Assets, Risks, and Experiences was documented ahead of Patient Health Questionnaire 2 item (PHQ-2) total score.",SUPPORTED,HOLD,concept_extraction
B_RULE_FROZEN,S2,LANE_B_S2_001cc5e4-71a3-8e4c-507c-d39178b49be8_118,"Clinical records verify that Protocol for Responding to and Assessing Patients' Assets, Risks, and Experiences was documented in the aftermath of Patient Health Questionnaire 2 item (PHQ-2) total score.",CONTRADICTED,HOLD,concept_extraction
B_RULE_FROZEN,S2,LANE_B_S2_001cc5e4-71a3-8e4c-507c-d39178b49be8_119,Longitudinal documentation establishes that Total score chronologically antedated Patient Health Questionnaire 2 item (PHQ-2) total score.,CONTRADICTED,HOLD,concept_extraction
B_RULE_FROZEN,S2,LANE_B_S2_001cc5e4-71a3-8e4c-507c-d39178b49be8_120,Longitudinal documentation establishes that Total score chronologically antedated Encounter for symptom (procedure).,SUPPORTED,HOLD,concept_extraction
B_RULE_FROZEN,S2,LANE_B_S2_001cc5e4-71a3-8e4c-507c-d39178b49be8_121,"In the patient's care sequence, Cholesterol in HDL is registered as preceding Encounter for symptom (procedure).",CONTRADICTED,HOLD,concept_extraction
B_RULE_FROZEN,S2,LANE_B_S2_001cc5e4-71a3-8e4c-507c-d39178b49be8_136,"Clinical records verify that lisinopril 10 MG Oral Tablet was documented ahead of Protocol for Responding to and Assessing Patients' Assets, Risks, and Experiences.",SUPPORTED,HOLD,concept_extraction
B_RULE_FROZEN,S2,LANE_B_S2_001cc5e4-71a3-8e4c-507c-d39178b49be8_136,"Clinical records verify that lisinopril 10 MG Oral Tablet was documented in the aftermath of Protocol for Responding to and Assessing Patients' Assets, Risks, and Experiences.",CONTRADICTED,HOLD,concept_extraction
B_RULE_FROZEN,S2,LANE_B_S2_001cc5e4-71a3-8e4c-507c-d39178b49be8_137,"Longitudinal documentation establishes that Total score chronologically antedated Protocol for Responding to and Assessing Patients' Assets, Risks, and Experiences.",CONTRADICTED,HOLD,concept_extraction
B_RULE_FROZEN,S2,LANE_B_S2_001cc5e4-71a3-8e4c-507c-d39178b49be8_139,"In the patient's care sequence, Total score is registered as preceding Patient Health Questionnaire 2 item (PHQ-2) total score.",CONTRADICTED,HOLD,concept_extraction
B_RULE_FROZEN,S2,LANE_B_S2_001cc5e4-71a3-8e4c-507c-d39178b49be8_140,Longitudinal documentation establishes that Total score chronologically antedated Blood pressure panel with all children optional.,SUPPORTED,HOLD,concept_extraction
B_RULE_FROZEN,S2,LANE_B_S2_001cc5e4-71a3-8e4c-507c-d39178b49be8_142,"In the patient's care sequence, Follow-up encounter (procedure) is registered as preceding Blood pressure panel with all children optional.",SUPPORTED,HOLD,concept_extraction
B_RULE_FROZEN,S2,LANE_B_S2_001cc5e4-71a3-8e4c-507c-d39178b49be8_144,Longitudinal documentation establishes that Follow-up encounter (procedure) chronologically antedated Blood pressure panel with all children optional.,SUPPORTED,HOLD,concept_extraction
B_RULE_FROZEN,S2,LANE_B_S2_001cc5e4-71a3-8e4c-507c-d39178b49be8_194,"Clinical records verify that Protocol for Responding to and Assessing Patients' Assets, Risks, and Experiences was documented ahead of Generalized anxiety disorder 7 item (GAD-7) total score.",SUPPORTED,HOLD,concept_extraction
B_RULE_FROZEN,S2,LANE_B_S2_001cc5e4-71a3-8e4c-507c-d39178b49be8_194,"Clinical records verify that Protocol for Responding to and Assessing Patients' Assets, Risks, and Experiences was documented in the aftermath of Generalized anxiety disorder 7 item (GAD-7) total score.",CONTRADICTED,HOLD,concept_extraction
B_RULE_FROZEN,S2,LANE_B_S2_001cc5e4-71a3-8e4c-507c-d39178b49be8_195,Clinical records verify that Patient Health Questionnaire 2 item (PHQ-2) total score was documented in the aftermath of Generalized anxiety disorder 7 item (GAD-7) total score.,SUPPORTED,HOLD,concept_extraction
B_RULE_FROZEN,S2,LANE_B_S2_001cc5e4-71a3-8e4c-507c-d39178b49be8_195,Clinical records verify that Patient Health Questionnaire 2 item (PHQ-2) total score was documented ahead of Generalized anxiety disorder 7 item (GAD-7) total score.,CONTRADICTED,HOLD,concept_extraction
B_RULE_FROZEN,S2,LANE_B_S2_001cc5e4-71a3-8e4c-507c-d39178b49be8_196,"In the patient's care sequence, Patient Health Questionnaire 2 item (PHQ-2) total score is registered as preceding Total score.",SUPPORTED,HOLD,concept_extraction
B_RULE_FROZEN,S2,LANE_B_S2_001cc5e4-71a3-8e4c-507c-d39178b49be8_197,"In the patient's care sequence, Specific gravity of Urine by Test strip is registered as preceding Total score.",CONTRADICTED,HOLD,concept_extraction
B_RULE_FROZEN,S2,LANE_B_S2_001cc5e4-71a3-8e4c-507c-d39178b49be8_234,"Longitudinal documentation establishes that Protocol for Responding to and Assessing Patients' Assets, Risks, and Experiences chronologically antedated Generalized anxiety disorder 7 item (GAD-7) total score.",SUPPORTED,HOLD,concept_extraction
B_RULE_FROZEN,S2,LANE_B_S2_001cc5e4-71a3-8e4c-507c-d39178b49be8_235,"In the patient's care sequence, Patient Health Questionnaire 2 item (PHQ-2) total score is registered as preceding Generalized anxiety disorder 7 item (GAD-7) total score.",CONTRADICTED,HOLD,concept_extraction
B_RULE_FROZEN,S2,LANE_B_S2_001cc5e4-71a3-8e4c-507c-d39178b49be8_237,Clinical records verify that Clarity of Urine was documented in the aftermath of Encounter for check up (procedure).,SUPPORTED,HOLD,concept_extraction
B_RULE_FROZEN,S2,LANE_B_S2_001cc5e4-71a3-8e4c-507c-d39178b49be8_237,Clinical records verify that Clarity of Urine was documented ahead of Encounter for check up (procedure).,CONTRADICTED,HOLD,concept_extraction
B_RULE_FROZEN,S2,LANE_B_S2_001cc5e4-71a3-8e4c-507c-d39178b49be8_273,"In the patient's care sequence, Protocol for Responding to and Assessing Patients' Assets, Risks, and Experiences is registered as preceding Carbon dioxide, total.",CONTRADICTED,HOLD,concept_extraction
B_RULE_FROZEN,S2,LANE_B_S2_001cc5e4-71a3-8e4c-507c-d39178b49be8_274,"Longitudinal documentation establishes that Protocol for Responding to and Assessing Patients' Assets, Risks, and Experiences chronologically antedated Patient Health Questionnaire 2 item (PHQ-2) total score.",SUPPORTED,HOLD,concept_extraction
B_RULE_FROZEN,S2,LANE_B_S2_001cc5e4-71a3-8e4c-507c-d39178b49be8_275,Clinical records verify that Total score was documented in the aftermath of Patient Health Questionnaire 2 item (PHQ-2) total score.,SUPPORTED,HOLD,concept_extraction
B_RULE_FROZEN,S2,LANE_B_S2_001cc5e4-71a3-8e4c-507c-d39178b49be8_275,Clinical records verify that Total score was documented ahead of Patient Health Questionnaire 2 item (PHQ-2) total score.,CONTRADICTED,HOLD,concept_extraction
B_RULE_FROZEN,S2,LANE_B_S2_001cc5e4-71a3-8e4c-507c-d39178b49be8_276,Longitudinal documentation establishes that Total score chronologically antedated Encounter for check up (procedure).,SUPPORTED,HOLD,concept_extraction
B_RULE_FROZEN,S2,LANE_B_S2_001cc5e4-71a3-8e4c-507c-d39178b49be8_277,"In the patient's care sequence, Ketones is registered as preceding Encounter for check up (procedure).",CONTRADICTED,HOLD,concept_extraction
B_RULE_FROZEN,S2,LANE_B_S2_001cc5e4-71a3-8e4c-507c-d39178b49be8_313,"Longitudinal documentation establishes that Protocol for Responding to and Assessing Patients' Assets, Risks, and Experiences chronologically antedated Potassium.",CONTRADICTED,HOLD,concept_extraction
B_RULE_FROZEN,S2,LANE_B_S2_001cc5e4-71a3-8e4c-507c-d39178b49be8_314,"Clinical records verify that Protocol for Responding to and Assessing Patients' Assets, Risks, and Experiences was documented ahead of Patient Health Questionnaire 2 item (PHQ-2) total score.",SUPPORTED,HOLD,concept_extraction
B_RULE_FROZEN,S2,LANE_B_S2_001cc5e4-71a3-8e4c-507c-d39178b49be8_314,"Clinical records verify that Protocol for Responding to and Assessing Patients' Assets, Risks, and Experiences was documented in the aftermath of Patient Health Questionnaire 2 item (PHQ-2) total score.",CONTRADICTED,HOLD,concept_extraction
B_RULE_FROZEN,S2,LANE_B_S2_001cc5e4-71a3-8e4c-507c-d39178b49be8_315,Longitudinal documentation establishes that Total score chronologically antedated Patient Health Questionnaire 2 item (PHQ-2) total score.,CONTRADICTED,HOLD,concept_extraction
B_RULE_FROZEN,S2,LANE_B_S2_001cc5e4-71a3-8e4c-507c-d39178b49be8_353,"Clinical records verify that Protocol for Responding to and Assessing Patients' Assets, Risks, and Experiences was documented in the aftermath of Glucose.",SUPPORTED,HOLD,concept_extraction
B_RULE_FROZEN,S2,LANE_B_S2_001cc5e4-71a3-8e4c-507c-d39178b49be8_353,"Clinical records verify that Protocol for Responding to and Assessing Patients' Assets, Risks, and Experiences was documented ahead of Glucose.",CONTRADICTED,HOLD,concept_extraction
B_RULE_FROZEN,S2,LANE_B_S2_001cc5e4-71a3-8e4c-507c-d39178b49be8_354,"In the patient's care sequence, Protocol for Responding to and Assessing Patients' Assets, Risks, and Experiences is registered as preceding Generalized anxiety disorder 7 item (GAD-7) total score.",SUPPORTED,HOLD,concept_extraction
B_RULE_FROZEN,S2,LANE_B_S2_001cc5e4-71a3-8e4c-507c-d39178b49be8_357,Clinical records verify that Ketones was documented in the aftermath of Total score.,SUPPORTED,HOLD,concept_extraction
B_RULE_FROZEN,S2,LANE_B_S2_001cc5e4-71a3-8e4c-507c-d39178b49be8_357,Clinical records verify that Ketones was documented ahead of Total score.,CONTRADICTED,HOLD,concept_extraction
B_RULE_FROZEN,S2,LANE_B_S2_001cc5e4-71a3-8e4c-507c-d39178b49be8_393,"Clinical records verify that Protocol for Responding to and Assessing Patients' Assets, Risks, and Experiences was documented in the aftermath of Glomerular filtration rate.",SUPPORTED,HOLD,concept_extraction
B_RULE_FROZEN,S2,LANE_B_S2_001cc5e4-71a3-8e4c-507c-d39178b49be8_393,"Clinical records verify that Protocol for Responding to and Assessing Patients' Assets, Risks, and Experiences was documented ahead of Glomerular filtration rate.",CONTRADICTED,HOLD,concept_extraction
B_RULE_FROZEN,S2,LANE_B_S2_001cc5e4-71a3-8e4c-507c-d39178b49be8_395,Clinical records verify that Total score was documented in the aftermath of Generalized anxiety disorder 7 item (GAD-7) total score.,SUPPORTED,HOLD,concept_extraction
B_RULE_FROZEN,S2,LANE_B_S2_001cc5e4-71a3-8e4c-507c-d39178b49be8_395,Clinical records verify that Total score was documented ahead of Generalized anxiety disorder 7 item (GAD-7) total score.,CONTRADICTED,HOLD,concept_extraction
B_RULE_FROZEN,S2,LANE_B_S2_001cc5e4-71a3-8e4c-507c-d39178b49be8_396,"In the patient's care sequence, Total score is registered as preceding Color of Urine.",SUPPORTED,HOLD,concept_extraction
B_RULE_FROZEN,S2,LANE_B_S2_001cc5e4-71a3-8e4c-507c-d39178b49be8_424,Clinical records verify that Sodium was documented ahead of Blood pressure panel with all children optional.,SUPPORTED,HOLD,concept_extraction
B_RULE_FROZEN,S2,LANE_B_S2_001cc5e4-71a3-8e4c-507c-d39178b49be8_424,Clinical records verify that Sodium was documented in the aftermath of Blood pressure panel with all children optional.,CONTRADICTED,HOLD,concept_extraction
B_RULE_FROZEN,S2,LANE_B_S2_00dfeeae-df7c-1fde-17a7-38dd273a68ac_1,Longitudinal documentation establishes that General examination of patient (procedure) chronologically antedated Encounter for symptom (procedure).,CONTRADICTED,HOLD,concept_extraction
B_RULE_FROZEN,S2,LANE_B_S2_00dfeeae-df7c-1fde-17a7-38dd273a68ac_2,"In the patient's care sequence, General examination of patient (procedure) is registered as preceding Emergency room admission (procedure).",SUPPORTED,HOLD,concept_extraction
B_RULE_FROZEN,S2,LANE_B_S2_00dfeeae-df7c-1fde-17a7-38dd273a68ac_3,Longitudinal documentation establishes that Ibuprofen 200 MG Oral Tablet chronologically antedated Emergency room admission (procedure).,CONTRADICTED,HOLD,concept_extraction
B_RULE_FROZEN,S2,LANE_B_S2_00dfeeae-df7c-1fde-17a7-38dd273a68ac_4,Longitudinal documentation establishes that Ibuprofen 200 MG Oral Tablet chronologically antedated Consultation for treatment (procedure).,SUPPORTED,HOLD,concept_extraction
B_RULE_FROZEN,S2,LANE_B_S2_00dfeeae-df7c-1fde-17a7-38dd273a68ac_10,Longitudinal documentation establishes that Acetaminophen 325 MG Oral Tablet chronologically antedated Pain severity - 0-10 verbal numeric rating.,SUPPORTED,HOLD,concept_extraction
B_RULE_FROZEN,S2,LANE_B_S2_00dfeeae-df7c-1fde-17a7-38dd273a68ac_30,"Longitudinal documentation establishes that Platelet chronologically antedated Protocol for Responding to and Assessing Patients' Assets, Risks, and Experiences.",SUPPORTED,HOLD,concept_extraction
B_RULE_FROZEN,S2,LANE_B_S2_00dfeeae-df7c-1fde-17a7-38dd273a68ac_34,Longitudinal documentation establishes that Encounter for check up (procedure) chronologically antedated General examination of patient (procedure).,SUPPORTED,HOLD,concept_extraction
B_RULE_FROZEN,S2,LANE_B_S2_00dfeeae-df7c-1fde-17a7-38dd273a68ac_47,"Longitudinal documentation establishes that Protocol for Responding to and Assessing Patients' Assets, Risks, and Experiences chronologically antedated Body Height.",CONTRADICTED,HOLD,concept_extraction
B_RULE_FROZEN,S2,LANE_B_S2_00dfeeae-df7c-1fde-17a7-38dd273a68ac_48,"Longitudinal documentation establishes that Protocol for Responding to and Assessing Patients' Assets, Risks, and Experiences chronologically antedated Encounter for check up (procedure).",SUPPORTED,HOLD,concept_extraction
B_RULE_FROZEN,S2,LANE_B_S2_00dfeeae-df7c-1fde-17a7-38dd273a68ac_49,"In the patient's care sequence, Consultation for treatment (procedure) is registered as preceding Encounter for check up (procedure).",CONTRADICTED,HOLD,concept_extraction
B_RULE_FROZEN,S2,LANE_B_S2_00dfeeae-df7c-1fde-17a7-38dd273a68ac_57,"In the patient's care sequence, Blood pressure panel with all children optional is registered as preceding Patient encounter procedure (procedure).",CONTRADICTED,HOLD,concept_extraction
B_RULE_FROZEN,S2,LANE_B_S2_00dfeeae-df7c-1fde-17a7-38dd273a68ac_66,"Clinical records verify that Body Height was documented ahead of Protocol for Responding to and Assessing Patients' Assets, Risks, and Experiences.",SUPPORTED,HOLD,concept_extraction
B_RULE_FROZEN,S2,LANE_B_S2_00dfeeae-df7c-1fde-17a7-38dd273a68ac_66,"Clinical records verify that Body Height was documented in the aftermath of Protocol for Responding to and Assessing Patients' Assets, Risks, and Experiences.",CONTRADICTED,HOLD,concept_extraction
B_RULE_FROZEN,S2,LANE_B_S2_00dfeeae-df7c-1fde-17a7-38dd273a68ac_67,"Longitudinal documentation establishes that Generalized anxiety disorder 7 item (GAD-7) total score chronologically antedated Protocol for Responding to and Assessing Patients' Assets, Risks, and Experiences.",CONTRADICTED,HOLD,concept_extraction
B_RULE_FROZEN,S2,LANE_B_S2_00dfeeae-df7c-1fde-17a7-38dd273a68ac_68,Longitudinal documentation establishes that Generalized anxiety disorder 7 item (GAD-7) total score chronologically antedated Patient Health Questionnaire 2 item (PHQ-2) total score.,SUPPORTED,HOLD,concept_extraction
B_RULE_FROZEN,S2,LANE_B_S2_00dfeeae-df7c-1fde-17a7-38dd273a68ac_69,Clinical records verify that Total score was documented in the aftermath of Patient Health Questionnaire 2 item (PHQ-2) total score.,SUPPORTED,HOLD,concept_extraction
B_RULE_FROZEN,S2,LANE_B_S2_00dfeeae-df7c-1fde-17a7-38dd273a68ac_69,Clinical records verify that Total score was documented ahead of Patient Health Questionnaire 2 item (PHQ-2) total score.,CONTRADICTED,HOLD,concept_extraction
B_RULE_FROZEN,S2,LANE_B_S2_00dfeeae-df7c-1fde-17a7-38dd273a68ac_70,Clinical records verify that Total score was documented ahead of Encounter for symptom (procedure).,SUPPORTED,HOLD,concept_extraction
B_RULE_FROZEN,S2,LANE_B_S2_00dfeeae-df7c-1fde-17a7-38dd273a68ac_70,Clinical records verify that Total score was documented in the aftermath of Encounter for symptom (procedure).,CONTRADICTED,HOLD,concept_extraction
B_RULE_FROZEN,S2,LANE_B_S2_00dfeeae-df7c-1fde-17a7-38dd273a68ac_71,"In the patient's care sequence, Acetaminophen 21.7 MG/ML / Dextromethorphan Hydrobromide 1 MG/ML / doxylamine succinate 0.417 MG/ML Oral Solution is registered as preceding Encounter for symptom (procedure).",CONTRADICTED,HOLD,concept_extraction
B_RULE_FROZEN,S2,LANE_B_S2_00dfeeae-df7c-1fde-17a7-38dd273a68ac_73,"In the patient's care sequence, Tobacco smoking status is registered as preceding Patient encounter procedure (procedure).",CONTRADICTED,HOLD,concept_extraction
B_RULE_FROZEN,S2,LANE_B_S2_00dfeeae-df7c-1fde-17a7-38dd273a68ac_82,"In the patient's care sequence, General examination of patient (procedure) is registered as preceding Protocol for Responding to and Assessing Patients' Assets, Risks, and Experiences.",SUPPORTED,HOLD,concept_extraction
B_RULE_FROZEN,S2,LANE_B_S2_00dfeeae-df7c-1fde-17a7-38dd273a68ac_83,"Clinical records verify that Generalized anxiety disorder 7 item (GAD-7) total score was documented in the aftermath of Protocol for Responding to and Assessing Patients' Assets, Risks, and Experiences.",SUPPORTED,HOLD,concept_extraction
B_RULE_FROZEN,S2,LANE_B_S2_00dfeeae-df7c-1fde-17a7-38dd273a68ac_83,"Clinical records verify that Generalized anxiety disorder 7 item (GAD-7) total score was documented ahead of Protocol for Responding to and Assessing Patients' Assets, Risks, and Experiences.",CONTRADICTED,HOLD,concept_extraction
B_RULE_FROZEN,S2,LANE_B_S2_00dfeeae-df7c-1fde-17a7-38dd273a68ac_84,Clinical records verify that Generalized anxiety disorder 7 item (GAD-7) total score was documented ahead of Patient Health Questionnaire 2 item (PHQ-2) total score.,SUPPORTED,HOLD,concept_extraction
B_RULE_FROZEN,S2,LANE_B_S2_00dfeeae-df7c-1fde-17a7-38dd273a68ac_84,Clinical records verify that Generalized anxiety disorder 7 item (GAD-7) total score was documented in the aftermath of Patient Health Questionnaire 2 item (PHQ-2) total score.,CONTRADICTED,HOLD,concept_extraction
B_RULE_FROZEN,S2,LANE_B_S2_00dfeeae-df7c-1fde-17a7-38dd273a68ac_85,"In the patient's care sequence, Encounter for check up (procedure) is registered as preceding Patient Health Questionnaire 2 item (PHQ-2) total score.",CONTRADICTED,HOLD,concept_extraction
B_RULE_FROZEN,S2,LANE_B_S2_00dfeeae-df7c-1fde-17a7-38dd273a68ac_86,"In the patient's care sequence, Encounter for check up (procedure) is registered as preceding Patient encounter procedure (procedure).",SUPPORTED,HOLD,concept_extraction
B_RULE_FROZEN,S2,LANE_B_S2_00dfeeae-df7c-1fde-17a7-38dd273a68ac_87,Longitudinal documentation establishes that Consultation for treatment (procedure) chronologically antedated Patient encounter procedure (procedure).,CONTRADICTED,HOLD,concept_extraction
B_RULE_FROZEN,S2,LANE_B_S2_00dfeeae-df7c-1fde-17a7-38dd273a68ac_88,Clinical records verify that Consultation for treatment (procedure) was documented ahead of Patient encounter procedure (procedure).,SUPPORTED,HOLD,concept_extraction
B_RULE_FROZEN,S2,LANE_B_S2_00dfeeae-df7c-1fde-17a7-38dd273a68ac_88,Clinical records verify that Consultation for treatment (procedure) was documented in the aftermath of Patient encounter procedure (procedure).,CONTRADICTED,HOLD,concept_extraction
B_RULE_FROZEN,S2,LANE_B_S2_00dfeeae-df7c-1fde-17a7-38dd273a68ac_92,Longitudinal documentation establishes that Patient encounter procedure (procedure) chronologically antedated Consultation for treatment (procedure).,SUPPORTED,HOLD,concept_extraction
B_RULE_FROZEN,S2,LANE_B_S2_00dfeeae-df7c-1fde-17a7-38dd273a68ac_94,Longitudinal documentation establishes that {28 (norethindrone 0.35 MG Oral Tablet) } Pack chronologically antedated Patient encounter procedure (procedure).,SUPPORTED,HOLD,concept_extraction
B_RULE_FROZEN,S2,LANE_B_S2_00dfeeae-df7c-1fde-17a7-38dd273a68ac_95,Longitudinal documentation establishes that Emergency room admission (procedure) chronologically antedated Patient encounter procedure (procedure).,CONTRADICTED,HOLD,concept_extraction
B_RULE_FROZEN,S2,LANE_B_S2_00dfeeae-df7c-1fde-17a7-38dd273a68ac_96,Clinical records verify that Emergency room admission (procedure) was documented ahead of Ibuprofen 200 MG Oral Tablet.,SUPPORTED,HOLD,concept_extraction
B_RULE_FROZEN,S2,LANE_B_S2_00dfeeae-df7c-1fde-17a7-38dd273a68ac_96,Clinical records verify that Emergency room admission (procedure) was documented in the aftermath of Ibuprofen 200 MG Oral Tablet.,CONTRADICTED,HOLD,concept_extraction
B_RULE_FROZEN,S2,LANE_B_S2_00dfeeae-df7c-1fde-17a7-38dd273a68ac_97,Longitudinal documentation establishes that Patient encounter procedure (procedure) chronologically antedated Ibuprofen 200 MG Oral Tablet.,CONTRADICTED,HOLD,concept_extraction
B_RULE_FROZEN,S2,LANE_B_S2_00dfeeae-df7c-1fde-17a7-38dd273a68ac_98,Longitudinal documentation establishes that Patient encounter procedure (procedure) chronologically antedated Encounter for symptom (procedure).,SUPPORTED,HOLD,concept_extraction
B_RULE_FROZEN,S2,LANE_B_S2_00dfeeae-df7c-1fde-17a7-38dd273a68ac_100,Clinical records verify that Body temperature was documented ahead of Patient encounter procedure (procedure).,SUPPORTED,HOLD,concept_extraction
B_RULE_FROZEN,S2,LANE_B_S2_00dfeeae-df7c-1fde-17a7-38dd273a68ac_100,Clinical records verify that Body temperature was documented in the aftermath of Patient encounter procedure (procedure).,CONTRADICTED,HOLD,concept_extraction
B_RULE_FROZEN,S2,LANE_B_S2_00dfeeae-df7c-1fde-17a7-38dd273a68ac_101,Longitudinal documentation establishes that Platelet chronologically antedated Patient encounter procedure (procedure).,CONTRADICTED,HOLD,concept_extraction
B_RULE_FROZEN,S2,LANE_B_S2_00dfeeae-df7c-1fde-17a7-38dd273a68ac_127,"In the patient's care sequence, Patient Health Questionnaire 2 item (PHQ-2) total score is registered as preceding Generalized anxiety disorder 7 item (GAD-7) total score.",CONTRADICTED,HOLD,concept_extraction
B_RULE_FROZEN,S2,LANE_B_S2_00dfeeae-df7c-1fde-17a7-38dd273a68ac_128,"In the patient's care sequence, Patient Health Questionnaire 2 item (PHQ-2) total score is registered as preceding Patient encounter procedure (procedure).",SUPPORTED,HOLD,concept_extraction
B_RULE_FROZEN,S2,LANE_B_S2_00dfeeae-df7c-1fde-17a7-38dd273a68ac_136,Longitudinal documentation establishes that Patient encounter procedure (procedure) chronologically antedated Pain severity - 0-10 verbal numeric rating.,SUPPORTED,HOLD,concept_extraction
B_RULE_FROZEN,S2,LANE_B_S2_01825543-3bbe-c8e1-ef7b-11dbef2d030f_0,"In the patient's care sequence, Well child visit (procedure) is registered as preceding Encounter for symptom (procedure).",SUPPORTED,HOLD,concept_extraction
B_RULE_FROZEN,S2,LANE_B_S2_01825543-3bbe-c8e1-ef7b-11dbef2d030f_20,"Longitudinal documentation establishes that Body Weight chronologically antedated Protocol for Responding to and Assessing Patients' Assets, Risks, and Experiences.",SUPPORTED,HOLD,concept_extraction
B_RULE_FROZEN,S2,LANE_B_S2_01825543-3bbe-c8e1-ef7b-11dbef2d030f_21,"Clinical records verify that Total score was documented in the aftermath of Protocol for Responding to and Assessing Patients' Assets, Risks, and Experiences.",SUPPORTED,HOLD,concept_extraction
B_RULE_FROZEN,S2,LANE_B_S2_01825543-3bbe-c8e1-ef7b-11dbef2d030f_21,"Clinical records verify that Total score was documented ahead of Protocol for Responding to and Assessing Patients' Assets, Risks, and Experiences.",CONTRADICTED,HOLD,concept_extraction
B_RULE_FROZEN,S3,LANE_B_S3_001cc5e4-71a3-8e4c-507c-d39178b49be8_17861-6_0,"Compared against baseline measurements from the preceding visit, the patient's current Calcium demonstrates an attenuated reading.",SUPPORTED,HOLD,concept_extraction
B_RULE_FROZEN,S3,LANE_B_S3_001cc5e4-71a3-8e4c-507c-d39178b49be8_17861-6_0,"Compared against baseline measurements from the preceding visit, the patient's current Calcium demonstrates an elevated reading.",CONTRADICTED,HOLD,concept_extraction
B_RULE_FROZEN,S3,LANE_B_S3_001cc5e4-71a3-8e4c-507c-d39178b49be8_17861-6_1,Diagnostic assessment shows that the most recently documented Calcium surpasses the prior encounter's result.,SUPPORTED,HOLD,concept_extraction
B_RULE_FROZEN,S3,LANE_B_S3_001cc5e4-71a3-8e4c-507c-d39178b49be8_17861-6_1,Diagnostic assessment shows that the most recently documented Calcium drops below the prior encounter's result.,CONTRADICTED,HOLD,concept_extraction
B_RULE_FROZEN,S3,LANE_B_S3_001cc5e4-71a3-8e4c-507c-d39178b49be8_17861-6_2,Diagnostic assessment shows that the most recently documented Calcium drops below the prior encounter's result.,SUPPORTED,HOLD,concept_extraction
B_RULE_FROZEN,S3,LANE_B_S3_001cc5e4-71a3-8e4c-507c-d39178b49be8_17861-6_2,Diagnostic assessment shows that the most recently documented Calcium surpasses the prior encounter's result.,CONTRADICTED,HOLD,concept_extraction
B_RULE_FROZEN,S3,LANE_B_S3_001cc5e4-71a3-8e4c-507c-d39178b49be8_17861-6_3,"Compared against baseline measurements from the preceding visit, the patient's current Calcium demonstrates an attenuated reading.",SUPPORTED,HOLD,concept_extraction
B_RULE_FROZEN,S3,LANE_B_S3_001cc5e4-71a3-8e4c-507c-d39178b49be8_17861-6_3,"Compared against baseline measurements from the preceding visit, the patient's current Calcium demonstrates an elevated reading.",CONTRADICTED,HOLD,concept_extraction
B_RULE_FROZEN,S3,LANE_B_S3_001cc5e4-71a3-8e4c-507c-d39178b49be8_17861-6_4,The active reading for Calcium reflects a rise in value compared to the previous clinical record.,SUPPORTED,HOLD,concept_extraction
B_RULE_FROZEN,S3,LANE_B_S3_001cc5e4-71a3-8e4c-507c-d39178b49be8_17861-6_4,The active reading for Calcium reflects a reduction in value compared to the previous clinical record.,CONTRADICTED,HOLD,concept_extraction
B_RULE_FROZEN,S3,LANE_B_S3_001cc5e4-71a3-8e4c-507c-d39178b49be8_17861-6_5,Evaluating recent trends reveals that current Calcium levels are lower relative to the earlier measurement.,SUPPORTED,HOLD,concept_extraction
B_RULE_FROZEN,S3,LANE_B_S3_001cc5e4-71a3-8e4c-507c-d39178b49be8_17861-6_5,Evaluating recent trends reveals that current Calcium levels are higher relative to the earlier measurement.,CONTRADICTED,HOLD,concept_extraction
B_RULE_FROZEN,S3,LANE_B_S3_001cc5e4-71a3-8e4c-507c-d39178b49be8_17861-6_6,"Compared against baseline measurements from the preceding visit, the patient's current Calcium demonstrates an elevated reading.",SUPPORTED,HOLD,concept_extraction
B_RULE_FROZEN,S3,LANE_B_S3_001cc5e4-71a3-8e4c-507c-d39178b49be8_17861-6_6,"Compared against baseline measurements from the preceding visit, the patient's current Calcium demonstrates an attenuated reading.",CONTRADICTED,HOLD,concept_extraction
B_RULE_FROZEN,S3,LANE_B_S3_001cc5e4-71a3-8e4c-507c-d39178b49be8_18262-6_0,"Compared against baseline measurements from the preceding visit, the patient's current Cholesterol in LDL demonstrates an attenuated reading.",SUPPORTED,HOLD,relation_extraction
B_RULE_FROZEN,S3,LANE_B_S3_001cc5e4-71a3-8e4c-507c-d39178b49be8_18262-6_0,"Compared against baseline measurements from the preceding visit, the patient's current Cholesterol in LDL demonstrates an elevated reading.",CONTRADICTED,HOLD,relation_extraction
B_RULE_FROZEN,S3,LANE_B_S3_001cc5e4-71a3-8e4c-507c-d39178b49be8_18262-6_1,Evaluating recent trends reveals that current Cholesterol in LDL levels are lower relative to the earlier measurement.,SUPPORTED,HOLD,relation_extraction
B_RULE_FROZEN,S3,LANE_B_S3_001cc5e4-71a3-8e4c-507c-d39178b49be8_18262-6_1,Evaluating recent trends reveals that current Cholesterol in LDL levels are higher relative to the earlier measurement.,CONTRADICTED,HOLD,relation_extraction
B_RULE_FROZEN,S3,LANE_B_S3_001cc5e4-71a3-8e4c-507c-d39178b49be8_2028-9_0,"Diagnostic assessment shows that the most recently documented Carbon dioxide, total surpasses the prior encounter's result.",SUPPORTED,HOLD,relation_extraction
B_RULE_FROZEN,S3,LANE_B_S3_001cc5e4-71a3-8e4c-507c-d39178b49be8_2028-9_0,"Diagnostic assessment shows that the most recently documented Carbon dioxide, total drops below the prior encounter's result.",CONTRADICTED,HOLD,relation_extraction
B_RULE_FROZEN,S3,LANE_B_S3_001cc5e4-71a3-8e4c-507c-d39178b49be8_2028-9_1,"Evaluating recent trends reveals that current Carbon dioxide, total levels are higher relative to the earlier measurement.",SUPPORTED,HOLD,relation_extraction
B_RULE_FROZEN,S3,LANE_B_S3_001cc5e4-71a3-8e4c-507c-d39178b49be8_2028-9_1,"Evaluating recent trends reveals that current Carbon dioxide, total levels are lower relative to the earlier measurement.",CONTRADICTED,HOLD,relation_extraction
B_RULE_FROZEN,S3,LANE_B_S3_001cc5e4-71a3-8e4c-507c-d39178b49be8_2028-9_2,"Evaluating recent trends reveals that current Carbon dioxide, total levels are lower relative to the earlier measurement.",SUPPORTED,HOLD,relation_extraction
B_RULE_FROZEN,S3,LANE_B_S3_001cc5e4-71a3-8e4c-507c-d39178b49be8_2028-9_2,"Evaluating recent trends reveals that current Carbon dioxide, total levels are higher relative to the earlier measurement.",CONTRADICTED,HOLD,relation_extraction
B_RULE_FROZEN,S3,LANE_B_S3_001cc5e4-71a3-8e4c-507c-d39178b49be8_2028-9_3,"Diagnostic assessment shows that the most recently documented Carbon dioxide, total surpasses the prior encounter's result.",SUPPORTED,HOLD,relation_extraction
B_RULE_FROZEN,S3,LANE_B_S3_001cc5e4-71a3-8e4c-507c-d39178b49be8_2028-9_3,"Diagnostic assessment shows that the most recently documented Carbon dioxide, total drops below the prior encounter's result.",CONTRADICTED,HOLD,relation_extraction
B_RULE_FROZEN,S3,LANE_B_S3_001cc5e4-71a3-8e4c-507c-d39178b49be8_2028-9_4,"The active reading for Carbon dioxide, total reflects a reduction in value compared to the previous clinical record.",SUPPORTED,HOLD,relation_extraction
B_RULE_FROZEN,S3,LANE_B_S3_001cc5e4-71a3-8e4c-507c-d39178b49be8_2028-9_4,"The active reading for Carbon dioxide, total reflects a rise in value compared to the previous clinical record.",CONTRADICTED,HOLD,relation_extraction
B_RULE_FROZEN,S3,LANE_B_S3_001cc5e4-71a3-8e4c-507c-d39178b49be8_2028-9_5,"The active reading for Carbon dioxide, total reflects a rise in value compared to the previous clinical record.",SUPPORTED,HOLD,relation_extraction
B_RULE_FROZEN,S3,LANE_B_S3_001cc5e4-71a3-8e4c-507c-d39178b49be8_2028-9_5,"The active reading for Carbon dioxide, total reflects a reduction in value compared to the previous clinical record.",CONTRADICTED,HOLD,relation_extraction
B_RULE_FROZEN,S3,LANE_B_S3_001cc5e4-71a3-8e4c-507c-d39178b49be8_2028-9_6,"Diagnostic assessment shows that the most recently documented Carbon dioxide, total surpasses the prior encounter's result.",SUPPORTED,HOLD,relation_extraction
B_RULE_FROZEN,S3,LANE_B_S3_001cc5e4-71a3-8e4c-507c-d39178b49be8_2028-9_6,"Diagnostic assessment shows that the most recently documented Carbon dioxide, total drops below the prior encounter's result.",CONTRADICTED,HOLD,relation_extraction
B_RULE_FROZEN,S3,LANE_B_S3_001cc5e4-71a3-8e4c-507c-d39178b49be8_20505-4_0,The active reading for Bilirubin.total reflects a rise in value compared to the previous clinical record.,SUPPORTED,HOLD,concept_extraction
B_RULE_FROZEN,S3,LANE_B_S3_001cc5e4-71a3-8e4c-507c-d39178b49be8_20505-4_0,The active reading for Bilirubin.total reflects a reduction in value compared to the previous clinical record.,CONTRADICTED,HOLD,concept_extraction
B_RULE_FROZEN,S3,LANE_B_S3_001cc5e4-71a3-8e4c-507c-d39178b49be8_20505-4_1,Diagnostic assessment shows that the most recently documented Bilirubin.total surpasses the prior encounter's result.,SUPPORTED,HOLD,concept_extraction
B_RULE_FROZEN,S3,LANE_B_S3_001cc5e4-71a3-8e4c-507c-d39178b49be8_20505-4_1,Diagnostic assessment shows that the most recently documented Bilirubin.total drops below the prior encounter's result.,CONTRADICTED,HOLD,concept_extraction
B_RULE_FROZEN,S3,LANE_B_S3_001cc5e4-71a3-8e4c-507c-d39178b49be8_20505-4_2,The active reading for Bilirubin.total reflects a rise in value compared to the previous clinical record.,SUPPORTED,HOLD,concept_extraction
B_RULE_FROZEN,S3,LANE_B_S3_001cc5e4-71a3-8e4c-507c-d39178b49be8_20505-4_2,The active reading for Bilirubin.total reflects a reduction in value compared to the previous clinical record.,CONTRADICTED,HOLD,concept_extraction
B_RULE_FROZEN,S3,LANE_B_S3_001cc5e4-71a3-8e4c-507c-d39178b49be8_20505-4_3,Evaluating recent trends reveals that current Bilirubin.total levels are lower relative to the earlier measurement.,SUPPORTED,HOLD,concept_extraction
B_RULE_FROZEN,S3,LANE_B_S3_001cc5e4-71a3-8e4c-507c-d39178b49be8_20505-4_3,Evaluating recent trends reveals that current Bilirubin.total levels are higher relative to the earlier measurement.,CONTRADICTED,HOLD,concept_extraction
B_RULE_FROZEN,S3,LANE_B_S3_001cc5e4-71a3-8e4c-507c-d39178b49be8_20505-4_4,"Compared against baseline measurements from the preceding visit, the patient's current Bilirubin.total demonstrates an elevated reading.",SUPPORTED,HOLD,concept_extraction
B_RULE_FROZEN,S3,LANE_B_S3_001cc5e4-71a3-8e4c-507c-d39178b49be8_20505-4_4,"Compared against baseline measurements from the preceding visit, the patient's current Bilirubin.total demonstrates an attenuated reading.",CONTRADICTED,HOLD,concept_extraction
B_RULE_FROZEN,S3,LANE_B_S3_001cc5e4-71a3-8e4c-507c-d39178b49be8_20505-4_5,Evaluating recent trends reveals that current Bilirubin.total levels are higher relative to the earlier measurement.,SUPPORTED,HOLD,concept_extraction
B_RULE_FROZEN,S3,LANE_B_S3_001cc5e4-71a3-8e4c-507c-d39178b49be8_20505-4_5,Evaluating recent trends reveals that current Bilirubin.total levels are lower relative to the earlier measurement.,CONTRADICTED,HOLD,concept_extraction
B_RULE_FROZEN,S3,LANE_B_S3_001cc5e4-71a3-8e4c-507c-d39178b49be8_20505-4_6,Diagnostic assessment shows that the most recently documented Bilirubin.total drops below the prior encounter's result.,SUPPORTED,HOLD,concept_extraction
B_RULE_FROZEN,S3,LANE_B_S3_001cc5e4-71a3-8e4c-507c-d39178b49be8_20505-4_6,Diagnostic assessment shows that the most recently documented Bilirubin.total surpasses the prior encounter's result.,CONTRADICTED,HOLD,concept_extraction
B_RULE_FROZEN,S3,LANE_B_S3_001cc5e4-71a3-8e4c-507c-d39178b49be8_2075-0_0,Diagnostic assessment shows that the most recently documented Chloride drops below the prior encounter's result.,SUPPORTED,HOLD,concept_extraction
B_RULE_FROZEN,S3,LANE_B_S3_001cc5e4-71a3-8e4c-507c-d39178b49be8_2075-0_0,Diagnostic assessment shows that the most recently documented Chloride surpasses the prior encounter's result.,CONTRADICTED,HOLD,concept_extraction
B_RULE_FROZEN,S3,LANE_B_S3_001cc5e4-71a3-8e4c-507c-d39178b49be8_2075-0_1,Diagnostic assessment shows that the most recently documented Chloride drops below the prior encounter's result.,SUPPORTED,HOLD,concept_extraction
B_RULE_FROZEN,S3,LANE_B_S3_001cc5e4-71a3-8e4c-507c-d39178b49be8_2075-0_1,Diagnostic assessment shows that the most recently documented Chloride surpasses the prior encounter's result.,CONTRADICTED,HOLD,concept_extraction
B_RULE_FROZEN,S3,LANE_B_S3_001cc5e4-71a3-8e4c-507c-d39178b49be8_2075-0_2,Evaluating recent trends reveals that current Chloride levels are higher relative to the earlier measurement.,SUPPORTED,HOLD,concept_extraction
B_RULE_FROZEN,S3,LANE_B_S3_001cc5e4-71a3-8e4c-507c-d39178b49be8_2075-0_2,Evaluating recent trends reveals that current Chloride levels are lower relative to the earlier measurement.,CONTRADICTED,HOLD,concept_extraction
B_RULE_FROZEN,S3,LANE_B_S3_001cc5e4-71a3-8e4c-507c-d39178b49be8_2075-0_3,Evaluating recent trends reveals that current Chloride levels are lower relative to the earlier measurement.,SUPPORTED,HOLD,concept_extraction
B_RULE_FROZEN,S3,LANE_B_S3_001cc5e4-71a3-8e4c-507c-d39178b49be8_2075-0_3,Evaluating recent trends reveals that current Chloride levels are higher relative to the earlier measurement.,CONTRADICTED,HOLD,concept_extraction
B_RULE_FROZEN,S3,LANE_B_S3_001cc5e4-71a3-8e4c-507c-d39178b49be8_2075-0_4,Diagnostic assessment shows that the most recently documented Chloride drops below the prior encounter's result.,SUPPORTED,HOLD,concept_extraction
B_RULE_FROZEN,S3,LANE_B_S3_001cc5e4-71a3-8e4c-507c-d39178b49be8_2075-0_4,Diagnostic assessment shows that the most recently documented Chloride surpasses the prior encounter's result.,CONTRADICTED,HOLD,concept_extraction
B_RULE_FROZEN,S3,LANE_B_S3_001cc5e4-71a3-8e4c-507c-d39178b49be8_2075-0_5,"Compared against baseline measurements from the preceding visit, the patient's current Chloride demonstrates an attenuated reading.",SUPPORTED,HOLD,concept_extraction
B_RULE_FROZEN,S3,LANE_B_S3_001cc5e4-71a3-8e4c-507c-d39178b49be8_2075-0_5,"Compared against baseline measurements from the preceding visit, the patient's current Chloride demonstrates an elevated reading.",CONTRADICTED,HOLD,concept_extraction
B_RULE_FROZEN,S3,LANE_B_S3_001cc5e4-71a3-8e4c-507c-d39178b49be8_2075-0_6,Evaluating recent trends reveals that current Chloride levels are higher relative to the earlier measurement.,SUPPORTED,HOLD,concept_extraction
B_RULE_FROZEN,S3,LANE_B_S3_001cc5e4-71a3-8e4c-507c-d39178b49be8_2075-0_6,Evaluating recent trends reveals that current Chloride levels are lower relative to the earlier measurement.,CONTRADICTED,HOLD,concept_extraction
B_RULE_FROZEN,S3,LANE_B_S3_001cc5e4-71a3-8e4c-507c-d39178b49be8_2085-9_0,Diagnostic assessment shows that the most recently documented Cholesterol in HDL drops below the prior encounter's result.,SUPPORTED,HOLD,relation_extraction
B_RULE_FROZEN,S3,LANE_B_S3_001cc5e4-71a3-8e4c-507c-d39178b49be8_2085-9_0,Diagnostic assessment shows that the most recently documented Cholesterol in HDL surpasses the prior encounter's result.,CONTRADICTED,HOLD,relation_extraction
B_RULE_FROZEN,S3,LANE_B_S3_001cc5e4-71a3-8e4c-507c-d39178b49be8_2085-9_1,Diagnostic assessment shows that the most recently documented Cholesterol in HDL drops below the prior encounter's result.,SUPPORTED,HOLD,relation_extraction
B_RULE_FROZEN,S3,LANE_B_S3_001cc5e4-71a3-8e4c-507c-d39178b49be8_2085-9_1,Diagnostic assessment shows that the most recently documented Cholesterol in HDL surpasses the prior encounter's result.,CONTRADICTED,HOLD,relation_extraction
B_RULE_FROZEN,S3,LANE_B_S3_001cc5e4-71a3-8e4c-507c-d39178b49be8_2093-3_0,The active reading for Cholesterol reflects a reduction in value compared to the previous clinical record.,SUPPORTED,HOLD,relation_extraction
B_RULE_FROZEN,S3,LANE_B_S3_001cc5e4-71a3-8e4c-507c-d39178b49be8_2093-3_0,The active reading for Cholesterol reflects a rise in value compared to the previous clinical record.,CONTRADICTED,HOLD,relation_extraction
B_RULE_FROZEN,S3,LANE_B_S3_001cc5e4-71a3-8e4c-507c-d39178b49be8_2093-3_1,"Compared against baseline measurements from the preceding visit, the patient's current Cholesterol demonstrates an attenuated reading.",SUPPORTED,HOLD,relation_extraction
B_RULE_FROZEN,S3,LANE_B_S3_001cc5e4-71a3-8e4c-507c-d39178b49be8_2093-3_1,"Compared against baseline measurements from the preceding visit, the patient's current Cholesterol demonstrates an elevated reading.",CONTRADICTED,HOLD,relation_extraction
B_RULE_FROZEN,S3,LANE_B_S3_001cc5e4-71a3-8e4c-507c-d39178b49be8_2160-0_0,Diagnostic assessment shows that the most recently documented Creatinine drops below the prior encounter's result.,SUPPORTED,HOLD,relation_extraction
B_RULE_FROZEN,S3,LANE_B_S3_001cc5e4-71a3-8e4c-507c-d39178b49be8_2160-0_0,Diagnostic assessment shows that the most recently documented Creatinine surpasses the prior encounter's result.,CONTRADICTED,HOLD,relation_extraction
B_RULE_FROZEN,S3,LANE_B_S3_001cc5e4-71a3-8e4c-507c-d39178b49be8_2160-0_1,Evaluating recent trends reveals that current Creatinine levels are lower relative to the earlier measurement.,SUPPORTED,HOLD,relation_extraction
B_RULE_FROZEN,S3,LANE_B_S3_001cc5e4-71a3-8e4c-507c-d39178b49be8_2160-0_1,Evaluating recent trends reveals that current Creatinine levels are higher relative to the earlier measurement.,CONTRADICTED,HOLD,relation_extraction
B_RULE_FROZEN,S3,LANE_B_S3_001cc5e4-71a3-8e4c-507c-d39178b49be8_2160-0_2,The active reading for Creatinine reflects a rise in value compared to the previous clinical record.,SUPPORTED,HOLD,relation_extraction
B_RULE_FROZEN,S3,LANE_B_S3_001cc5e4-71a3-8e4c-507c-d39178b49be8_2160-0_2,The active reading for Creatinine reflects a reduction in value compared to the previous clinical record.,CONTRADICTED,HOLD,relation_extraction
B_RULE_FROZEN,S3,LANE_B_S3_001cc5e4-71a3-8e4c-507c-d39178b49be8_2160-0_3,The active reading for Creatinine reflects a reduction in value compared to the previous clinical record.,SUPPORTED,HOLD,relation_extraction
B_RULE_FROZEN,S3,LANE_B_S3_001cc5e4-71a3-8e4c-507c-d39178b49be8_2160-0_3,The active reading for Creatinine reflects a rise in value compared to the previous clinical record.,CONTRADICTED,HOLD,relation_extraction
B_RULE_FROZEN,S3,LANE_B_S3_001cc5e4-71a3-8e4c-507c-d39178b49be8_2160-0_4,The active reading for Creatinine reflects a rise in value compared to the previous clinical record.,SUPPORTED,HOLD,relation_extraction
B_RULE_FROZEN,S3,LANE_B_S3_001cc5e4-71a3-8e4c-507c-d39178b49be8_2160-0_4,The active reading for Creatinine reflects a reduction in value compared to the previous clinical record.,CONTRADICTED,HOLD,relation_extraction
B_RULE_FROZEN,S3,LANE_B_S3_001cc5e4-71a3-8e4c-507c-d39178b49be8_2160-0_5,Evaluating recent trends reveals that current Creatinine levels are lower relative to the earlier measurement.,SUPPORTED,HOLD,relation_extraction
B_RULE_FROZEN,S3,LANE_B_S3_001cc5e4-71a3-8e4c-507c-d39178b49be8_2160-0_5,Evaluating recent trends reveals that current Creatinine levels are higher relative to the earlier measurement.,CONTRADICTED,HOLD,relation_extraction
B_RULE_FROZEN,S3,LANE_B_S3_001cc5e4-71a3-8e4c-507c-d39178b49be8_2160-0_6,"Compared against baseline measurements from the preceding visit, the patient's current Creatinine demonstrates an elevated reading.",SUPPORTED,HOLD,relation_extraction
B_RULE_FROZEN,S3,LANE_B_S3_001cc5e4-71a3-8e4c-507c-d39178b49be8_2160-0_6,"Compared against baseline measurements from the preceding visit, the patient's current Creatinine demonstrates an attenuated reading.",CONTRADICTED,HOLD,relation_extraction
B_RULE_FROZEN,S3,LANE_B_S3_001cc5e4-71a3-8e4c-507c-d39178b49be8_2345-7_0,"Compared against baseline measurements from the preceding visit, the patient's current Glucose demonstrates an attenuated reading.",SUPPORTED,HOLD,concept_extraction
B_RULE_FROZEN,S3,LANE_B_S3_001cc5e4-71a3-8e4c-507c-d39178b49be8_2345-7_0,"Compared against baseline measurements from the preceding visit, the patient's current Glucose demonstrates an elevated reading.",CONTRADICTED,HOLD,concept_extraction
B_RULE_FROZEN,S3,LANE_B_S3_001cc5e4-71a3-8e4c-507c-d39178b49be8_2345-7_1,Evaluating recent trends reveals that current Glucose levels are higher relative to the earlier measurement.,SUPPORTED,HOLD,concept_extraction
B_RULE_FROZEN,S3,LANE_B_S3_001cc5e4-71a3-8e4c-507c-d39178b49be8_2345-7_1,Evaluating recent trends reveals that current Glucose levels are lower relative to the earlier measurement.,CONTRADICTED,HOLD,concept_extraction
B_RULE_FROZEN,S3,LANE_B_S3_001cc5e4-71a3-8e4c-507c-d39178b49be8_2345-7_2,Evaluating recent trends reveals that current Glucose levels are higher relative to the earlier measurement.,SUPPORTED,HOLD,concept_extraction
B_RULE_FROZEN,S3,LANE_B_S3_001cc5e4-71a3-8e4c-507c-d39178b49be8_2345-7_2,Evaluating recent trends reveals that current Glucose levels are lower relative to the earlier measurement.,CONTRADICTED,HOLD,concept_extraction
B_RULE_FROZEN,S3,LANE_B_S3_001cc5e4-71a3-8e4c-507c-d39178b49be8_2345-7_3,"Compared against baseline measurements from the preceding visit, the patient's current Glucose demonstrates an attenuated reading.",SUPPORTED,HOLD,concept_extraction
B_RULE_FROZEN,S3,LANE_B_S3_001cc5e4-71a3-8e4c-507c-d39178b49be8_2345-7_3,"Compared against baseline measurements from the preceding visit, the patient's current Glucose demonstrates an elevated reading.",CONTRADICTED,HOLD,concept_extraction
B_RULE_FROZEN,S3,LANE_B_S3_001cc5e4-71a3-8e4c-507c-d39178b49be8_2345-7_4,The active reading for Glucose reflects a rise in value compared to the previous clinical record.,SUPPORTED,HOLD,concept_extraction
B_RULE_FROZEN,S3,LANE_B_S3_001cc5e4-71a3-8e4c-507c-d39178b49be8_2345-7_4,The active reading for Glucose reflects a reduction in value compared to the previous clinical record.,CONTRADICTED,HOLD,concept_extraction
B_RULE_FROZEN,S3,LANE_B_S3_001cc5e4-71a3-8e4c-507c-d39178b49be8_2345-7_5,"Compared against baseline measurements from the preceding visit, the patient's current Glucose demonstrates an attenuated reading.",SUPPORTED,HOLD,concept_extraction
B_RULE_FROZEN,S3,LANE_B_S3_001cc5e4-71a3-8e4c-507c-d39178b49be8_2345-7_5,"Compared against baseline measurements from the preceding visit, the patient's current Glucose demonstrates an elevated reading.",CONTRADICTED,HOLD,concept_extraction
B_RULE_FROZEN,S3,LANE_B_S3_001cc5e4-71a3-8e4c-507c-d39178b49be8_2345-7_6,"Compared against baseline measurements from the preceding visit, the patient's current Glucose demonstrates an elevated reading.",SUPPORTED,HOLD,concept_extraction
B_RULE_FROZEN,S3,LANE_B_S3_001cc5e4-71a3-8e4c-507c-d39178b49be8_2345-7_6,"Compared against baseline measurements from the preceding visit, the patient's current Glucose demonstrates an attenuated reading.",CONTRADICTED,HOLD,concept_extraction
B_RULE_FROZEN,S3,LANE_B_S3_001cc5e4-71a3-8e4c-507c-d39178b49be8_2571-8_0,The active reading for Triglyceride reflects a rise in value compared to the previous clinical record.,SUPPORTED,HOLD,relation_extraction
B_RULE_FROZEN,S3,LANE_B_S3_001cc5e4-71a3-8e4c-507c-d39178b49be8_2571-8_0,The active reading for Triglyceride reflects a reduction in value compared to the previous clinical record.,CONTRADICTED,HOLD,relation_extraction
B_RULE_FROZEN,S3,LANE_B_S3_001cc5e4-71a3-8e4c-507c-d39178b49be8_2571-8_1,The active reading for Triglyceride reflects a reduction in value compared to the previous clinical record.,SUPPORTED,HOLD,relation_extraction
B_RULE_FROZEN,S3,LANE_B_S3_001cc5e4-71a3-8e4c-507c-d39178b49be8_2571-8_1,The active reading for Triglyceride reflects a rise in value compared to the previous clinical record.,CONTRADICTED,HOLD,relation_extraction
B_RULE_FROZEN,S3,LANE_B_S3_001cc5e4-71a3-8e4c-507c-d39178b49be8_2823-3_0,The active reading for Potassium reflects a rise in value compared to the previous clinical record.,SUPPORTED,HOLD,concept_extraction
B_RULE_FROZEN,S3,LANE_B_S3_001cc5e4-71a3-8e4c-507c-d39178b49be8_2823-3_0,The active reading for Potassium reflects a reduction in value compared to the previous clinical record.,CONTRADICTED,HOLD,concept_extraction
B_RULE_FROZEN,S3,LANE_B_S3_001cc5e4-71a3-8e4c-507c-d39178b49be8_2823-3_1,The active reading for Potassium reflects a reduction in value compared to the previous clinical record.,SUPPORTED,HOLD,concept_extraction
B_RULE_FROZEN,S3,LANE_B_S3_001cc5e4-71a3-8e4c-507c-d39178b49be8_2823-3_1,The active reading for Potassium reflects a rise in value compared to the previous clinical record.,CONTRADICTED,HOLD,concept_extraction
B_RULE_FROZEN,S3,LANE_B_S3_001cc5e4-71a3-8e4c-507c-d39178b49be8_2823-3_2,The active reading for Potassium reflects a reduction in value compared to the previous clinical record.,SUPPORTED,HOLD,concept_extraction
B_RULE_FROZEN,S3,LANE_B_S3_001cc5e4-71a3-8e4c-507c-d39178b49be8_2823-3_2,The active reading for Potassium reflects a rise in value compared to the previous clinical record.,CONTRADICTED,HOLD,concept_extraction
B_RULE_FROZEN,S3,LANE_B_S3_001cc5e4-71a3-8e4c-507c-d39178b49be8_2823-3_3,The active reading for Potassium reflects a reduction in value compared to the previous clinical record.,SUPPORTED,HOLD,concept_extraction
B_RULE_FROZEN,S3,LANE_B_S3_001cc5e4-71a3-8e4c-507c-d39178b49be8_2823-3_3,The active reading for Potassium reflects a rise in value compared to the previous clinical record.,CONTRADICTED,HOLD,concept_extraction
B_RULE_FROZEN,S3,LANE_B_S3_001cc5e4-71a3-8e4c-507c-d39178b49be8_2823-3_4,Evaluating recent trends reveals that current Potassium levels are higher relative to the earlier measurement.,SUPPORTED,HOLD,concept_extraction
B_RULE_FROZEN,S3,LANE_B_S3_001cc5e4-71a3-8e4c-507c-d39178b49be8_2823-3_4,Evaluating recent trends reveals that current Potassium levels are lower relative to the earlier measurement.,CONTRADICTED,HOLD,concept_extraction
B_RULE_FROZEN,S3,LANE_B_S3_001cc5e4-71a3-8e4c-507c-d39178b49be8_2823-3_5,The active reading for Potassium reflects a reduction in value compared to the previous clinical record.,SUPPORTED,HOLD,concept_extraction
B_RULE_FROZEN,S3,LANE_B_S3_001cc5e4-71a3-8e4c-507c-d39178b49be8_2823-3_5,The active reading for Potassium reflects a rise in value compared to the previous clinical record.,CONTRADICTED,HOLD,concept_extraction
B_RULE_FROZEN,S3,LANE_B_S3_001cc5e4-71a3-8e4c-507c-d39178b49be8_2823-3_6,Diagnostic assessment shows that the most recently documented Potassium surpasses the prior encounter's result.,SUPPORTED,HOLD,concept_extraction
B_RULE_FROZEN,S3,LANE_B_S3_001cc5e4-71a3-8e4c-507c-d39178b49be8_2823-3_6,Diagnostic assessment shows that the most recently documented Potassium drops below the prior encounter's result.,CONTRADICTED,HOLD,concept_extraction
B_RULE_FROZEN,S3,LANE_B_S3_001cc5e4-71a3-8e4c-507c-d39178b49be8_29463-7_7,Evaluating recent trends reveals that current Body Weight levels are lower relative to the earlier measurement.,SUPPORTED,HOLD,relation_extraction
B_RULE_FROZEN,S3,LANE_B_S3_001cc5e4-71a3-8e4c-507c-d39178b49be8_29463-7_7,Evaluating recent trends reveals that current Body Weight levels are higher relative to the earlier measurement.,CONTRADICTED,HOLD,relation_extraction
B_RULE_FROZEN,S3,LANE_B_S3_001cc5e4-71a3-8e4c-507c-d39178b49be8_29463-7_8,"Compared against baseline measurements from the preceding visit, the patient's current Body Weight demonstrates an attenuated reading.",SUPPORTED,HOLD,relation_extraction
B_RULE_FROZEN,S3,LANE_B_S3_001cc5e4-71a3-8e4c-507c-d39178b49be8_29463-7_8,"Compared against baseline measurements from the preceding visit, the patient's current Body Weight demonstrates an elevated reading.",CONTRADICTED,HOLD,relation_extraction
B_RULE_FROZEN,S3,LANE_B_S3_001cc5e4-71a3-8e4c-507c-d39178b49be8_29463-7_9,Diagnostic assessment shows that the most recently documented Body Weight drops below the prior encounter's result.,SUPPORTED,HOLD,relation_extraction
B_RULE_FROZEN,S3,LANE_B_S3_001cc5e4-71a3-8e4c-507c-d39178b49be8_29463-7_9,Diagnostic assessment shows that the most recently documented Body Weight surpasses the prior encounter's result.,CONTRADICTED,HOLD,relation_extraction
B_RULE_FROZEN,S3,LANE_B_S3_001cc5e4-71a3-8e4c-507c-d39178b49be8_29463-7_10,"Compared against baseline measurements from the preceding visit, the patient's current Body Weight demonstrates an attenuated reading.",SUPPORTED,HOLD,relation_extraction
B_RULE_FROZEN,S3,LANE_B_S3_001cc5e4-71a3-8e4c-507c-d39178b49be8_29463-7_10,"Compared against baseline measurements from the preceding visit, the patient's current Body Weight demonstrates an elevated reading.",CONTRADICTED,HOLD,relation_extraction
B_RULE_FROZEN,S3,LANE_B_S3_001cc5e4-71a3-8e4c-507c-d39178b49be8_2951-2_0,"Compared against baseline measurements from the preceding visit, the patient's current Sodium demonstrates an elevated reading.",SUPPORTED,HOLD,concept_extraction
B_RULE_FROZEN,S3,LANE_B_S3_001cc5e4-71a3-8e4c-507c-d39178b49be8_2951-2_0,"Compared against baseline measurements from the preceding visit, the patient's current Sodium demonstrates an attenuated reading.",CONTRADICTED,HOLD,concept_extraction
B_RULE_FROZEN,S3,LANE_B_S3_001cc5e4-71a3-8e4c-507c-d39178b49be8_2951-2_1,"Compared against baseline measurements from the preceding visit, the patient's current Sodium demonstrates an attenuated reading.",SUPPORTED,HOLD,concept_extraction
B_RULE_FROZEN,S3,LANE_B_S3_001cc5e4-71a3-8e4c-507c-d39178b49be8_2951-2_1,"Compared against baseline measurements from the preceding visit, the patient's current Sodium demonstrates an elevated reading.",CONTRADICTED,HOLD,concept_extraction
B_RULE_FROZEN,S3,LANE_B_S3_001cc5e4-71a3-8e4c-507c-d39178b49be8_2951-2_2,Diagnostic assessment shows that the most recently documented Sodium surpasses the prior encounter's result.,SUPPORTED,HOLD,concept_extraction
B_RULE_FROZEN,S3,LANE_B_S3_001cc5e4-71a3-8e4c-507c-d39178b49be8_2951-2_2,Diagnostic assessment shows that the most recently documented Sodium drops below the prior encounter's result.,CONTRADICTED,HOLD,concept_extraction
B_RULE_FROZEN,S3,LANE_B_S3_001cc5e4-71a3-8e4c-507c-d39178b49be8_2951-2_3,Evaluating recent trends reveals that current Sodium levels are lower relative to the earlier measurement.,SUPPORTED,HOLD,concept_extraction
B_RULE_FROZEN,S3,LANE_B_S3_001cc5e4-71a3-8e4c-507c-d39178b49be8_2951-2_3,Evaluating recent trends reveals that current Sodium levels are higher relative to the earlier measurement.,CONTRADICTED,HOLD,concept_extraction
B_RULE_FROZEN,S3,LANE_B_S3_001cc5e4-71a3-8e4c-507c-d39178b49be8_2951-2_4,The active reading for Sodium reflects a rise in value compared to the previous clinical record.,SUPPORTED,HOLD,concept_extraction
B_RULE_FROZEN,S3,LANE_B_S3_001cc5e4-71a3-8e4c-507c-d39178b49be8_2951-2_4,The active reading for Sodium reflects a reduction in value compared to the previous clinical record.,CONTRADICTED,HOLD,concept_extraction
B_RULE_FROZEN,S3,LANE_B_S3_001cc5e4-71a3-8e4c-507c-d39178b49be8_2951-2_5,Diagnostic assessment shows that the most recently documented Sodium drops below the prior encounter's result.,SUPPORTED,HOLD,concept_extraction
B_RULE_FROZEN,S3,LANE_B_S3_001cc5e4-71a3-8e4c-507c-d39178b49be8_2951-2_5,Diagnostic assessment shows that the most recently documented Sodium surpasses the prior encounter's result.,CONTRADICTED,HOLD,concept_extraction
B_RULE_FROZEN,S3,LANE_B_S3_001cc5e4-71a3-8e4c-507c-d39178b49be8_2951-2_6,Diagnostic assessment shows that the most recently documented Sodium drops below the prior encounter's result.,SUPPORTED,HOLD,concept_extraction
B_RULE_FROZEN,S3,LANE_B_S3_001cc5e4-71a3-8e4c-507c-d39178b49be8_2951-2_6,Diagnostic assessment shows that the most recently documented Sodium surpasses the prior encounter's result.,CONTRADICTED,HOLD,concept_extraction
B_RULE_FROZEN,S3,LANE_B_S3_001cc5e4-71a3-8e4c-507c-d39178b49be8_3094-0_0,Evaluating recent trends reveals that current Urea nitrogen levels are lower relative to the earlier measurement.,SUPPORTED,HOLD,concept_extraction
B_RULE_FROZEN,S3,LANE_B_S3_001cc5e4-71a3-8e4c-507c-d39178b49be8_3094-0_0,Evaluating recent trends reveals that current Urea nitrogen levels are higher relative to the earlier measurement.,CONTRADICTED,HOLD,concept_extraction
B_RULE_FROZEN,S3,LANE_B_S3_001cc5e4-71a3-8e4c-507c-d39178b49be8_3094-0_1,The active reading for Urea nitrogen reflects a rise in value compared to the previous clinical record.,SUPPORTED,HOLD,concept_extraction
B_RULE_FROZEN,S3,LANE_B_S3_001cc5e4-71a3-8e4c-507c-d39178b49be8_3094-0_1,The active reading for Urea nitrogen reflects a reduction in value compared to the previous clinical record.,CONTRADICTED,HOLD,concept_extraction
B_RULE_FROZEN,S3,LANE_B_S3_001cc5e4-71a3-8e4c-507c-d39178b49be8_3094-0_2,Diagnostic assessment shows that the most recently documented Urea nitrogen surpasses the prior encounter's result.,SUPPORTED,HOLD,concept_extraction
B_RULE_FROZEN,S3,LANE_B_S3_001cc5e4-71a3-8e4c-507c-d39178b49be8_3094-0_2,Diagnostic assessment shows that the most recently documented Urea nitrogen drops below the prior encounter's result.,CONTRADICTED,HOLD,concept_extraction
B_RULE_FROZEN,S3,LANE_B_S3_001cc5e4-71a3-8e4c-507c-d39178b49be8_3094-0_3,The active reading for Urea nitrogen reflects a rise in value compared to the previous clinical record.,SUPPORTED,HOLD,concept_extraction
B_RULE_FROZEN,S3,LANE_B_S3_001cc5e4-71a3-8e4c-507c-d39178b49be8_3094-0_3,The active reading for Urea nitrogen reflects a reduction in value compared to the previous clinical record.,CONTRADICTED,HOLD,concept_extraction
B_RULE_FROZEN,S3,LANE_B_S3_001cc5e4-71a3-8e4c-507c-d39178b49be8_3094-0_4,The active reading for Urea nitrogen reflects a rise in value compared to the previous clinical record.,SUPPORTED,HOLD,concept_extraction
B_RULE_FROZEN,S3,LANE_B_S3_001cc5e4-71a3-8e4c-507c-d39178b49be8_3094-0_4,The active reading for Urea nitrogen reflects a reduction in value compared to the previous clinical record.,CONTRADICTED,HOLD,concept_extraction
B_RULE_FROZEN,S3,LANE_B_S3_001cc5e4-71a3-8e4c-507c-d39178b49be8_3094-0_5,Evaluating recent trends reveals that current Urea nitrogen levels are lower relative to the earlier measurement.,SUPPORTED,HOLD,concept_extraction
B_RULE_FROZEN,S3,LANE_B_S3_001cc5e4-71a3-8e4c-507c-d39178b49be8_3094-0_5,Evaluating recent trends reveals that current Urea nitrogen levels are higher relative to the earlier measurement.,CONTRADICTED,HOLD,concept_extraction
B_RULE_FROZEN,S3,LANE_B_S3_001cc5e4-71a3-8e4c-507c-d39178b49be8_3094-0_6,Diagnostic assessment shows that the most recently documented Urea nitrogen surpasses the prior encounter's result.,SUPPORTED,HOLD,concept_extraction
B_RULE_FROZEN,S3,LANE_B_S3_001cc5e4-71a3-8e4c-507c-d39178b49be8_3094-0_6,Diagnostic assessment shows that the most recently documented Urea nitrogen drops below the prior encounter's result.,CONTRADICTED,HOLD,concept_extraction
B_RULE_FROZEN,S3,LANE_B_S3_001cc5e4-71a3-8e4c-507c-d39178b49be8_32207-3_0,Evaluating recent trends reveals that current Platelet distribution width levels are higher relative to the earlier measurement.,SUPPORTED,HOLD,relation_extraction
B_RULE_FROZEN,S3,LANE_B_S3_001cc5e4-71a3-8e4c-507c-d39178b49be8_32207-3_0,Evaluating recent trends reveals that current Platelet distribution width levels are lower relative to the earlier measurement.,CONTRADICTED,HOLD,relation_extraction
B_RULE_FROZEN,S3,LANE_B_S3_001cc5e4-71a3-8e4c-507c-d39178b49be8_32623-1_0,The active reading for Platelet reflects a reduction in value compared to the previous clinical record.,SUPPORTED,HOLD,relation_extraction
B_RULE_FROZEN,S3,LANE_B_S3_001cc5e4-71a3-8e4c-507c-d39178b49be8_32623-1_0,The active reading for Platelet reflects a rise in value compared to the previous clinical record.,CONTRADICTED,HOLD,relation_extraction
B_RULE_FROZEN,S3,LANE_B_S3_001cc5e4-71a3-8e4c-507c-d39178b49be8_33914-3_0,"Compared against baseline measurements from the preceding visit, the patient's current Glomerular filtration rate demonstrates an attenuated reading.",SUPPORTED,HOLD,relation_extraction
B_RULE_FROZEN,S3,LANE_B_S3_001cc5e4-71a3-8e4c-507c-d39178b49be8_33914-3_0,"Compared against baseline measurements from the preceding visit, the patient's current Glomerular filtration rate demonstrates an elevated reading.",CONTRADICTED,HOLD,relation_extraction
B_RULE_FROZEN,S3,LANE_B_S3_001cc5e4-71a3-8e4c-507c-d39178b49be8_33914-3_1,The active reading for Glomerular filtration rate reflects a rise in value compared to the previous clinical record.,SUPPORTED,HOLD,relation_extraction
B_RULE_FROZEN,S3,LANE_B_S3_001cc5e4-71a3-8e4c-507c-d39178b49be8_33914-3_1,The active reading for Glomerular filtration rate reflects a reduction in value compared to the previous clinical record.,CONTRADICTED,HOLD,relation_extraction
B_RULE_FROZEN,S3,LANE_B_S3_001cc5e4-71a3-8e4c-507c-d39178b49be8_33914-3_2,Evaluating recent trends reveals that current Glomerular filtration rate levels are lower relative to the earlier measurement.,SUPPORTED,HOLD,relation_extraction
B_RULE_FROZEN,S3,LANE_B_S3_001cc5e4-71a3-8e4c-507c-d39178b49be8_33914-3_2,Evaluating recent trends reveals that current Glomerular filtration rate levels are higher relative to the earlier measurement.,CONTRADICTED,HOLD,relation_extraction
B_RULE_FROZEN,S3,LANE_B_S3_001cc5e4-71a3-8e4c-507c-d39178b49be8_33914-3_3,Evaluating recent trends reveals that current Glomerular filtration rate levels are lower relative to the earlier measurement.,SUPPORTED,HOLD,relation_extraction
B_RULE_FROZEN,S3,LANE_B_S3_001cc5e4-71a3-8e4c-507c-d39178b49be8_33914-3_3,Evaluating recent trends reveals that current Glomerular filtration rate levels are higher relative to the earlier measurement.,CONTRADICTED,HOLD,relation_extraction
B_RULE_FROZEN,S3,LANE_B_S3_001cc5e4-71a3-8e4c-507c-d39178b49be8_33914-3_4,Diagnostic assessment shows that the most recently documented Glomerular filtration rate surpasses the prior encounter's result.,SUPPORTED,HOLD,relation_extraction
B_RULE_FROZEN,S3,LANE_B_S3_001cc5e4-71a3-8e4c-507c-d39178b49be8_33914-3_4,Diagnostic assessment shows that the most recently documented Glomerular filtration rate drops below the prior encounter's result.,CONTRADICTED,HOLD,relation_extraction
B_RULE_FROZEN,S3,LANE_B_S3_001cc5e4-71a3-8e4c-507c-d39178b49be8_33914-3_5,"Compared against baseline measurements from the preceding visit, the patient's current Glomerular filtration rate demonstrates an attenuated reading.",SUPPORTED,HOLD,relation_extraction
B_RULE_FROZEN,S3,LANE_B_S3_001cc5e4-71a3-8e4c-507c-d39178b49be8_33914-3_5,"Compared against baseline measurements from the preceding visit, the patient's current Glomerular filtration rate demonstrates an elevated reading.",CONTRADICTED,HOLD,relation_extraction
B_RULE_FROZEN,S3,LANE_B_S3_001cc5e4-71a3-8e4c-507c-d39178b49be8_33914-3_6,Diagnostic assessment shows that the most recently documented Glomerular filtration rate surpasses the prior encounter's result.,SUPPORTED,HOLD,relation_extraction
B_RULE_FROZEN,S3,LANE_B_S3_001cc5e4-71a3-8e4c-507c-d39178b49be8_33914-3_6,Diagnostic assessment shows that the most recently documented Glomerular filtration rate drops below the prior encounter's result.,CONTRADICTED,HOLD,relation_extraction
B_RULE_FROZEN,S3,LANE_B_S3_001cc5e4-71a3-8e4c-507c-d39178b49be8_39156-5_7,Diagnostic assessment shows that the most recently documented Body mass index (BMI) drops below the prior encounter's result.,SUPPORTED,HOLD,relation_extraction
B_RULE_FROZEN,S3,LANE_B_S3_001cc5e4-71a3-8e4c-507c-d39178b49be8_39156-5_7,Diagnostic assessment shows that the most recently documented Body mass index (BMI) surpasses the prior encounter's result.,CONTRADICTED,HOLD,relation_extraction
B_RULE_FROZEN,S3,LANE_B_S3_001cc5e4-71a3-8e4c-507c-d39178b49be8_39156-5_8,The active reading for Body mass index (BMI) reflects a reduction in value compared to the previous clinical record.,SUPPORTED,HOLD,relation_extraction
B_RULE_FROZEN,S3,LANE_B_S3_001cc5e4-71a3-8e4c-507c-d39178b49be8_39156-5_8,The active reading for Body mass index (BMI) reflects a rise in value compared to the previous clinical record.,CONTRADICTED,HOLD,relation_extraction
B_RULE_FROZEN,S3,LANE_B_S3_001cc5e4-71a3-8e4c-507c-d39178b49be8_39156-5_9,The active reading for Body mass index (BMI) reflects a reduction in value compared to the previous clinical record.,SUPPORTED,HOLD,relation_extraction
B_RULE_FROZEN,S3,LANE_B_S3_001cc5e4-71a3-8e4c-507c-d39178b49be8_39156-5_9,The active reading for Body mass index (BMI) reflects a rise in value compared to the previous clinical record.,CONTRADICTED,HOLD,relation_extraction
B_RULE_FROZEN,S3,LANE_B_S3_001cc5e4-71a3-8e4c-507c-d39178b49be8_39156-5_10,The active reading for Body mass index (BMI) reflects a reduction in value compared to the previous clinical record.,SUPPORTED,HOLD,relation_extraction
B_RULE_FROZEN,S3,LANE_B_S3_001cc5e4-71a3-8e4c-507c-d39178b49be8_39156-5_10,The active reading for Body mass index (BMI) reflects a rise in value compared to the previous clinical record.,CONTRADICTED,HOLD,relation_extraction
B_RULE_FROZEN,S3,LANE_B_S3_001cc5e4-71a3-8e4c-507c-d39178b49be8_39156-5_11,Diagnostic assessment shows that the most recently documented Body mass index (BMI) drops below the prior encounter's result.,SUPPORTED,HOLD,relation_extraction
B_RULE_FROZEN,S3,LANE_B_S3_001cc5e4-71a3-8e4c-507c-d39178b49be8_39156-5_11,Diagnostic assessment shows that the most recently documented Body mass index (BMI) surpasses the prior encounter's result.,CONTRADICTED,HOLD,relation_extraction
B_RULE_FROZEN,S3,LANE_B_S3_001cc5e4-71a3-8e4c-507c-d39178b49be8_39156-5_12,Diagnostic assessment shows that the most recently documented Body mass index (BMI) surpasses the prior encounter's result.,SUPPORTED,HOLD,relation_extraction
B_RULE_FROZEN,S3,LANE_B_S3_001cc5e4-71a3-8e4c-507c-d39178b49be8_39156-5_12,Diagnostic assessment shows that the most recently documented Body mass index (BMI) drops below the prior encounter's result.,CONTRADICTED,HOLD,relation_extraction
B_RULE_FROZEN,S3,LANE_B_S3_001cc5e4-71a3-8e4c-507c-d39178b49be8_4544-3_0,Evaluating recent trends reveals that current Hematocrit levels are higher relative to the earlier measurement.,SUPPORTED,HOLD,relation_extraction
B_RULE_FROZEN,S3,LANE_B_S3_001cc5e4-71a3-8e4c-507c-d39178b49be8_4544-3_0,Evaluating recent trends reveals that current Hematocrit levels are lower relative to the earlier measurement.,CONTRADICTED,HOLD,relation_extraction
B_RULE_FROZEN,S3,LANE_B_S3_001cc5e4-71a3-8e4c-507c-d39178b49be8_55758-7_0,Evaluating recent trends reveals that current Patient Health Questionnaire 2 item (PHQ-2) total score levels are higher relative to the earlier measurement.,SUPPORTED,HOLD,relation_extraction
B_RULE_FROZEN,S3,LANE_B_S3_001cc5e4-71a3-8e4c-507c-d39178b49be8_55758-7_0,Evaluating recent trends reveals that current Patient Health Questionnaire 2 item (PHQ-2) total score levels are lower relative to the earlier measurement.,CONTRADICTED,HOLD,relation_extraction
B_RULE_FROZEN,S3,LANE_B_S3_001cc5e4-71a3-8e4c-507c-d39178b49be8_55758-7_1,The active reading for Patient Health Questionnaire 2 item (PHQ-2) total score reflects a reduction in value compared to the previous clinical record.,SUPPORTED,HOLD,relation_extraction
B_RULE_FROZEN,S3,LANE_B_S3_001cc5e4-71a3-8e4c-507c-d39178b49be8_55758-7_1,The active reading for Patient Health Questionnaire 2 item (PHQ-2) total score reflects a rise in value compared to the previous clinical record.,CONTRADICTED,HOLD,relation_extraction
B_RULE_FROZEN,S3,LANE_B_S3_001cc5e4-71a3-8e4c-507c-d39178b49be8_55758-7_2,"Compared against baseline measurements from the preceding visit, the patient's current Patient Health Questionnaire 2 item (PHQ-2) total score demonstrates an elevated reading.",SUPPORTED,HOLD,relation_extraction
B_RULE_FROZEN,S3,LANE_B_S3_001cc5e4-71a3-8e4c-507c-d39178b49be8_55758-7_2,"Compared against baseline measurements from the preceding visit, the patient's current Patient Health Questionnaire 2 item (PHQ-2) total score demonstrates an attenuated reading.",CONTRADICTED,HOLD,relation_extraction
B_RULE_FROZEN,S3,LANE_B_S3_001cc5e4-71a3-8e4c-507c-d39178b49be8_55758-7_3,The active reading for Patient Health Questionnaire 2 item (PHQ-2) total score reflects a reduction in value compared to the previous clinical record.,SUPPORTED,HOLD,relation_extraction
B_RULE_FROZEN,S3,LANE_B_S3_001cc5e4-71a3-8e4c-507c-d39178b49be8_55758-7_3,The active reading for Patient Health Questionnaire 2 item (PHQ-2) total score reflects a rise in value compared to the previous clinical record.,CONTRADICTED,HOLD,relation_extraction
B_RULE_FROZEN,S3,LANE_B_S3_001cc5e4-71a3-8e4c-507c-d39178b49be8_55758-7_4,The active reading for Patient Health Questionnaire 2 item (PHQ-2) total score reflects a rise in value compared to the previous clinical record.,SUPPORTED,HOLD,relation_extraction
B_RULE_FROZEN,S3,LANE_B_S3_001cc5e4-71a3-8e4c-507c-d39178b49be8_55758-7_4,The active reading for Patient Health Questionnaire 2 item (PHQ-2) total score reflects a reduction in value compared to the previous clinical record.,CONTRADICTED,HOLD,relation_extraction
B_RULE_FROZEN,S3,LANE_B_S3_001cc5e4-71a3-8e4c-507c-d39178b49be8_55758-7_6,Evaluating recent trends reveals that current Patient Health Questionnaire 2 item (PHQ-2) total score levels are higher relative to the earlier measurement.,SUPPORTED,HOLD,relation_extraction
B_RULE_FROZEN,S3,LANE_B_S3_001cc5e4-71a3-8e4c-507c-d39178b49be8_55758-7_6,Evaluating recent trends reveals that current Patient Health Questionnaire 2 item (PHQ-2) total score levels are lower relative to the earlier measurement.,CONTRADICTED,HOLD,relation_extraction
B_RULE_FROZEN,S3,LANE_B_S3_001cc5e4-71a3-8e4c-507c-d39178b49be8_55758-7_8,Diagnostic assessment shows that the most recently documented Patient Health Questionnaire 2 item (PHQ-2) total score drops below the prior encounter's result.,SUPPORTED,HOLD,relation_extraction
B_RULE_FROZEN,S3,LANE_B_S3_001cc5e4-71a3-8e4c-507c-d39178b49be8_55758-7_8,Diagnostic assessment shows that the most recently documented Patient Health Questionnaire 2 item (PHQ-2) total score surpasses the prior encounter's result.,CONTRADICTED,HOLD,relation_extraction
B_RULE_FROZEN,S3,LANE_B_S3_001cc5e4-71a3-8e4c-507c-d39178b49be8_55758-7_10,The active reading for Patient Health Questionnaire 2 item (PHQ-2) total score reflects a rise in value compared to the previous clinical record.,SUPPORTED,HOLD,relation_extraction
B_RULE_FROZEN,S3,LANE_B_S3_001cc5e4-71a3-8e4c-507c-d39178b49be8_55758-7_10,The active reading for Patient Health Questionnaire 2 item (PHQ-2) total score reflects a reduction in value compared to the previous clinical record.,CONTRADICTED,HOLD,relation_extraction
B_RULE_FROZEN,S3,LANE_B_S3_001cc5e4-71a3-8e4c-507c-d39178b49be8_5792-7_0,"Compared against baseline measurements from the preceding visit, the patient's current Glucose demonstrates an attenuated reading.",SUPPORTED,HOLD,concept_extraction
B_RULE_FROZEN,S3,LANE_B_S3_001cc5e4-71a3-8e4c-507c-d39178b49be8_5792-7_0,"Compared against baseline measurements from the preceding visit, the patient's current Glucose demonstrates an elevated reading.",CONTRADICTED,HOLD,concept_extraction
B_RULE_FROZEN,S3,LANE_B_S3_001cc5e4-71a3-8e4c-507c-d39178b49be8_5792-7_1,Diagnostic assessment shows that the most recently documented Glucose drops below the prior encounter's result.,SUPPORTED,HOLD,concept_extraction
B_RULE_FROZEN,S3,LANE_B_S3_001cc5e4-71a3-8e4c-507c-d39178b49be8_5792-7_1,Diagnostic assessment shows that the most recently documented Glucose surpasses the prior encounter's result.,CONTRADICTED,HOLD,concept_extraction
B_RULE_FROZEN,S3,LANE_B_S3_001cc5e4-71a3-8e4c-507c-d39178b49be8_5792-7_2,"Compared against baseline measurements from the preceding visit, the patient's current Glucose demonstrates an elevated reading.",SUPPORTED,HOLD,concept_extraction
B_RULE_FROZEN,S3,LANE_B_S3_001cc5e4-71a3-8e4c-507c-d39178b49be8_5792-7_2,"Compared against baseline measurements from the preceding visit, the patient's current Glucose demonstrates an attenuated reading.",CONTRADICTED,HOLD,concept_extraction
B_RULE_FROZEN,S3,LANE_B_S3_001cc5e4-71a3-8e4c-507c-d39178b49be8_5792-7_3,"Compared against baseline measurements from the preceding visit, the patient's current Glucose demonstrates an attenuated reading.",SUPPORTED,HOLD,concept_extraction
B_RULE_FROZEN,S3,LANE_B_S3_001cc5e4-71a3-8e4c-507c-d39178b49be8_5792-7_3,"Compared against baseline measurements from the preceding visit, the patient's current Glucose demonstrates an elevated reading.",CONTRADICTED,HOLD,concept_extraction
B_RULE_FROZEN,S3,LANE_B_S3_001cc5e4-71a3-8e4c-507c-d39178b49be8_5792-7_4,Diagnostic assessment shows that the most recently documented Glucose surpasses the prior encounter's result.,SUPPORTED,HOLD,concept_extraction
B_RULE_FROZEN,S3,LANE_B_S3_001cc5e4-71a3-8e4c-507c-d39178b49be8_5792-7_4,Diagnostic assessment shows that the most recently documented Glucose drops below the prior encounter's result.,CONTRADICTED,HOLD,concept_extraction
B_RULE_FROZEN,S3,LANE_B_S3_001cc5e4-71a3-8e4c-507c-d39178b49be8_5792-7_5,Diagnostic assessment shows that the most recently documented Glucose surpasses the prior encounter's result.,SUPPORTED,HOLD,concept_extraction
B_RULE_FROZEN,S3,LANE_B_S3_001cc5e4-71a3-8e4c-507c-d39178b49be8_5792-7_5,Diagnostic assessment shows that the most recently documented Glucose drops below the prior encounter's result.,CONTRADICTED,HOLD,concept_extraction
B_RULE_FROZEN,S3,LANE_B_S3_001cc5e4-71a3-8e4c-507c-d39178b49be8_5792-7_6,"Compared against baseline measurements from the preceding visit, the patient's current Glucose demonstrates an attenuated reading.",SUPPORTED,HOLD,concept_extraction
B_RULE_FROZEN,S3,LANE_B_S3_001cc5e4-71a3-8e4c-507c-d39178b49be8_5792-7_6,"Compared against baseline measurements from the preceding visit, the patient's current Glucose demonstrates an elevated reading.",CONTRADICTED,HOLD,concept_extraction
B_RULE_FROZEN,S3,LANE_B_S3_001cc5e4-71a3-8e4c-507c-d39178b49be8_5792-7_7,The active reading for Glucose reflects a reduction in value compared to the previous clinical record.,SUPPORTED,HOLD,concept_extraction
B_RULE_FROZEN,S3,LANE_B_S3_001cc5e4-71a3-8e4c-507c-d39178b49be8_5792-7_7,The active reading for Glucose reflects a rise in value compared to the previous clinical record.,CONTRADICTED,HOLD,concept_extraction
B_RULE_FROZEN,S3,LANE_B_S3_001cc5e4-71a3-8e4c-507c-d39178b49be8_5797-6_0,Diagnostic assessment shows that the most recently documented Ketones drops below the prior encounter's result.,SUPPORTED,HOLD,relation_extraction
B_RULE_FROZEN,S3,LANE_B_S3_001cc5e4-71a3-8e4c-507c-d39178b49be8_5797-6_0,Diagnostic assessment shows that the most recently documented Ketones surpasses the prior encounter's result.,CONTRADICTED,HOLD,relation_extraction
B_RULE_FROZEN,S3,LANE_B_S3_001cc5e4-71a3-8e4c-507c-d39178b49be8_5797-6_1,The active reading for Ketones reflects a rise in value compared to the previous clinical record.,SUPPORTED,HOLD,relation_extraction
B_RULE_FROZEN,S3,LANE_B_S3_001cc5e4-71a3-8e4c-507c-d39178b49be8_5797-6_1,The active reading for Ketones reflects a reduction in value compared to the previous clinical record.,CONTRADICTED,HOLD,relation_extraction
B_RULE_FROZEN,S3,LANE_B_S3_001cc5e4-71a3-8e4c-507c-d39178b49be8_5797-6_2,Evaluating recent trends reveals that current Ketones levels are lower relative to the earlier measurement.,SUPPORTED,HOLD,relation_extraction
B_RULE_FROZEN,S3,LANE_B_S3_001cc5e4-71a3-8e4c-507c-d39178b49be8_5797-6_2,Evaluating recent trends reveals that current Ketones levels are higher relative to the earlier measurement.,CONTRADICTED,HOLD,relation_extraction
B_RULE_FROZEN,S3,LANE_B_S3_001cc5e4-71a3-8e4c-507c-d39178b49be8_5797-6_3,Evaluating recent trends reveals that current Ketones levels are lower relative to the earlier measurement.,SUPPORTED,HOLD,relation_extraction
B_RULE_FROZEN,S3,LANE_B_S3_001cc5e4-71a3-8e4c-507c-d39178b49be8_5797-6_3,Evaluating recent trends reveals that current Ketones levels are higher relative to the earlier measurement.,CONTRADICTED,HOLD,relation_extraction
B_RULE_FROZEN,S3,LANE_B_S3_001cc5e4-71a3-8e4c-507c-d39178b49be8_5797-6_4,Evaluating recent trends reveals that current Ketones levels are higher relative to the earlier measurement.,SUPPORTED,HOLD,relation_extraction
B_RULE_FROZEN,S3,LANE_B_S3_001cc5e4-71a3-8e4c-507c-d39178b49be8_5797-6_4,Evaluating recent trends reveals that current Ketones levels are lower relative to the earlier measurement.,CONTRADICTED,HOLD,relation_extraction
B_RULE_FROZEN,S3,LANE_B_S3_001cc5e4-71a3-8e4c-507c-d39178b49be8_5797-6_5,Evaluating recent trends reveals that current Ketones levels are lower relative to the earlier measurement.,SUPPORTED,HOLD,relation_extraction
B_RULE_FROZEN,S3,LANE_B_S3_001cc5e4-71a3-8e4c-507c-d39178b49be8_5797-6_5,Evaluating recent trends reveals that current Ketones levels are higher relative to the earlier measurement.,CONTRADICTED,HOLD,relation_extraction
B_RULE_FROZEN,S3,LANE_B_S3_001cc5e4-71a3-8e4c-507c-d39178b49be8_5797-6_6,Evaluating recent trends reveals that current Ketones levels are higher relative to the earlier measurement.,SUPPORTED,HOLD,relation_extraction
B_RULE_FROZEN,S3,LANE_B_S3_001cc5e4-71a3-8e4c-507c-d39178b49be8_5797-6_6,Evaluating recent trends reveals that current Ketones levels are lower relative to the earlier measurement.,CONTRADICTED,HOLD,relation_extraction
B_RULE_FROZEN,S3,LANE_B_S3_001cc5e4-71a3-8e4c-507c-d39178b49be8_5803-2_0,Evaluating recent trends reveals that current pH of Urine by Test strip levels are lower relative to the earlier measurement.,SUPPORTED,HOLD,relation_extraction
B_RULE_FROZEN,S3,LANE_B_S3_001cc5e4-71a3-8e4c-507c-d39178b49be8_5803-2_0,Evaluating recent trends reveals that current pH of Urine by Test strip levels are higher relative to the earlier measurement.,CONTRADICTED,HOLD,relation_extraction
B_RULE_FROZEN,S3,LANE_B_S3_001cc5e4-71a3-8e4c-507c-d39178b49be8_5803-2_1,Diagnostic assessment shows that the most recently documented pH of Urine by Test strip surpasses the prior encounter's result.,SUPPORTED,HOLD,relation_extraction
B_RULE_FROZEN,S3,LANE_B_S3_001cc5e4-71a3-8e4c-507c-d39178b49be8_5803-2_1,Diagnostic assessment shows that the most recently documented pH of Urine by Test strip drops below the prior encounter's result.,CONTRADICTED,HOLD,relation_extraction
B_RULE_FROZEN,S3,LANE_B_S3_001cc5e4-71a3-8e4c-507c-d39178b49be8_5803-2_2,Diagnostic assessment shows that the most recently documented pH of Urine by Test strip drops below the prior encounter's result.,SUPPORTED,HOLD,relation_extraction
B_RULE_FROZEN,S3,LANE_B_S3_001cc5e4-71a3-8e4c-507c-d39178b49be8_5803-2_2,Diagnostic assessment shows that the most recently documented pH of Urine by Test strip surpasses the prior encounter's result.,CONTRADICTED,HOLD,relation_extraction
B_RULE_FROZEN,S3,LANE_B_S3_001cc5e4-71a3-8e4c-507c-d39178b49be8_5803-2_3,Evaluating recent trends reveals that current pH of Urine by Test strip levels are lower relative to the earlier measurement.,SUPPORTED,HOLD,relation_extraction
B_RULE_FROZEN,S3,LANE_B_S3_001cc5e4-71a3-8e4c-507c-d39178b49be8_5803-2_3,Evaluating recent trends reveals that current pH of Urine by Test strip levels are higher relative to the earlier measurement.,CONTRADICTED,HOLD,relation_extraction
B_RULE_FROZEN,S3,LANE_B_S3_001cc5e4-71a3-8e4c-507c-d39178b49be8_5803-2_4,Evaluating recent trends reveals that current pH of Urine by Test strip levels are higher relative to the earlier measurement.,SUPPORTED,HOLD,relation_extraction
B_RULE_FROZEN,S3,LANE_B_S3_001cc5e4-71a3-8e4c-507c-d39178b49be8_5803-2_4,Evaluating recent trends reveals that current pH of Urine by Test strip levels are lower relative to the earlier measurement.,CONTRADICTED,HOLD,relation_extraction
B_RULE_FROZEN,S3,LANE_B_S3_001cc5e4-71a3-8e4c-507c-d39178b49be8_5803-2_5,"Compared against baseline measurements from the preceding visit, the patient's current pH of Urine by Test strip demonstrates an elevated reading.",SUPPORTED,HOLD,relation_extraction
B_RULE_FROZEN,S3,LANE_B_S3_001cc5e4-71a3-8e4c-507c-d39178b49be8_5803-2_5,"Compared against baseline measurements from the preceding visit, the patient's current pH of Urine by Test strip demonstrates an attenuated reading.",CONTRADICTED,HOLD,relation_extraction
B_RULE_FROZEN,S3,LANE_B_S3_001cc5e4-71a3-8e4c-507c-d39178b49be8_5803-2_6,The active reading for pH of Urine by Test strip reflects a reduction in value compared to the previous clinical record.,SUPPORTED,HOLD,relation_extraction
B_RULE_FROZEN,S3,LANE_B_S3_001cc5e4-71a3-8e4c-507c-d39178b49be8_5803-2_6,The active reading for pH of Urine by Test strip reflects a rise in value compared to the previous clinical record.,CONTRADICTED,HOLD,relation_extraction
B_RULE_FROZEN,S3,LANE_B_S3_001cc5e4-71a3-8e4c-507c-d39178b49be8_5803-2_7,Diagnostic assessment shows that the most recently documented pH of Urine by Test strip surpasses the prior encounter's result.,SUPPORTED,HOLD,relation_extraction
B_RULE_FROZEN,S3,LANE_B_S3_001cc5e4-71a3-8e4c-507c-d39178b49be8_5803-2_7,Diagnostic assessment shows that the most recently documented pH of Urine by Test strip drops below the prior encounter's result.,CONTRADICTED,HOLD,relation_extraction
B_RULE_FROZEN,S3,LANE_B_S3_001cc5e4-71a3-8e4c-507c-d39178b49be8_5804-0_0,The active reading for Protein reflects a rise in value compared to the previous clinical record.,SUPPORTED,HOLD,concept_extraction
B_RULE_FROZEN,S3,LANE_B_S3_001cc5e4-71a3-8e4c-507c-d39178b49be8_5804-0_0,The active reading for Protein reflects a reduction in value compared to the previous clinical record.,CONTRADICTED,HOLD,concept_extraction
B_RULE_FROZEN,S3,LANE_B_S3_001cc5e4-71a3-8e4c-507c-d39178b49be8_5804-0_1,"Compared against baseline measurements from the preceding visit, the patient's current Protein demonstrates an attenuated reading.",SUPPORTED,HOLD,concept_extraction
B_RULE_FROZEN,S3,LANE_B_S3_001cc5e4-71a3-8e4c-507c-d39178b49be8_5804-0_1,"Compared against baseline measurements from the preceding visit, the patient's current Protein demonstrates an elevated reading.",CONTRADICTED,HOLD,concept_extraction
B_RULE_FROZEN,S3,LANE_B_S3_001cc5e4-71a3-8e4c-507c-d39178b49be8_5804-0_2,The active reading for Protein reflects a rise in value compared to the previous clinical record.,SUPPORTED,HOLD,concept_extraction
B_RULE_FROZEN,S3,LANE_B_S3_001cc5e4-71a3-8e4c-507c-d39178b49be8_5804-0_2,The active reading for Protein reflects a reduction in value compared to the previous clinical record.,CONTRADICTED,HOLD,concept_extraction
B_RULE_FROZEN,S4,LANE_B_S4_001cc5e4-71a3-8e4c-507c-d39178b49be8_17861-6_0,The latest clinical evaluation confirms Calcium measuring 9.82 mg/dL.,SUPPORTED,HOLD,concept_extraction
B_RULE_FROZEN,S4,LANE_B_S4_001cc5e4-71a3-8e4c-507c-d39178b49be8_17861-6_0,The latest clinical evaluation confirms Calcium measuring 9.45 mg/dL.,CONTRADICTED,HOLD,concept_extraction
B_RULE_FROZEN,S4,LANE_B_S4_001cc5e4-71a3-8e4c-507c-d39178b49be8_17861-6_1,The most recent laboratory panel documents active Calcium at 9.82 mg/dL.,SUPPORTED,HOLD,concept_extraction
B_RULE_FROZEN,S4,LANE_B_S4_001cc5e4-71a3-8e4c-507c-d39178b49be8_17861-6_1,The most recent laboratory panel documents active Calcium at 8.51 mg/dL.,CONTRADICTED,HOLD,concept_extraction
B_RULE_FROZEN,S4,LANE_B_S4_001cc5e4-71a3-8e4c-507c-d39178b49be8_17861-6_2,The latest clinical evaluation confirms Calcium measuring 9.82 mg/dL.,SUPPORTED,HOLD,concept_extraction
B_RULE_FROZEN,S4,LANE_B_S4_001cc5e4-71a3-8e4c-507c-d39178b49be8_17861-6_2,The latest clinical evaluation confirms Calcium measuring 10.08 mg/dL.,CONTRADICTED,HOLD,concept_extraction
B_RULE_FROZEN,S4,LANE_B_S4_001cc5e4-71a3-8e4c-507c-d39178b49be8_17861-6_3,"According to the EHR summary, the active recorded finding for Calcium is 9.82 mg/dL.",SUPPORTED,HOLD,concept_extraction
B_RULE_FROZEN,S4,LANE_B_S4_001cc5e4-71a3-8e4c-507c-d39178b49be8_17861-6_3,"According to the EHR summary, the active recorded finding for Calcium is 9.92 mg/dL.",CONTRADICTED,HOLD,concept_extraction
B_RULE_FROZEN,S4,LANE_B_S4_001cc5e4-71a3-8e4c-507c-d39178b49be8_17861-6_4,"According to the EHR summary, the active recorded finding for Calcium is 9.82 mg/dL.",SUPPORTED,HOLD,concept_extraction
B_RULE_FROZEN,S4,LANE_B_S4_001cc5e4-71a3-8e4c-507c-d39178b49be8_17861-6_4,"According to the EHR summary, the active recorded finding for Calcium is 9.16 mg/dL.",CONTRADICTED,HOLD,concept_extraction
B_RULE_FROZEN,S4,LANE_B_S4_001cc5e4-71a3-8e4c-507c-d39178b49be8_17861-6_5,The most recent laboratory panel documents active Calcium at 9.82 mg/dL.,SUPPORTED,HOLD,concept_extraction
B_RULE_FROZEN,S4,LANE_B_S4_001cc5e4-71a3-8e4c-507c-d39178b49be8_17861-6_5,The most recent laboratory panel documents active Calcium at 10.03 mg/dL.,CONTRADICTED,HOLD,concept_extraction
B_RULE_FROZEN,S4,LANE_B_S4_001cc5e4-71a3-8e4c-507c-d39178b49be8_17861-6_6,"According to the EHR summary, the active recorded finding for Calcium is 9.82 mg/dL.",SUPPORTED,HOLD,concept_extraction
B_RULE_FROZEN,S4,LANE_B_S4_001cc5e4-71a3-8e4c-507c-d39178b49be8_17861-6_6,"According to the EHR summary, the active recorded finding for Calcium is 8.84 mg/dL.",CONTRADICTED,HOLD,concept_extraction
B_RULE_FROZEN,S4,LANE_B_S4_001cc5e4-71a3-8e4c-507c-d39178b49be8_20505-4_0,The latest clinical evaluation confirms Bilirubin.total measuring 0.37872 mg/dL.,SUPPORTED,HOLD,concept_extraction
B_RULE_FROZEN,S4,LANE_B_S4_001cc5e4-71a3-8e4c-507c-d39178b49be8_20505-4_0,The latest clinical evaluation confirms Bilirubin.total measuring 0.59437 mg/dL.,CONTRADICTED,HOLD,concept_extraction
B_RULE_FROZEN,S4,LANE_B_S4_001cc5e4-71a3-8e4c-507c-d39178b49be8_20505-4_1,"Based on active chart documentation, the patient's current Bilirubin.total is confirmed at 0.37872 mg/dL.",SUPPORTED,HOLD,concept_extraction
B_RULE_FROZEN,S4,LANE_B_S4_001cc5e4-71a3-8e4c-507c-d39178b49be8_20505-4_1,"Based on active chart documentation, the patient's current Bilirubin.total is confirmed at 1.0174 mg/dL.",CONTRADICTED,HOLD,concept_extraction
B_RULE_FROZEN,S4,LANE_B_S4_001cc5e4-71a3-8e4c-507c-d39178b49be8_20505-4_2,The most recent laboratory panel documents active Bilirubin.total at 0.37872 mg/dL.,SUPPORTED,HOLD,concept_extraction
B_RULE_FROZEN,S4,LANE_B_S4_001cc5e4-71a3-8e4c-507c-d39178b49be8_20505-4_2,The most recent laboratory panel documents active Bilirubin.total at 1.2389 mg/dL.,CONTRADICTED,HOLD,concept_extraction
B_RULE_FROZEN,S4,LANE_B_S4_001cc5e4-71a3-8e4c-507c-d39178b49be8_20505-4_3,"According to the EHR summary, the active recorded finding for Bilirubin.total is 0.37872 mg/dL.",SUPPORTED,HOLD,concept_extraction
B_RULE_FROZEN,S4,LANE_B_S4_001cc5e4-71a3-8e4c-507c-d39178b49be8_20505-4_3,"According to the EHR summary, the active recorded finding for Bilirubin.total is 1.3589 mg/dL.",CONTRADICTED,HOLD,concept_extraction
B_RULE_FROZEN,S4,LANE_B_S4_001cc5e4-71a3-8e4c-507c-d39178b49be8_20505-4_4,The latest clinical evaluation confirms Bilirubin.total measuring 0.37872 mg/dL.,SUPPORTED,HOLD,concept_extraction
B_RULE_FROZEN,S4,LANE_B_S4_001cc5e4-71a3-8e4c-507c-d39178b49be8_20505-4_4,The latest clinical evaluation confirms Bilirubin.total measuring 0.53396 mg/dL.,CONTRADICTED,HOLD,concept_extraction
B_RULE_FROZEN,S4,LANE_B_S4_001cc5e4-71a3-8e4c-507c-d39178b49be8_20505-4_5,The latest clinical evaluation confirms Bilirubin.total measuring 0.37872 mg/dL.,SUPPORTED,HOLD,concept_extraction
B_RULE_FROZEN,S4,LANE_B_S4_001cc5e4-71a3-8e4c-507c-d39178b49be8_20505-4_5,The latest clinical evaluation confirms Bilirubin.total measuring 1.2467 mg/dL.,CONTRADICTED,HOLD,concept_extraction
B_RULE_FROZEN,S4,LANE_B_S4_001cc5e4-71a3-8e4c-507c-d39178b49be8_20505-4_6,"According to the EHR summary, the active recorded finding for Bilirubin.total is 0.37872 mg/dL.",SUPPORTED,HOLD,concept_extraction
B_RULE_FROZEN,S4,LANE_B_S4_001cc5e4-71a3-8e4c-507c-d39178b49be8_20505-4_6,"According to the EHR summary, the active recorded finding for Bilirubin.total is 1.41 mg/dL.",CONTRADICTED,HOLD,concept_extraction
B_RULE_FROZEN,S4,LANE_B_S4_001cc5e4-71a3-8e4c-507c-d39178b49be8_2075-0_0,"Based on active chart documentation, the patient's current Chloride is confirmed at 106.33 mmol/L.",SUPPORTED,HOLD,concept_extraction
B_RULE_FROZEN,S4,LANE_B_S4_001cc5e4-71a3-8e4c-507c-d39178b49be8_2075-0_0,"Based on active chart documentation, the patient's current Chloride is confirmed at 110.51 mmol/L.",CONTRADICTED,HOLD,concept_extraction
B_RULE_FROZEN,S4,LANE_B_S4_001cc5e4-71a3-8e4c-507c-d39178b49be8_2075-0_1,"Based on active chart documentation, the patient's current Chloride is confirmed at 106.33 mmol/L.",SUPPORTED,HOLD,concept_extraction
B_RULE_FROZEN,S4,LANE_B_S4_001cc5e4-71a3-8e4c-507c-d39178b49be8_2075-0_1,"Based on active chart documentation, the patient's current Chloride is confirmed at 106.28 mmol/L.",CONTRADICTED,HOLD,concept_extraction
B_RULE_FROZEN,S4,LANE_B_S4_001cc5e4-71a3-8e4c-507c-d39178b49be8_2075-0_2,The latest clinical evaluation confirms Chloride measuring 106.33 mmol/L.,SUPPORTED,HOLD,concept_extraction
B_RULE_FROZEN,S4,LANE_B_S4_001cc5e4-71a3-8e4c-507c-d39178b49be8_2075-0_2,The latest clinical evaluation confirms Chloride measuring 101.73 mmol/L.,CONTRADICTED,HOLD,concept_extraction
B_RULE_FROZEN,S4,LANE_B_S4_001cc5e4-71a3-8e4c-507c-d39178b49be8_2075-0_3,"Based on active chart documentation, the patient's current Chloride is confirmed at 106.33 mmol/L.",SUPPORTED,HOLD,concept_extraction
B_RULE_FROZEN,S4,LANE_B_S4_001cc5e4-71a3-8e4c-507c-d39178b49be8_2075-0_3,"Based on active chart documentation, the patient's current Chloride is confirmed at 109.25 mmol/L.",CONTRADICTED,HOLD,concept_extraction
B_RULE_FROZEN,S4,LANE_B_S4_001cc5e4-71a3-8e4c-507c-d39178b49be8_2075-0_4,The latest clinical evaluation confirms Chloride measuring 106.33 mmol/L.,SUPPORTED,HOLD,concept_extraction
B_RULE_FROZEN,S4,LANE_B_S4_001cc5e4-71a3-8e4c-507c-d39178b49be8_2075-0_4,The latest clinical evaluation confirms Chloride measuring 109.15 mmol/L.,CONTRADICTED,HOLD,concept_extraction
B_RULE_FROZEN,S4,LANE_B_S4_001cc5e4-71a3-8e4c-507c-d39178b49be8_2075-0_5,The most recent laboratory panel documents active Chloride at 106.33 mmol/L.,SUPPORTED,HOLD,concept_extraction
B_RULE_FROZEN,S4,LANE_B_S4_001cc5e4-71a3-8e4c-507c-d39178b49be8_2075-0_5,The most recent laboratory panel documents active Chloride at 103.6 mmol/L.,CONTRADICTED,HOLD,concept_extraction
B_RULE_FROZEN,S4,LANE_B_S4_001cc5e4-71a3-8e4c-507c-d39178b49be8_2075-0_6,The latest clinical evaluation confirms Chloride measuring 106.33 mmol/L.,SUPPORTED,HOLD,concept_extraction
B_RULE_FROZEN,S4,LANE_B_S4_001cc5e4-71a3-8e4c-507c-d39178b49be8_2075-0_6,The latest clinical evaluation confirms Chloride measuring 103.49 mmol/L.,CONTRADICTED,HOLD,concept_extraction
B_RULE_FROZEN,S4,LANE_B_S4_001cc5e4-71a3-8e4c-507c-d39178b49be8_2345-7_0,"Based on active chart documentation, the patient's current Glucose is confirmed at 99.24 mg/dL.",SUPPORTED,HOLD,concept_extraction
B_RULE_FROZEN,S4,LANE_B_S4_001cc5e4-71a3-8e4c-507c-d39178b49be8_2345-7_0,"Based on active chart documentation, the patient's current Glucose is confirmed at 69.3 mg/dL.",CONTRADICTED,HOLD,concept_extraction
B_RULE_FROZEN,S4,LANE_B_S4_001cc5e4-71a3-8e4c-507c-d39178b49be8_2345-7_1,The latest clinical evaluation confirms Glucose measuring 99.24 mg/dL.,SUPPORTED,HOLD,concept_extraction
B_RULE_FROZEN,S4,LANE_B_S4_001cc5e4-71a3-8e4c-507c-d39178b49be8_2345-7_1,The latest clinical evaluation confirms Glucose measuring 64.23 mg/dL.,CONTRADICTED,HOLD,concept_extraction
B_RULE_FROZEN,S4,LANE_B_S4_001cc5e4-71a3-8e4c-507c-d39178b49be8_2345-7_2,"Based on active chart documentation, the patient's current Glucose is confirmed at 99.24 mg/dL.",SUPPORTED,HOLD,concept_extraction
B_RULE_FROZEN,S4,LANE_B_S4_001cc5e4-71a3-8e4c-507c-d39178b49be8_2345-7_2,"Based on active chart documentation, the patient's current Glucose is confirmed at 73.28 mg/dL.",CONTRADICTED,HOLD,concept_extraction
B_RULE_FROZEN,S4,LANE_B_S4_001cc5e4-71a3-8e4c-507c-d39178b49be8_2345-7_3,The most recent laboratory panel documents active Glucose at 99.24 mg/dL.,SUPPORTED,HOLD,concept_extraction
B_RULE_FROZEN,S4,LANE_B_S4_001cc5e4-71a3-8e4c-507c-d39178b49be8_2345-7_3,The most recent laboratory panel documents active Glucose at 96.98 mg/dL.,CONTRADICTED,HOLD,concept_extraction
B_RULE_FROZEN,S4,LANE_B_S4_001cc5e4-71a3-8e4c-507c-d39178b49be8_2345-7_4,"Based on active chart documentation, the patient's current Glucose is confirmed at 99.24 mg/dL.",SUPPORTED,HOLD,concept_extraction
B_RULE_FROZEN,S4,LANE_B_S4_001cc5e4-71a3-8e4c-507c-d39178b49be8_2345-7_4,"Based on active chart documentation, the patient's current Glucose is confirmed at 77.25 mg/dL.",CONTRADICTED,HOLD,concept_extraction
B_RULE_FROZEN,S4,LANE_B_S4_001cc5e4-71a3-8e4c-507c-d39178b49be8_2345-7_5,"Based on active chart documentation, the patient's current Glucose is confirmed at 99.24 mg/dL.",SUPPORTED,HOLD,concept_extraction
B_RULE_FROZEN,S4,LANE_B_S4_001cc5e4-71a3-8e4c-507c-d39178b49be8_2345-7_5,"Based on active chart documentation, the patient's current Glucose is confirmed at 77.43 mg/dL.",CONTRADICTED,HOLD,concept_extraction
B_RULE_FROZEN,S4,LANE_B_S4_001cc5e4-71a3-8e4c-507c-d39178b49be8_2345-7_6,The most recent laboratory panel documents active Glucose at 99.24 mg/dL.,SUPPORTED,HOLD,concept_extraction
B_RULE_FROZEN,S4,LANE_B_S4_001cc5e4-71a3-8e4c-507c-d39178b49be8_2345-7_6,The most recent laboratory panel documents active Glucose at 69.51 mg/dL.,CONTRADICTED,HOLD,concept_extraction
B_RULE_FROZEN,S4,LANE_B_S4_001cc5e4-71a3-8e4c-507c-d39178b49be8_2823-3_0,The latest clinical evaluation confirms Potassium measuring 4.58 mmol/L.,SUPPORTED,HOLD,concept_extraction
B_RULE_FROZEN,S4,LANE_B_S4_001cc5e4-71a3-8e4c-507c-d39178b49be8_2823-3_0,The latest clinical evaluation confirms Potassium measuring 4.84 mmol/L.,CONTRADICTED,HOLD,concept_extraction
B_RULE_FROZEN,S4,LANE_B_S4_001cc5e4-71a3-8e4c-507c-d39178b49be8_2823-3_1,"According to the EHR summary, the active recorded finding for Potassium is 4.58 mmol/L.",SUPPORTED,HOLD,concept_extraction
B_RULE_FROZEN,S4,LANE_B_S4_001cc5e4-71a3-8e4c-507c-d39178b49be8_2823-3_1,"According to the EHR summary, the active recorded finding for Potassium is 5.04 mmol/L.",CONTRADICTED,HOLD,concept_extraction
B_RULE_FROZEN,S4,LANE_B_S4_001cc5e4-71a3-8e4c-507c-d39178b49be8_2823-3_2,The latest clinical evaluation confirms Potassium measuring 4.58 mmol/L.,SUPPORTED,HOLD,concept_extraction
B_RULE_FROZEN,S4,LANE_B_S4_001cc5e4-71a3-8e4c-507c-d39178b49be8_2823-3_2,The latest clinical evaluation confirms Potassium measuring 4.85 mmol/L.,CONTRADICTED,HOLD,concept_extraction
B_RULE_FROZEN,S4,LANE_B_S4_001cc5e4-71a3-8e4c-507c-d39178b49be8_2823-3_3,"Based on active chart documentation, the patient's current Potassium is confirmed at 4.58 mmol/L.",SUPPORTED,HOLD,concept_extraction
B_RULE_FROZEN,S4,LANE_B_S4_001cc5e4-71a3-8e4c-507c-d39178b49be8_2823-3_3,"Based on active chart documentation, the patient's current Potassium is confirmed at 4.56 mmol/L.",CONTRADICTED,HOLD,concept_extraction
B_RULE_FROZEN,S4,LANE_B_S4_001cc5e4-71a3-8e4c-507c-d39178b49be8_2823-3_4,The most recent laboratory panel documents active Potassium at 4.58 mmol/L.,SUPPORTED,HOLD,concept_extraction
B_RULE_FROZEN,S4,LANE_B_S4_001cc5e4-71a3-8e4c-507c-d39178b49be8_2823-3_4,The most recent laboratory panel documents active Potassium at 4.55 mmol/L.,CONTRADICTED,HOLD,concept_extraction
B_RULE_FROZEN,S4,LANE_B_S4_001cc5e4-71a3-8e4c-507c-d39178b49be8_2823-3_5,The latest clinical evaluation confirms Potassium measuring 4.58 mmol/L.,SUPPORTED,HOLD,concept_extraction
B_RULE_FROZEN,S4,LANE_B_S4_001cc5e4-71a3-8e4c-507c-d39178b49be8_2823-3_5,The latest clinical evaluation confirms Potassium measuring 4.69 mmol/L.,CONTRADICTED,HOLD,concept_extraction
B_RULE_FROZEN,S4,LANE_B_S4_001cc5e4-71a3-8e4c-507c-d39178b49be8_2823-3_6,"According to the EHR summary, the active recorded finding for Potassium is 4.58 mmol/L.",SUPPORTED,HOLD,concept_extraction
B_RULE_FROZEN,S4,LANE_B_S4_001cc5e4-71a3-8e4c-507c-d39178b49be8_2823-3_6,"According to the EHR summary, the active recorded finding for Potassium is 4.32 mmol/L.",CONTRADICTED,HOLD,concept_extraction
B_RULE_FROZEN,S4,LANE_B_S4_001cc5e4-71a3-8e4c-507c-d39178b49be8_2951-2_0,"Based on active chart documentation, the patient's current Sodium is confirmed at 140.96 mmol/L.",SUPPORTED,HOLD,concept_extraction
B_RULE_FROZEN,S4,LANE_B_S4_001cc5e4-71a3-8e4c-507c-d39178b49be8_2951-2_0,"Based on active chart documentation, the patient's current Sodium is confirmed at 140.53 mmol/L.",CONTRADICTED,HOLD,concept_extraction
B_RULE_FROZEN,S4,LANE_B_S4_001cc5e4-71a3-8e4c-507c-d39178b49be8_2951-2_1,"Based on active chart documentation, the patient's current Sodium is confirmed at 140.96 mmol/L.",SUPPORTED,HOLD,concept_extraction
B_RULE_FROZEN,S4,LANE_B_S4_001cc5e4-71a3-8e4c-507c-d39178b49be8_2951-2_1,"Based on active chart documentation, the patient's current Sodium is confirmed at 143.85 mmol/L.",CONTRADICTED,HOLD,concept_extraction
B_RULE_FROZEN,S4,LANE_B_S4_001cc5e4-71a3-8e4c-507c-d39178b49be8_2951-2_2,The most recent laboratory panel documents active Sodium at 140.96 mmol/L.,SUPPORTED,HOLD,concept_extraction
B_RULE_FROZEN,S4,LANE_B_S4_001cc5e4-71a3-8e4c-507c-d39178b49be8_2951-2_2,The most recent laboratory panel documents active Sodium at 140.21 mmol/L.,CONTRADICTED,HOLD,concept_extraction
B_RULE_FROZEN,S4,LANE_B_S4_001cc5e4-71a3-8e4c-507c-d39178b49be8_2951-2_3,The latest clinical evaluation confirms Sodium measuring 140.96 mmol/L.,SUPPORTED,HOLD,concept_extraction
B_RULE_FROZEN,S4,LANE_B_S4_001cc5e4-71a3-8e4c-507c-d39178b49be8_2951-2_3,The latest clinical evaluation confirms Sodium measuring 141.84 mmol/L.,CONTRADICTED,HOLD,concept_extraction
B_RULE_FROZEN,S4,LANE_B_S4_001cc5e4-71a3-8e4c-507c-d39178b49be8_2951-2_4,"Based on active chart documentation, the patient's current Sodium is confirmed at 140.96 mmol/L.",SUPPORTED,HOLD,concept_extraction
B_RULE_FROZEN,S4,LANE_B_S4_001cc5e4-71a3-8e4c-507c-d39178b49be8_2951-2_4,"Based on active chart documentation, the patient's current Sodium is confirmed at 140.58 mmol/L.",CONTRADICTED,HOLD,concept_extraction
B_RULE_FROZEN,S4,LANE_B_S4_001cc5e4-71a3-8e4c-507c-d39178b49be8_2951-2_5,"Based on active chart documentation, the patient's current Sodium is confirmed at 140.96 mmol/L.",SUPPORTED,HOLD,concept_extraction
B_RULE_FROZEN,S4,LANE_B_S4_001cc5e4-71a3-8e4c-507c-d39178b49be8_2951-2_5,"Based on active chart documentation, the patient's current Sodium is confirmed at 143.62 mmol/L.",CONTRADICTED,HOLD,concept_extraction
B_RULE_FROZEN,S4,LANE_B_S4_001cc5e4-71a3-8e4c-507c-d39178b49be8_2951-2_6,The most recent laboratory panel documents active Sodium at 140.96 mmol/L.,SUPPORTED,HOLD,concept_extraction
B_RULE_FROZEN,S4,LANE_B_S4_001cc5e4-71a3-8e4c-507c-d39178b49be8_2951-2_6,The most recent laboratory panel documents active Sodium at 141.56 mmol/L.,CONTRADICTED,HOLD,concept_extraction
B_RULE_FROZEN,S4,LANE_B_S4_001cc5e4-71a3-8e4c-507c-d39178b49be8_3094-0_0,The most recent laboratory panel documents active Urea nitrogen at 16.68 mg/dL.,SUPPORTED,HOLD,concept_extraction
B_RULE_FROZEN,S4,LANE_B_S4_001cc5e4-71a3-8e4c-507c-d39178b49be8_3094-0_0,The most recent laboratory panel documents active Urea nitrogen at 18.34 mg/dL.,CONTRADICTED,HOLD,concept_extraction
B_RULE_FROZEN,S4,LANE_B_S4_001cc5e4-71a3-8e4c-507c-d39178b49be8_3094-0_1,The most recent laboratory panel documents active Urea nitrogen at 16.68 mg/dL.,SUPPORTED,HOLD,concept_extraction
B_RULE_FROZEN,S4,LANE_B_S4_001cc5e4-71a3-8e4c-507c-d39178b49be8_3094-0_1,The most recent laboratory panel documents active Urea nitrogen at 7.45 mg/dL.,CONTRADICTED,HOLD,concept_extraction
B_RULE_FROZEN,S4,LANE_B_S4_001cc5e4-71a3-8e4c-507c-d39178b49be8_3094-0_2,The latest clinical evaluation confirms Urea nitrogen measuring 16.68 mg/dL.,SUPPORTED,HOLD,concept_extraction
B_RULE_FROZEN,S4,LANE_B_S4_001cc5e4-71a3-8e4c-507c-d39178b49be8_3094-0_2,The latest clinical evaluation confirms Urea nitrogen measuring 13.92 mg/dL.,CONTRADICTED,HOLD,concept_extraction
B_RULE_FROZEN,S4,LANE_B_S4_001cc5e4-71a3-8e4c-507c-d39178b49be8_3094-0_3,The latest clinical evaluation confirms Urea nitrogen measuring 16.68 mg/dL.,SUPPORTED,HOLD,concept_extraction
B_RULE_FROZEN,S4,LANE_B_S4_001cc5e4-71a3-8e4c-507c-d39178b49be8_3094-0_3,The latest clinical evaluation confirms Urea nitrogen measuring 14.99 mg/dL.,CONTRADICTED,HOLD,concept_extraction
B_RULE_FROZEN,S4,LANE_B_S4_001cc5e4-71a3-8e4c-507c-d39178b49be8_3094-0_4,The latest clinical evaluation confirms Urea nitrogen measuring 16.68 mg/dL.,SUPPORTED,HOLD,concept_extraction
B_RULE_FROZEN,S4,LANE_B_S4_001cc5e4-71a3-8e4c-507c-d39178b49be8_3094-0_4,The latest clinical evaluation confirms Urea nitrogen measuring 15.81 mg/dL.,CONTRADICTED,HOLD,concept_extraction
B_RULE_FROZEN,S4,LANE_B_S4_001cc5e4-71a3-8e4c-507c-d39178b49be8_3094-0_5,"According to the EHR summary, the active recorded finding for Urea nitrogen is 16.68 mg/dL.",SUPPORTED,HOLD,concept_extraction
B_RULE_FROZEN,S4,LANE_B_S4_001cc5e4-71a3-8e4c-507c-d39178b49be8_3094-0_5,"According to the EHR summary, the active recorded finding for Urea nitrogen is 17.39 mg/dL.",CONTRADICTED,HOLD,concept_extraction
B_RULE_FROZEN,S4,LANE_B_S4_001cc5e4-71a3-8e4c-507c-d39178b49be8_3094-0_6,The most recent laboratory panel documents active Urea nitrogen at 16.68 mg/dL.,SUPPORTED,HOLD,concept_extraction
B_RULE_FROZEN,S4,LANE_B_S4_001cc5e4-71a3-8e4c-507c-d39178b49be8_3094-0_6,The most recent laboratory panel documents active Urea nitrogen at 9.91 mg/dL.,CONTRADICTED,HOLD,concept_extraction
B_RULE_FROZEN,S4,LANE_B_S4_001cc5e4-71a3-8e4c-507c-d39178b49be8_33914-3_0,The most recent laboratory panel documents active Glomerular filtration rate at 68.694 mL/min/{1.73_m2}.,SUPPORTED,BLOCK,numeric_value
B_RULE_FROZEN,S4,LANE_B_S4_001cc5e4-71a3-8e4c-507c-d39178b49be8_33914-3_1,The latest clinical evaluation confirms Glomerular filtration rate measuring 68.694 mL/min/{1.73_m2}.,SUPPORTED,BLOCK,numeric_value
B_RULE_FROZEN,S4,LANE_B_S4_001cc5e4-71a3-8e4c-507c-d39178b49be8_33914-3_2,"According to the EHR summary, the active recorded finding for Glomerular filtration rate is 68.694 mL/min/{1.73_m2}.",SUPPORTED,BLOCK,numeric_value
B_RULE_FROZEN,S4,LANE_B_S4_001cc5e4-71a3-8e4c-507c-d39178b49be8_33914-3_3,The latest clinical evaluation confirms Glomerular filtration rate measuring 68.694 mL/min/{1.73_m2}.,SUPPORTED,BLOCK,numeric_value
B_RULE_FROZEN,S4,LANE_B_S4_001cc5e4-71a3-8e4c-507c-d39178b49be8_33914-3_4,The most recent laboratory panel documents active Glomerular filtration rate at 68.694 mL/min/{1.73_m2}.,SUPPORTED,BLOCK,numeric_value
B_RULE_FROZEN,S4,LANE_B_S4_001cc5e4-71a3-8e4c-507c-d39178b49be8_33914-3_5,The latest clinical evaluation confirms Glomerular filtration rate measuring 68.694 mL/min/{1.73_m2}.,SUPPORTED,BLOCK,numeric_value
B_RULE_FROZEN,S4,LANE_B_S4_001cc5e4-71a3-8e4c-507c-d39178b49be8_33914-3_6,The latest clinical evaluation confirms Glomerular filtration rate measuring 68.694 mL/min/{1.73_m2}.,SUPPORTED,BLOCK,numeric_value
B_RULE_FROZEN,S4,LANE_B_S4_001cc5e4-71a3-8e4c-507c-d39178b49be8_39156-5_0,"According to the EHR summary, the active recorded finding for Body mass index (BMI) is 27.91 kg/m2.",SUPPORTED,BLOCK,numeric_value
B_RULE_FROZEN,S4,LANE_B_S4_001cc5e4-71a3-8e4c-507c-d39178b49be8_39156-5_1,The most recent laboratory panel documents active Body mass index (BMI) at 27.91 kg/m2.,SUPPORTED,BLOCK,numeric_value
B_RULE_FROZEN,S4,LANE_B_S4_001cc5e4-71a3-8e4c-507c-d39178b49be8_39156-5_2,"According to the EHR summary, the active recorded finding for Body mass index (BMI) is 27.91 kg/m2.",SUPPORTED,BLOCK,numeric_value
B_RULE_FROZEN,S4,LANE_B_S4_001cc5e4-71a3-8e4c-507c-d39178b49be8_39156-5_3,"Based on active chart documentation, the patient's current Body mass index (BMI) is confirmed at 27.91 kg/m2.",SUPPORTED,BLOCK,numeric_value
B_RULE_FROZEN,S4,LANE_B_S4_001cc5e4-71a3-8e4c-507c-d39178b49be8_39156-5_4,The latest clinical evaluation confirms Body mass index (BMI) measuring 27.91 kg/m2.,SUPPORTED,BLOCK,numeric_value
B_RULE_FROZEN,S4,LANE_B_S4_001cc5e4-71a3-8e4c-507c-d39178b49be8_39156-5_5,The latest clinical evaluation confirms Body mass index (BMI) measuring 27.91 kg/m2.,SUPPORTED,BLOCK,numeric_value
B_RULE_FROZEN,S4,LANE_B_S4_001cc5e4-71a3-8e4c-507c-d39178b49be8_39156-5_6,"Based on active chart documentation, the patient's current Body mass index (BMI) is confirmed at 27.91 kg/m2.",SUPPORTED,BLOCK,numeric_value
B_RULE_FROZEN,S4,LANE_B_S4_001cc5e4-71a3-8e4c-507c-d39178b49be8_39156-5_7,The latest clinical evaluation confirms Body mass index (BMI) measuring 27.91 kg/m2.,SUPPORTED,BLOCK,numeric_value
B_RULE_FROZEN,S4,LANE_B_S4_001cc5e4-71a3-8e4c-507c-d39178b49be8_39156-5_8,The latest clinical evaluation confirms Body mass index (BMI) measuring 27.91 kg/m2.,SUPPORTED,BLOCK,numeric_value
B_RULE_FROZEN,S4,LANE_B_S4_001cc5e4-71a3-8e4c-507c-d39178b49be8_39156-5_9,The most recent laboratory panel documents active Body mass index (BMI) at 27.91 kg/m2.,SUPPORTED,BLOCK,numeric_value
B_RULE_FROZEN,S4,LANE_B_S4_001cc5e4-71a3-8e4c-507c-d39178b49be8_39156-5_10,"Based on active chart documentation, the patient's current Body mass index (BMI) is confirmed at 27.91 kg/m2.",SUPPORTED,BLOCK,numeric_value
B_RULE_FROZEN,S4,LANE_B_S4_001cc5e4-71a3-8e4c-507c-d39178b49be8_39156-5_11,The latest clinical evaluation confirms Body mass index (BMI) measuring 27.91 kg/m2.,SUPPORTED,BLOCK,numeric_value
B_RULE_FROZEN,S4,LANE_B_S4_001cc5e4-71a3-8e4c-507c-d39178b49be8_39156-5_12,The latest clinical evaluation confirms Body mass index (BMI) measuring 27.91 kg/m2.,SUPPORTED,BLOCK,numeric_value
B_RULE_FROZEN,S4,LANE_B_S4_001cc5e4-71a3-8e4c-507c-d39178b49be8_5792-7_0,The latest clinical evaluation confirms Glucose measuring 0.6503 mg/dL.,SUPPORTED,HOLD,concept_extraction
B_RULE_FROZEN,S4,LANE_B_S4_001cc5e4-71a3-8e4c-507c-d39178b49be8_5792-7_0,The latest clinical evaluation confirms Glucose measuring 3.4171 mg/dL.,CONTRADICTED,HOLD,concept_extraction
B_RULE_FROZEN,S4,LANE_B_S4_001cc5e4-71a3-8e4c-507c-d39178b49be8_5792-7_1,"According to the EHR summary, the active recorded finding for Glucose is 0.6503 mg/dL.",SUPPORTED,HOLD,concept_extraction
B_RULE_FROZEN,S4,LANE_B_S4_001cc5e4-71a3-8e4c-507c-d39178b49be8_5792-7_1,"According to the EHR summary, the active recorded finding for Glucose is 1.8336 mg/dL.",CONTRADICTED,HOLD,concept_extraction
B_RULE_FROZEN,S4,LANE_B_S4_001cc5e4-71a3-8e4c-507c-d39178b49be8_5792-7_2,The latest clinical evaluation confirms Glucose measuring 0.6503 mg/dL.,SUPPORTED,HOLD,concept_extraction
B_RULE_FROZEN,S4,LANE_B_S4_001cc5e4-71a3-8e4c-507c-d39178b49be8_5792-7_2,The latest clinical evaluation confirms Glucose measuring 0.58446 mg/dL.,CONTRADICTED,HOLD,concept_extraction
B_RULE_FROZEN,S4,LANE_B_S4_001cc5e4-71a3-8e4c-507c-d39178b49be8_5792-7_3,The latest clinical evaluation confirms Glucose measuring 0.6503 mg/dL.,SUPPORTED,HOLD,concept_extraction
B_RULE_FROZEN,S4,LANE_B_S4_001cc5e4-71a3-8e4c-507c-d39178b49be8_5792-7_3,The latest clinical evaluation confirms Glucose measuring 2.4923 mg/dL.,CONTRADICTED,HOLD,concept_extraction
B_RULE_FROZEN,S4,LANE_B_S4_001cc5e4-71a3-8e4c-507c-d39178b49be8_5792-7_4,The latest clinical evaluation confirms Glucose measuring 0.6503 mg/dL.,SUPPORTED,HOLD,concept_extraction
B_RULE_FROZEN,S4,LANE_B_S4_001cc5e4-71a3-8e4c-507c-d39178b49be8_5792-7_4,The latest clinical evaluation confirms Glucose measuring 0.81758 mg/dL.,CONTRADICTED,HOLD,concept_extraction
B_RULE_FROZEN,S4,LANE_B_S4_001cc5e4-71a3-8e4c-507c-d39178b49be8_5792-7_5,"Based on active chart documentation, the patient's current Glucose is confirmed at 0.6503 mg/dL.",SUPPORTED,HOLD,concept_extraction
B_RULE_FROZEN,S4,LANE_B_S4_001cc5e4-71a3-8e4c-507c-d39178b49be8_5792-7_5,"Based on active chart documentation, the patient's current Glucose is confirmed at 0.94029 mg/dL.",CONTRADICTED,HOLD,concept_extraction
B_RULE_FROZEN,S4,LANE_B_S4_001cc5e4-71a3-8e4c-507c-d39178b49be8_5792-7_6,"According to the EHR summary, the active recorded finding for Glucose is 0.6503 mg/dL.",SUPPORTED,HOLD,concept_extraction
B_RULE_FROZEN,S4,LANE_B_S4_001cc5e4-71a3-8e4c-507c-d39178b49be8_5792-7_6,"According to the EHR summary, the active recorded finding for Glucose is 2.4338 mg/dL.",CONTRADICTED,HOLD,concept_extraction
B_RULE_FROZEN,S4,LANE_B_S4_001cc5e4-71a3-8e4c-507c-d39178b49be8_5792-7_7,The most recent laboratory panel documents active Glucose at 0.6503 mg/dL.,SUPPORTED,HOLD,concept_extraction
B_RULE_FROZEN,S4,LANE_B_S4_001cc5e4-71a3-8e4c-507c-d39178b49be8_5792-7_7,The most recent laboratory panel documents active Glucose at 1.3195 mg/dL.,CONTRADICTED,HOLD,concept_extraction
B_HYBRID_FROZEN,S1,LANE_B_S1_001cc5e4-71a3-8e4c-507c-d39178b49be8_17861-6_2,Serial laboratory testing indicates that Calcium levels have consistently decreased over the patient's past 3 recorded outpatient encounters.,SUPPORTED,HOLD,concept_extraction
B_HYBRID_FROZEN,S1,LANE_B_S1_001cc5e4-71a3-8e4c-507c-d39178b49be8_17861-6_2,Serial laboratory testing indicates that Calcium levels have consistently increased over the patient's past 3 recorded outpatient encounters.,CONTRADICTED,HOLD,concept_extraction
B_HYBRID_FROZEN,S1,LANE_B_S1_001cc5e4-71a3-8e4c-507c-d39178b49be8_18262-6_0,The patient's longitudinal EHR chart reveals a progressively rising trajectory in Cholesterol in LDL across three recent clinical evaluations.,CONTRADICTED,HOLD,relation_extraction
B_HYBRID_FROZEN,S1,LANE_B_S1_001cc5e4-71a3-8e4c-507c-d39178b49be8_2028-9_0,"Review of consecutive diagnostic workups demonstrates a steady upward progression in Carbon dioxide, total across the prior three visits.",SUPPORTED,BLOCK,relation_extraction
B_HYBRID_FROZEN,S1,LANE_B_S1_001cc5e4-71a3-8e4c-507c-d39178b49be8_2028-9_5,"Longitudinal monitoring confirms that Carbon dioxide, total measurements have been trending upward over the course of the last 3 checkups.",SUPPORTED,BLOCK,relation_extraction
B_HYBRID_FROZEN,S1,LANE_B_S1_001cc5e4-71a3-8e4c-507c-d39178b49be8_20505-4_0,Review of consecutive diagnostic workups demonstrates a steady upward progression in Bilirubin.total across the prior three visits.,SUPPORTED,BLOCK,concept_extraction
B_HYBRID_FROZEN,S1,LANE_B_S1_001cc5e4-71a3-8e4c-507c-d39178b49be8_20505-4_1,Serial laboratory testing indicates that Bilirubin.total levels have consistently increased over the patient's past 3 recorded outpatient encounters.,SUPPORTED,HOLD,concept_extraction
B_HYBRID_FROZEN,S1,LANE_B_S1_001cc5e4-71a3-8e4c-507c-d39178b49be8_20505-4_1,Serial laboratory testing indicates that Bilirubin.total levels have consistently decreased over the patient's past 3 recorded outpatient encounters.,CONTRADICTED,HOLD,concept_extraction
B_HYBRID_FROZEN,S1,LANE_B_S1_001cc5e4-71a3-8e4c-507c-d39178b49be8_20505-4_4,Serial laboratory testing indicates that Bilirubin.total levels have consistently increased over the patient's past 3 recorded outpatient encounters.,SUPPORTED,HOLD,concept_extraction
B_HYBRID_FROZEN,S1,LANE_B_S1_001cc5e4-71a3-8e4c-507c-d39178b49be8_20505-4_4,Serial laboratory testing indicates that Bilirubin.total levels have consistently decreased over the patient's past 3 recorded outpatient encounters.,CONTRADICTED,HOLD,concept_extraction
B_HYBRID_FROZEN,S1,LANE_B_S1_001cc5e4-71a3-8e4c-507c-d39178b49be8_2075-0_0,Longitudinal monitoring confirms that Chloride measurements have been trending upward over the course of the last 3 checkups.,CONTRADICTED,PASS,concept_extraction
B_HYBRID_FROZEN,S1,LANE_B_S1_001cc5e4-71a3-8e4c-507c-d39178b49be8_2075-0_3,Serial laboratory testing indicates that Chloride levels have consistently decreased over the patient's past 3 recorded outpatient encounters.,SUPPORTED,HOLD,concept_extraction
B_HYBRID_FROZEN,S1,LANE_B_S1_001cc5e4-71a3-8e4c-507c-d39178b49be8_2075-0_3,Serial laboratory testing indicates that Chloride levels have consistently increased over the patient's past 3 recorded outpatient encounters.,CONTRADICTED,HOLD,concept_extraction
B_HYBRID_FROZEN,S1,LANE_B_S1_001cc5e4-71a3-8e4c-507c-d39178b49be8_2075-0_4,Longitudinal monitoring confirms that Chloride measurements have been trending upward over the course of the last 3 checkups.,CONTRADICTED,PASS,concept_extraction
B_HYBRID_FROZEN,S1,LANE_B_S1_001cc5e4-71a3-8e4c-507c-d39178b49be8_2085-9_0,Review of consecutive diagnostic workups demonstrates a steady upward progression in Cholesterol in HDL across the prior three visits.,CONTRADICTED,PASS,relation_extraction
B_HYBRID_FROZEN,S1,LANE_B_S1_001cc5e4-71a3-8e4c-507c-d39178b49be8_2093-3_0,Serial laboratory testing indicates that Cholesterol levels have consistently decreased over the patient's past 3 recorded outpatient encounters.,SUPPORTED,HOLD,relation_extraction
B_HYBRID_FROZEN,S1,LANE_B_S1_001cc5e4-71a3-8e4c-507c-d39178b49be8_2093-3_0,Serial laboratory testing indicates that Cholesterol levels have consistently increased over the patient's past 3 recorded outpatient encounters.,CONTRADICTED,HOLD,relation_extraction
B_HYBRID_FROZEN,S1,LANE_B_S1_001cc5e4-71a3-8e4c-507c-d39178b49be8_2160-0_0,Serial laboratory testing indicates that Creatinine levels have consistently decreased over the patient's past 3 recorded outpatient encounters.,SUPPORTED,HOLD,relation_extraction
B_HYBRID_FROZEN,S1,LANE_B_S1_001cc5e4-71a3-8e4c-507c-d39178b49be8_2160-0_0,Serial laboratory testing indicates that Creatinine levels have consistently increased over the patient's past 3 recorded outpatient encounters.,CONTRADICTED,HOLD,relation_extraction
B_HYBRID_FROZEN,S1,LANE_B_S1_001cc5e4-71a3-8e4c-507c-d39178b49be8_2345-7_1,The patient's longitudinal EHR chart reveals a progressively rising trajectory in Glucose across three recent clinical evaluations.,SUPPORTED,HOLD,concept_extraction
B_HYBRID_FROZEN,S1,LANE_B_S1_001cc5e4-71a3-8e4c-507c-d39178b49be8_2823-3_1,Serial laboratory testing indicates that Potassium levels have consistently decreased over the patient's past 3 recorded outpatient encounters.,SUPPORTED,HOLD,concept_extraction
B_HYBRID_FROZEN,S1,LANE_B_S1_001cc5e4-71a3-8e4c-507c-d39178b49be8_2823-3_1,Serial laboratory testing indicates that Potassium levels have consistently increased over the patient's past 3 recorded outpatient encounters.,CONTRADICTED,HOLD,concept_extraction
B_HYBRID_FROZEN,S1,LANE_B_S1_001cc5e4-71a3-8e4c-507c-d39178b49be8_2823-3_2,Serial laboratory testing indicates that Potassium levels have consistently decreased over the patient's past 3 recorded outpatient encounters.,SUPPORTED,HOLD,concept_extraction
B_HYBRID_FROZEN,S1,LANE_B_S1_001cc5e4-71a3-8e4c-507c-d39178b49be8_2823-3_2,Serial laboratory testing indicates that Potassium levels have consistently increased over the patient's past 3 recorded outpatient encounters.,CONTRADICTED,HOLD,concept_extraction
B_HYBRID_FROZEN,S1,LANE_B_S1_001cc5e4-71a3-8e4c-507c-d39178b49be8_29463-7_7,Review of consecutive diagnostic workups demonstrates a steady upward progression in Body Weight across the prior three visits.,CONTRADICTED,PASS,relation_extraction
B_HYBRID_FROZEN,S1,LANE_B_S1_001cc5e4-71a3-8e4c-507c-d39178b49be8_29463-7_8,Longitudinal monitoring confirms that Body Weight measurements have been trending upward over the course of the last 3 checkups.,CONTRADICTED,PASS,relation_extraction
B_HYBRID_FROZEN,S1,LANE_B_S1_001cc5e4-71a3-8e4c-507c-d39178b49be8_29463-7_9,Review of consecutive diagnostic workups demonstrates a steady upward progression in Body Weight across the prior three visits.,CONTRADICTED,PASS,relation_extraction
B_HYBRID_FROZEN,S1,LANE_B_S1_001cc5e4-71a3-8e4c-507c-d39178b49be8_2951-2_5,Serial laboratory testing indicates that Sodium levels have consistently decreased over the patient's past 3 recorded outpatient encounters.,SUPPORTED,HOLD,concept_extraction
B_HYBRID_FROZEN,S1,LANE_B_S1_001cc5e4-71a3-8e4c-507c-d39178b49be8_2951-2_5,Serial laboratory testing indicates that Sodium levels have consistently increased over the patient's past 3 recorded outpatient encounters.,CONTRADICTED,HOLD,concept_extraction
B_HYBRID_FROZEN,S1,LANE_B_S1_001cc5e4-71a3-8e4c-507c-d39178b49be8_3094-0_1,Serial laboratory testing indicates that Urea nitrogen levels have consistently increased over the patient's past 3 recorded outpatient encounters.,SUPPORTED,HOLD,concept_extraction
B_HYBRID_FROZEN,S1,LANE_B_S1_001cc5e4-71a3-8e4c-507c-d39178b49be8_3094-0_1,Serial laboratory testing indicates that Urea nitrogen levels have consistently decreased over the patient's past 3 recorded outpatient encounters.,CONTRADICTED,HOLD,concept_extraction
B_HYBRID_FROZEN,S1,LANE_B_S1_001cc5e4-71a3-8e4c-507c-d39178b49be8_3094-0_2,Serial laboratory testing indicates that Urea nitrogen levels have consistently increased over the patient's past 3 recorded outpatient encounters.,SUPPORTED,HOLD,concept_extraction
B_HYBRID_FROZEN,S1,LANE_B_S1_001cc5e4-71a3-8e4c-507c-d39178b49be8_3094-0_2,Serial laboratory testing indicates that Urea nitrogen levels have consistently decreased over the patient's past 3 recorded outpatient encounters.,CONTRADICTED,HOLD,concept_extraction
B_HYBRID_FROZEN,S1,LANE_B_S1_001cc5e4-71a3-8e4c-507c-d39178b49be8_3094-0_3,The patient's longitudinal EHR chart reveals a progressively rising trajectory in Urea nitrogen across three recent clinical evaluations.,SUPPORTED,HOLD,concept_extraction
B_HYBRID_FROZEN,S1,LANE_B_S1_001cc5e4-71a3-8e4c-507c-d39178b49be8_33914-3_2,Serial laboratory testing indicates that Glomerular filtration rate levels have consistently decreased over the patient's past 3 recorded outpatient encounters.,SUPPORTED,HOLD,relation_extraction
B_HYBRID_FROZEN,S1,LANE_B_S1_001cc5e4-71a3-8e4c-507c-d39178b49be8_33914-3_2,Serial laboratory testing indicates that Glomerular filtration rate levels have consistently increased over the patient's past 3 recorded outpatient encounters.,CONTRADICTED,HOLD,relation_extraction
B_HYBRID_FROZEN,S1,LANE_B_S1_001cc5e4-71a3-8e4c-507c-d39178b49be8_39156-5_7,Longitudinal monitoring confirms that Body mass index (BMI) measurements have been trending upward over the course of the last 3 checkups.,CONTRADICTED,PASS,relation_extraction
B_HYBRID_FROZEN,S1,LANE_B_S1_001cc5e4-71a3-8e4c-507c-d39178b49be8_39156-5_8,Longitudinal monitoring confirms that Body mass index (BMI) measurements have been trending upward over the course of the last 3 checkups.,CONTRADICTED,PASS,relation_extraction
B_HYBRID_FROZEN,S1,LANE_B_S1_001cc5e4-71a3-8e4c-507c-d39178b49be8_39156-5_9,Serial laboratory testing indicates that Body mass index (BMI) levels have consistently decreased over the patient's past 3 recorded outpatient encounters.,SUPPORTED,HOLD,relation_extraction
B_HYBRID_FROZEN,S1,LANE_B_S1_001cc5e4-71a3-8e4c-507c-d39178b49be8_39156-5_9,Serial laboratory testing indicates that Body mass index (BMI) levels have consistently increased over the patient's past 3 recorded outpatient encounters.,CONTRADICTED,HOLD,relation_extraction
B_HYBRID_FROZEN,S1,LANE_B_S1_001cc5e4-71a3-8e4c-507c-d39178b49be8_39156-5_10,Review of consecutive diagnostic workups demonstrates a steady upward progression in Body mass index (BMI) across the prior three visits.,CONTRADICTED,PASS,relation_extraction
B_HYBRID_FROZEN,S1,LANE_B_S1_001cc5e4-71a3-8e4c-507c-d39178b49be8_5792-7_0,The patient's longitudinal EHR chart reveals a progressively rising trajectory in Glucose across three recent clinical evaluations.,CONTRADICTED,HOLD,concept_extraction
B_HYBRID_FROZEN,S1,LANE_B_S1_001cc5e4-71a3-8e4c-507c-d39178b49be8_5792-7_4,Serial laboratory testing indicates that Glucose levels have consistently increased over the patient's past 3 recorded outpatient encounters.,SUPPORTED,HOLD,concept_extraction
B_HYBRID_FROZEN,S1,LANE_B_S1_001cc5e4-71a3-8e4c-507c-d39178b49be8_5792-7_4,Serial laboratory testing indicates that Glucose levels have consistently decreased over the patient's past 3 recorded outpatient encounters.,CONTRADICTED,HOLD,concept_extraction
B_HYBRID_FROZEN,S1,LANE_B_S1_001cc5e4-71a3-8e4c-507c-d39178b49be8_5792-7_6,Review of consecutive diagnostic workups demonstrates a steady upward progression in Glucose across the prior three visits.,CONTRADICTED,PASS,concept_extraction
B_HYBRID_FROZEN,S1,LANE_B_S1_001cc5e4-71a3-8e4c-507c-d39178b49be8_5797-6_2,Longitudinal monitoring confirms that Ketones measurements have been trending upward over the course of the last 3 checkups.,CONTRADICTED,PASS,relation_extraction
B_HYBRID_FROZEN,S1,LANE_B_S1_001cc5e4-71a3-8e4c-507c-d39178b49be8_5803-2_2,Review of consecutive diagnostic workups demonstrates a steady upward progression in pH of Urine by Test strip across the prior three visits.,CONTRADICTED,PASS,relation_extraction
B_HYBRID_FROZEN,S1,LANE_B_S1_001cc5e4-71a3-8e4c-507c-d39178b49be8_5803-2_4,Review of consecutive diagnostic workups demonstrates a steady upward progression in pH of Urine by Test strip across the prior three visits.,SUPPORTED,BLOCK,relation_extraction
B_HYBRID_FROZEN,S1,LANE_B_S1_001cc5e4-71a3-8e4c-507c-d39178b49be8_5804-0_2,Review of consecutive diagnostic workups demonstrates a steady upward progression in Protein across the prior three visits.,SUPPORTED,BLOCK,concept_extraction
B_HYBRID_FROZEN,S1,LANE_B_S1_001cc5e4-71a3-8e4c-507c-d39178b49be8_5804-0_6,Review of consecutive diagnostic workups demonstrates a steady upward progression in Protein across the prior three visits.,CONTRADICTED,PASS,concept_extraction
B_HYBRID_FROZEN,S1,LANE_B_S1_001cc5e4-71a3-8e4c-507c-d39178b49be8_5811-5_4,The patient's longitudinal EHR chart reveals a progressively rising trajectory in Specific gravity of Urine by Test strip across three recent clinical evaluations.,SUPPORTED,HOLD,relation_extraction
B_HYBRID_FROZEN,S1,LANE_B_S1_001cc5e4-71a3-8e4c-507c-d39178b49be8_70274-6_1,The patient's longitudinal EHR chart reveals a progressively rising trajectory in Generalized anxiety disorder 7 item (GAD-7) total score across three recent clinical evaluations.,CONTRADICTED,HOLD,relation_extraction
B_HYBRID_FROZEN,S1,LANE_B_S1_001cc5e4-71a3-8e4c-507c-d39178b49be8_72514-3_7,Review of consecutive diagnostic workups demonstrates a steady upward progression in Pain severity - 0-10 verbal numeric rating across the prior three visits.,SUPPORTED,BLOCK,relation_extraction
B_HYBRID_FROZEN,S1,LANE_B_S1_001cc5e4-71a3-8e4c-507c-d39178b49be8_72514-3_9,Serial laboratory testing indicates that Pain severity - 0-10 verbal numeric rating levels have consistently decreased over the patient's past 3 recorded outpatient encounters.,SUPPORTED,HOLD,relation_extraction
B_HYBRID_FROZEN,S1,LANE_B_S1_001cc5e4-71a3-8e4c-507c-d39178b49be8_72514-3_9,Serial laboratory testing indicates that Pain severity - 0-10 verbal numeric rating levels have consistently increased over the patient's past 3 recorded outpatient encounters.,CONTRADICTED,HOLD,relation_extraction
B_HYBRID_FROZEN,S1,LANE_B_S1_001cc5e4-71a3-8e4c-507c-d39178b49be8_72514-3_10,Serial laboratory testing indicates that Pain severity - 0-10 verbal numeric rating levels have consistently decreased over the patient's past 3 recorded outpatient encounters.,SUPPORTED,HOLD,relation_extraction
B_HYBRID_FROZEN,S1,LANE_B_S1_001cc5e4-71a3-8e4c-507c-d39178b49be8_72514-3_10,Serial laboratory testing indicates that Pain severity - 0-10 verbal numeric rating levels have consistently increased over the patient's past 3 recorded outpatient encounters.,CONTRADICTED,HOLD,relation_extraction
B_HYBRID_FROZEN,S1,LANE_B_S1_001cc5e4-71a3-8e4c-507c-d39178b49be8_8867-4_0,Review of consecutive diagnostic workups demonstrates a steady upward progression in Heart rate across the prior three visits.,SUPPORTED,BLOCK,relation_extraction
B_HYBRID_FROZEN,S1,LANE_B_S1_001cc5e4-71a3-8e4c-507c-d39178b49be8_8867-4_6,Longitudinal monitoring confirms that Heart rate measurements have been trending upward over the course of the last 3 checkups.,CONTRADICTED,PASS,relation_extraction
B_HYBRID_FROZEN,S1,LANE_B_S1_001cc5e4-71a3-8e4c-507c-d39178b49be8_8867-4_7,The patient's longitudinal EHR chart reveals a progressively rising trajectory in Heart rate across three recent clinical evaluations.,CONTRADICTED,HOLD,relation_extraction
B_HYBRID_FROZEN,S1,LANE_B_S1_001cc5e4-71a3-8e4c-507c-d39178b49be8_8867-4_10,Serial laboratory testing indicates that Heart rate levels have consistently decreased over the patient's past 3 recorded outpatient encounters.,SUPPORTED,HOLD,relation_extraction
B_HYBRID_FROZEN,S1,LANE_B_S1_001cc5e4-71a3-8e4c-507c-d39178b49be8_8867-4_10,Serial laboratory testing indicates that Heart rate levels have consistently increased over the patient's past 3 recorded outpatient encounters.,CONTRADICTED,HOLD,relation_extraction
B_HYBRID_FROZEN,S1,LANE_B_S1_001cc5e4-71a3-8e4c-507c-d39178b49be8_9279-1_0,Serial laboratory testing indicates that Respiratory rate levels have consistently decreased over the patient's past 3 recorded outpatient encounters.,SUPPORTED,HOLD,relation_extraction
B_HYBRID_FROZEN,S1,LANE_B_S1_001cc5e4-71a3-8e4c-507c-d39178b49be8_9279-1_0,Serial laboratory testing indicates that Respiratory rate levels have consistently increased over the patient's past 3 recorded outpatient encounters.,CONTRADICTED,HOLD,relation_extraction
B_HYBRID_FROZEN,S1,LANE_B_S1_001cc5e4-71a3-8e4c-507c-d39178b49be8_9279-1_4,Review of consecutive diagnostic workups demonstrates a steady upward progression in Respiratory rate across the prior three visits.,SUPPORTED,BLOCK,relation_extraction
B_HYBRID_FROZEN,S1,LANE_B_S1_001cc5e4-71a3-8e4c-507c-d39178b49be8_9279-1_6,Review of consecutive diagnostic workups demonstrates a steady upward progression in Respiratory rate across the prior three visits.,CONTRADICTED,PASS,relation_extraction
B_HYBRID_FROZEN,S1,LANE_B_S1_00dfeeae-df7c-1fde-17a7-38dd273a68ac_29463-7_1,Longitudinal monitoring confirms that Body Weight measurements have been trending upward over the course of the last 3 checkups.,CONTRADICTED,PASS,relation_extraction
B_HYBRID_FROZEN,S1,LANE_B_S1_00dfeeae-df7c-1fde-17a7-38dd273a68ac_29463-7_2,Review of consecutive diagnostic workups demonstrates a steady upward progression in Body Weight across the prior three visits.,CONTRADICTED,PASS,relation_extraction
B_HYBRID_FROZEN,S1,LANE_B_S1_00dfeeae-df7c-1fde-17a7-38dd273a68ac_39156-5_1,The patient's longitudinal EHR chart reveals a progressively rising trajectory in Body mass index (BMI) across three recent clinical evaluations.,CONTRADICTED,HOLD,relation_extraction
B_HYBRID_FROZEN,S1,LANE_B_S1_00dfeeae-df7c-1fde-17a7-38dd273a68ac_39156-5_2,Serial laboratory testing indicates that Body mass index (BMI) levels have consistently decreased over the patient's past 3 recorded outpatient encounters.,SUPPORTED,HOLD,relation_extraction
B_HYBRID_FROZEN,S1,LANE_B_S1_00dfeeae-df7c-1fde-17a7-38dd273a68ac_39156-5_2,Serial laboratory testing indicates that Body mass index (BMI) levels have consistently increased over the patient's past 3 recorded outpatient encounters.,CONTRADICTED,HOLD,relation_extraction
B_HYBRID_FROZEN,S1,LANE_B_S1_00dfeeae-df7c-1fde-17a7-38dd273a68ac_72514-3_1,The patient's longitudinal EHR chart reveals a progressively rising trajectory in Pain severity - 0-10 verbal numeric rating across three recent clinical evaluations.,CONTRADICTED,HOLD,relation_extraction
B_HYBRID_FROZEN,S1,LANE_B_S1_00dfeeae-df7c-1fde-17a7-38dd273a68ac_8867-4_1,Review of consecutive diagnostic workups demonstrates a steady upward progression in Heart rate across the prior three visits.,SUPPORTED,BLOCK,relation_extraction
B_HYBRID_FROZEN,S1,LANE_B_S1_01825543-3bbe-c8e1-ef7b-11dbef2d030f_20565-8_1,"Review of consecutive diagnostic workups demonstrates a steady upward progression in Carbon dioxide, total across the prior three visits.",SUPPORTED,BLOCK,concept_extraction
B_HYBRID_FROZEN,S1,LANE_B_S1_01825543-3bbe-c8e1-ef7b-11dbef2d030f_2069-3_1,Review of consecutive diagnostic workups demonstrates a steady upward progression in Chloride across the prior three visits.,SUPPORTED,BLOCK,relation_extraction
B_HYBRID_FROZEN,S1,LANE_B_S1_01825543-3bbe-c8e1-ef7b-11dbef2d030f_2339-0_0,Longitudinal monitoring confirms that Glucose measurements have been trending upward over the course of the last 3 checkups.,SUPPORTED,BLOCK,relation_extraction
B_HYBRID_FROZEN,S1,LANE_B_S1_01825543-3bbe-c8e1-ef7b-11dbef2d030f_29463-7_1,Longitudinal monitoring confirms that Body Weight measurements have been trending upward over the course of the last 3 checkups.,SUPPORTED,BLOCK,relation_extraction
B_HYBRID_FROZEN,S1,LANE_B_S1_01825543-3bbe-c8e1-ef7b-11dbef2d030f_38483-4_1,Longitudinal monitoring confirms that Creatinine measurements have been trending upward over the course of the last 3 checkups.,SUPPORTED,BLOCK,concept_extraction
B_HYBRID_FROZEN,S1,LANE_B_S1_01825543-3bbe-c8e1-ef7b-11dbef2d030f_39156-5_1,Review of consecutive diagnostic workups demonstrates a steady upward progression in Body mass index (BMI) across the prior three visits.,SUPPORTED,BLOCK,relation_extraction
B_HYBRID_FROZEN,S1,LANE_B_S1_01825543-3bbe-c8e1-ef7b-11dbef2d030f_4548-4_1,Longitudinal monitoring confirms that Hemoglobin A1c/Hemoglobin.total in Blood measurements have been trending upward over the course of the last 3 checkups.,SUPPORTED,BLOCK,relation_extraction
B_HYBRID_FROZEN,S1,LANE_B_S1_01825543-3bbe-c8e1-ef7b-11dbef2d030f_6298-4_0,Serial laboratory testing indicates that Potassium levels have consistently increased over the patient's past 3 recorded outpatient encounters.,SUPPORTED,HOLD,relation_extraction
B_HYBRID_FROZEN,S1,LANE_B_S1_01825543-3bbe-c8e1-ef7b-11dbef2d030f_6298-4_0,Serial laboratory testing indicates that Potassium levels have consistently decreased over the patient's past 3 recorded outpatient encounters.,CONTRADICTED,HOLD,relation_extraction
B_HYBRID_FROZEN,S1,LANE_B_S1_01825543-3bbe-c8e1-ef7b-11dbef2d030f_6298-4_1,Review of consecutive diagnostic workups demonstrates a steady upward progression in Potassium across the prior three visits.,SUPPORTED,BLOCK,relation_extraction
B_HYBRID_FROZEN,S1,LANE_B_S1_01825543-3bbe-c8e1-ef7b-11dbef2d030f_8302-2_0,Longitudinal monitoring confirms that Body Height measurements have been trending upward over the course of the last 3 checkups.,SUPPORTED,BLOCK,relation_extraction
B_HYBRID_FROZEN,S1,LANE_B_S1_01825543-3bbe-c8e1-ef7b-11dbef2d030f_8867-4_1,The patient's longitudinal EHR chart reveals a progressively rising trajectory in Heart rate across three recent clinical evaluations.,SUPPORTED,HOLD,relation_extraction
B_HYBRID_FROZEN,S1,LANE_B_S1_01b6fa9a-2f6b-ac2b-1245-f6a0482a4070_2085-9_0,The patient's longitudinal EHR chart reveals a progressively rising trajectory in Cholesterol in HDL across three recent clinical evaluations.,CONTRADICTED,HOLD,relation_extraction
B_HYBRID_FROZEN,S1,LANE_B_S1_01b6fa9a-2f6b-ac2b-1245-f6a0482a4070_29463-7_2,Longitudinal monitoring confirms that Body Weight measurements have been trending upward over the course of the last 3 checkups.,CONTRADICTED,PASS,relation_extraction
B_HYBRID_FROZEN,S1,LANE_B_S1_01b6fa9a-2f6b-ac2b-1245-f6a0482a4070_39156-5_2,Review of consecutive diagnostic workups demonstrates a steady upward progression in Body mass index (BMI) across the prior three visits.,CONTRADICTED,PASS,relation_extraction
B_HYBRID_FROZEN,S1,LANE_B_S1_01b6fa9a-2f6b-ac2b-1245-f6a0482a4070_55758-7_4,Longitudinal monitoring confirms that Patient Health Questionnaire 2 item (PHQ-2) total score measurements have been trending upward over the course of the last 3 checkups.,CONTRADICTED,PASS,relation_extraction
B_HYBRID_FROZEN,S1,LANE_B_S1_01b6fa9a-2f6b-ac2b-1245-f6a0482a4070_72514-3_1,Review of consecutive diagnostic workups demonstrates a steady upward progression in Pain severity - 0-10 verbal numeric rating across the prior three visits.,CONTRADICTED,PASS,relation_extraction
B_HYBRID_FROZEN,S1,LANE_B_S1_01b6fa9a-2f6b-ac2b-1245-f6a0482a4070_72514-3_2,The patient's longitudinal EHR chart reveals a progressively rising trajectory in Pain severity - 0-10 verbal numeric rating across three recent clinical evaluations.,CONTRADICTED,HOLD,relation_extraction
B_HYBRID_FROZEN,S1,LANE_B_S1_01b6fa9a-2f6b-ac2b-1245-f6a0482a4070_72514-3_4,Serial laboratory testing indicates that Pain severity - 0-10 verbal numeric rating levels have consistently increased over the patient's past 3 recorded outpatient encounters.,SUPPORTED,HOLD,relation_extraction
B_HYBRID_FROZEN,S1,LANE_B_S1_01b6fa9a-2f6b-ac2b-1245-f6a0482a4070_72514-3_4,Serial laboratory testing indicates that Pain severity - 0-10 verbal numeric rating levels have consistently decreased over the patient's past 3 recorded outpatient encounters.,CONTRADICTED,HOLD,relation_extraction
B_HYBRID_FROZEN,S1,LANE_B_S1_01b6fa9a-2f6b-ac2b-1245-f6a0482a4070_82667-7_0,Serial laboratory testing indicates that Total score levels have consistently increased over the patient's past 3 recorded outpatient encounters.,SUPPORTED,HOLD,relation_extraction
B_HYBRID_FROZEN,S1,LANE_B_S1_01b6fa9a-2f6b-ac2b-1245-f6a0482a4070_82667-7_0,Serial laboratory testing indicates that Total score levels have consistently decreased over the patient's past 3 recorded outpatient encounters.,CONTRADICTED,HOLD,relation_extraction
B_HYBRID_FROZEN,S1,LANE_B_S1_01b6fa9a-2f6b-ac2b-1245-f6a0482a4070_8867-4_1,Review of consecutive diagnostic workups demonstrates a steady upward progression in Heart rate across the prior three visits.,SUPPORTED,BLOCK,relation_extraction
B_HYBRID_FROZEN,S1,LANE_B_S1_01c207bf-a773-74e6-1dae-232d34fceee6_10230-1_0,Review of consecutive diagnostic workups demonstrates a steady upward progression in Left ventricular Ejection fraction across the prior three visits.,SUPPORTED,HOLD,relation_extraction
B_HYBRID_FROZEN,S1,LANE_B_S1_01c207bf-a773-74e6-1dae-232d34fceee6_10230-1_4,Review of consecutive diagnostic workups demonstrates a steady upward progression in Left ventricular Ejection fraction across the prior three visits.,CONTRADICTED,HOLD,relation_extraction
B_HYBRID_FROZEN,S1,LANE_B_S1_01c207bf-a773-74e6-1dae-232d34fceee6_1742-6_2,Review of consecutive diagnostic workups demonstrates a steady upward progression in Alanine aminotransferase across the prior three visits.,CONTRADICTED,PASS,relation_extraction
B_HYBRID_FROZEN,S1,LANE_B_S1_01c207bf-a773-74e6-1dae-232d34fceee6_1742-6_3,Longitudinal monitoring confirms that Alanine aminotransferase measurements have been trending upward over the course of the last 3 checkups.,CONTRADICTED,PASS,relation_extraction
B_HYBRID_FROZEN,S1,LANE_B_S1_01c207bf-a773-74e6-1dae-232d34fceee6_1742-6_5,Review of consecutive diagnostic workups demonstrates a steady upward progression in Alanine aminotransferase across the prior three visits.,SUPPORTED,BLOCK,relation_extraction
B_HYBRID_FROZEN,S1,LANE_B_S1_01c207bf-a773-74e6-1dae-232d34fceee6_1751-7_1,Serial laboratory testing indicates that Albumin levels have consistently increased over the patient's past 3 recorded outpatient encounters.,SUPPORTED,HOLD,relation_extraction
B_HYBRID_FROZEN,S1,LANE_B_S1_01c207bf-a773-74e6-1dae-232d34fceee6_1751-7_1,Serial laboratory testing indicates that Albumin levels have consistently decreased over the patient's past 3 recorded outpatient encounters.,CONTRADICTED,HOLD,relation_extraction
B_HYBRID_FROZEN,S1,LANE_B_S1_01c207bf-a773-74e6-1dae-232d34fceee6_1751-7_3,Serial laboratory testing indicates that Albumin levels have consistently decreased over the patient's past 3 recorded outpatient encounters.,SUPPORTED,HOLD,relation_extraction
B_HYBRID_FROZEN,S1,LANE_B_S1_01c207bf-a773-74e6-1dae-232d34fceee6_1751-7_3,Serial laboratory testing indicates that Albumin levels have consistently increased over the patient's past 3 recorded outpatient encounters.,CONTRADICTED,HOLD,relation_extraction
B_HYBRID_FROZEN,S1,LANE_B_S1_01c207bf-a773-74e6-1dae-232d34fceee6_1751-7_4,Review of consecutive diagnostic workups demonstrates a steady upward progression in Albumin across the prior three visits.,CONTRADICTED,PASS,relation_extraction
B_HYBRID_FROZEN,S1,LANE_B_S1_01c207bf-a773-74e6-1dae-232d34fceee6_18262-6_0,Longitudinal monitoring confirms that Cholesterol in LDL measurements have been trending upward over the course of the last 3 checkups.,SUPPORTED,BLOCK,relation_extraction
B_HYBRID_FROZEN,S1,LANE_B_S1_01c207bf-a773-74e6-1dae-232d34fceee6_18262-6_8,Longitudinal monitoring confirms that Cholesterol in LDL measurements have been trending upward over the course of the last 3 checkups.,CONTRADICTED,PASS,relation_extraction
B_HYBRID_FROZEN,S1,LANE_B_S1_01c207bf-a773-74e6-1dae-232d34fceee6_18262-6_11,Longitudinal monitoring confirms that Cholesterol in LDL measurements have been trending upward over the course of the last 3 checkups.,CONTRADICTED,PASS,relation_extraction
B_HYBRID_FROZEN,S1,LANE_B_S1_01c207bf-a773-74e6-1dae-232d34fceee6_18262-6_12,Serial laboratory testing indicates that Cholesterol in LDL levels have consistently decreased over the patient's past 3 recorded outpatient encounters.,SUPPORTED,HOLD,relation_extraction
B_HYBRID_FROZEN,S1,LANE_B_S1_01c207bf-a773-74e6-1dae-232d34fceee6_18262-6_12,Serial laboratory testing indicates that Cholesterol in LDL levels have consistently increased over the patient's past 3 recorded outpatient encounters.,CONTRADICTED,HOLD,relation_extraction
B_HYBRID_FROZEN,S1,LANE_B_S1_01c207bf-a773-74e6-1dae-232d34fceee6_19123-9_0,Serial laboratory testing indicates that Magnesium levels have consistently decreased over the patient's past 3 recorded outpatient encounters.,SUPPORTED,HOLD,relation_extraction
B_HYBRID_FROZEN,S1,LANE_B_S1_01c207bf-a773-74e6-1dae-232d34fceee6_19123-9_0,Serial laboratory testing indicates that Magnesium levels have consistently increased over the patient's past 3 recorded outpatient encounters.,CONTRADICTED,HOLD,relation_extraction
B_HYBRID_FROZEN,S1,LANE_B_S1_01c207bf-a773-74e6-1dae-232d34fceee6_19123-9_3,The patient's longitudinal EHR chart reveals a progressively rising trajectory in Magnesium across three recent clinical evaluations.,CONTRADICTED,HOLD,relation_extraction
B_HYBRID_FROZEN,S1,LANE_B_S1_01c207bf-a773-74e6-1dae-232d34fceee6_19123-9_4,Longitudinal monitoring confirms that Magnesium measurements have been trending upward over the course of the last 3 checkups.,CONTRADICTED,PASS,relation_extraction
B_HYBRID_FROZEN,S1,LANE_B_S1_01c207bf-a773-74e6-1dae-232d34fceee6_19123-9_6,Serial laboratory testing indicates that Magnesium levels have consistently increased over the patient's past 3 recorded outpatient encounters.,SUPPORTED,HOLD,relation_extraction
B_HYBRID_FROZEN,S1,LANE_B_S1_01c207bf-a773-74e6-1dae-232d34fceee6_19123-9_6,Serial laboratory testing indicates that Magnesium levels have consistently decreased over the patient's past 3 recorded outpatient encounters.,CONTRADICTED,HOLD,relation_extraction
B_HYBRID_FROZEN,S1,LANE_B_S1_01c207bf-a773-74e6-1dae-232d34fceee6_1920-8_6,The patient's longitudinal EHR chart reveals a progressively rising trajectory in Aspartate aminotransferase across three recent clinical evaluations.,CONTRADICTED,HOLD,relation_extraction
B_HYBRID_FROZEN,S1,LANE_B_S1_01c207bf-a773-74e6-1dae-232d34fceee6_1975-2_5,Serial laboratory testing indicates that Bilirubin.total levels have consistently decreased over the patient's past 3 recorded outpatient encounters.,SUPPORTED,HOLD,relation_extraction
B_HYBRID_FROZEN,S1,LANE_B_S1_01c207bf-a773-74e6-1dae-232d34fceee6_1975-2_5,Serial laboratory testing indicates that Bilirubin.total levels have consistently increased over the patient's past 3 recorded outpatient encounters.,CONTRADICTED,HOLD,relation_extraction
B_HYBRID_FROZEN,S1,LANE_B_S1_01c207bf-a773-74e6-1dae-232d34fceee6_20565-8_0,"The patient's longitudinal EHR chart reveals a progressively rising trajectory in Carbon dioxide, total across three recent clinical evaluations.",SUPPORTED,HOLD,concept_extraction
B_HYBRID_FROZEN,S1,LANE_B_S1_01c207bf-a773-74e6-1dae-232d34fceee6_20565-8_2,"Serial laboratory testing indicates that Carbon dioxide, total levels have consistently decreased over the patient's past 3 recorded outpatient encounters.",SUPPORTED,HOLD,concept_extraction
B_HYBRID_FROZEN,S1,LANE_B_S1_01c207bf-a773-74e6-1dae-232d34fceee6_20565-8_2,"Serial laboratory testing indicates that Carbon dioxide, total levels have consistently increased over the patient's past 3 recorded outpatient encounters.",CONTRADICTED,HOLD,concept_extraction
B_HYBRID_FROZEN,S1,LANE_B_S1_01c207bf-a773-74e6-1dae-232d34fceee6_20565-8_7,"Review of consecutive diagnostic workups demonstrates a steady upward progression in Carbon dioxide, total across the prior three visits.",CONTRADICTED,PASS,concept_extraction
B_HYBRID_FROZEN,S1,LANE_B_S1_01c207bf-a773-74e6-1dae-232d34fceee6_20565-8_12,"The patient's longitudinal EHR chart reveals a progressively rising trajectory in Carbon dioxide, total across three recent clinical evaluations.",CONTRADICTED,HOLD,concept_extraction
B_HYBRID_FROZEN,S1,LANE_B_S1_01c207bf-a773-74e6-1dae-232d34fceee6_2069-3_0,Serial laboratory testing indicates that Chloride levels have consistently increased over the patient's past 3 recorded outpatient encounters.,SUPPORTED,HOLD,relation_extraction
B_HYBRID_FROZEN,S1,LANE_B_S1_01c207bf-a773-74e6-1dae-232d34fceee6_2069-3_0,Serial laboratory testing indicates that Chloride levels have consistently decreased over the patient's past 3 recorded outpatient encounters.,CONTRADICTED,HOLD,relation_extraction
B_HYBRID_FROZEN,S1,LANE_B_S1_01c207bf-a773-74e6-1dae-232d34fceee6_2069-3_2,The patient's longitudinal EHR chart reveals a progressively rising trajectory in Chloride across three recent clinical evaluations.,CONTRADICTED,HOLD,relation_extraction
B_HYBRID_FROZEN,S1,LANE_B_S1_01c207bf-a773-74e6-1dae-232d34fceee6_2069-3_4,Review of consecutive diagnostic workups demonstrates a steady upward progression in Chloride across the prior three visits.,SUPPORTED,BLOCK,relation_extraction
B_HYBRID_FROZEN,S1,LANE_B_S1_01c207bf-a773-74e6-1dae-232d34fceee6_2069-3_9,Serial laboratory testing indicates that Chloride levels have consistently increased over the patient's past 3 recorded outpatient encounters.,SUPPORTED,HOLD,relation_extraction
B_HYBRID_FROZEN,S1,LANE_B_S1_01c207bf-a773-74e6-1dae-232d34fceee6_2069-3_9,Serial laboratory testing indicates that Chloride levels have consistently decreased over the patient's past 3 recorded outpatient encounters.,CONTRADICTED,HOLD,relation_extraction
B_HYBRID_FROZEN,S1,LANE_B_S1_01c207bf-a773-74e6-1dae-232d34fceee6_2085-9_0,The patient's longitudinal EHR chart reveals a progressively rising trajectory in Cholesterol in HDL across three recent clinical evaluations.,CONTRADICTED,HOLD,relation_extraction
B_HYBRID_FROZEN,S1,LANE_B_S1_01c207bf-a773-74e6-1dae-232d34fceee6_2085-9_2,Review of consecutive diagnostic workups demonstrates a steady upward progression in Cholesterol in HDL across the prior three visits.,SUPPORTED,BLOCK,relation_extraction
B_HYBRID_FROZEN,S1,LANE_B_S1_01c207bf-a773-74e6-1dae-232d34fceee6_2085-9_12,Longitudinal monitoring confirms that Cholesterol in HDL measurements have been trending upward over the course of the last 3 checkups.,SUPPORTED,BLOCK,relation_extraction
B_HYBRID_FROZEN,S1,LANE_B_S1_01c207bf-a773-74e6-1dae-232d34fceee6_2093-3_0,Longitudinal monitoring confirms that Cholesterol measurements have been trending upward over the course of the last 3 checkups.,SUPPORTED,BLOCK,relation_extraction
B_HYBRID_FROZEN,S1,LANE_B_S1_01c207bf-a773-74e6-1dae-232d34fceee6_2093-3_8,Serial laboratory testing indicates that Cholesterol levels have consistently decreased over the patient's past 3 recorded outpatient encounters.,SUPPORTED,HOLD,relation_extraction
B_HYBRID_FROZEN,S1,LANE_B_S1_01c207bf-a773-74e6-1dae-232d34fceee6_2093-3_8,Serial laboratory testing indicates that Cholesterol levels have consistently increased over the patient's past 3 recorded outpatient encounters.,CONTRADICTED,HOLD,relation_extraction
B_HYBRID_FROZEN,S1,LANE_B_S1_01c207bf-a773-74e6-1dae-232d34fceee6_2093-3_11,Serial laboratory testing indicates that Cholesterol levels have consistently decreased over the patient's past 3 recorded outpatient encounters.,SUPPORTED,HOLD,relation_extraction
B_HYBRID_FROZEN,S1,LANE_B_S1_01c207bf-a773-74e6-1dae-232d34fceee6_2093-3_11,Serial laboratory testing indicates that Cholesterol levels have consistently increased over the patient's past 3 recorded outpatient encounters.,CONTRADICTED,HOLD,relation_extraction
B_HYBRID_FROZEN,S1,LANE_B_S1_01c207bf-a773-74e6-1dae-232d34fceee6_2093-3_12,Review of consecutive diagnostic workups demonstrates a steady upward progression in Cholesterol across the prior three visits.,CONTRADICTED,PASS,relation_extraction
B_HYBRID_FROZEN,S1,LANE_B_S1_01c207bf-a773-74e6-1dae-232d34fceee6_2276-4_0,Review of consecutive diagnostic workups demonstrates a steady upward progression in Ferritin across the prior three visits.,CONTRADICTED,PASS,relation_extraction
B_HYBRID_FROZEN,S1,LANE_B_S1_01c207bf-a773-74e6-1dae-232d34fceee6_2276-4_1,The patient's longitudinal EHR chart reveals a progressively rising trajectory in Ferritin across three recent clinical evaluations.,CONTRADICTED,HOLD,relation_extraction
B_HYBRID_FROZEN,S1,LANE_B_S1_01c207bf-a773-74e6-1dae-232d34fceee6_2339-0_0,Review of consecutive diagnostic workups demonstrates a steady upward progression in Glucose across the prior three visits.,SUPPORTED,BLOCK,relation_extraction
B_HYBRID_FROZEN,S1,LANE_B_S1_01c207bf-a773-74e6-1dae-232d34fceee6_2339-0_2,The patient's longitudinal EHR chart reveals a progressively rising trajectory in Glucose across three recent clinical evaluations.,CONTRADICTED,HOLD,relation_extraction
B_HYBRID_FROZEN,S1,LANE_B_S1_01c207bf-a773-74e6-1dae-232d34fceee6_2339-0_4,Review of consecutive diagnostic workups demonstrates a steady upward progression in Glucose across the prior three visits.,SUPPORTED,BLOCK,relation_extraction
B_HYBRID_FROZEN,S1,LANE_B_S1_01c207bf-a773-74e6-1dae-232d34fceee6_2339-0_6,The patient's longitudinal EHR chart reveals a progressively rising trajectory in Glucose across three recent clinical evaluations.,CONTRADICTED,HOLD,relation_extraction
B_HYBRID_FROZEN,S1,LANE_B_S1_01c207bf-a773-74e6-1dae-232d34fceee6_2339-0_7,Serial laboratory testing indicates that Glucose levels have consistently decreased over the patient's past 3 recorded outpatient encounters.,SUPPORTED,HOLD,relation_extraction
B_HYBRID_FROZEN,S1,LANE_B_S1_01c207bf-a773-74e6-1dae-232d34fceee6_2339-0_7,Serial laboratory testing indicates that Glucose levels have consistently increased over the patient's past 3 recorded outpatient encounters.,CONTRADICTED,HOLD,relation_extraction
B_HYBRID_FROZEN,S1,LANE_B_S1_01c207bf-a773-74e6-1dae-232d34fceee6_2339-0_8,Serial laboratory testing indicates that Glucose levels have consistently decreased over the patient's past 3 recorded outpatient encounters.,SUPPORTED,HOLD,relation_extraction
B_HYBRID_FROZEN,S1,LANE_B_S1_01c207bf-a773-74e6-1dae-232d34fceee6_2339-0_8,Serial laboratory testing indicates that Glucose levels have consistently increased over the patient's past 3 recorded outpatient encounters.,CONTRADICTED,HOLD,relation_extraction
B_HYBRID_FROZEN,S1,LANE_B_S1_01c207bf-a773-74e6-1dae-232d34fceee6_2339-0_12,The patient's longitudinal EHR chart reveals a progressively rising trajectory in Glucose across three recent clinical evaluations.,SUPPORTED,HOLD,relation_extraction
B_HYBRID_FROZEN,S1,LANE_B_S1_01c207bf-a773-74e6-1dae-232d34fceee6_2498-4_0,Longitudinal monitoring confirms that Iron measurements have been trending upward over the course of the last 3 checkups.,CONTRADICTED,PASS,relation_extraction
B_HYBRID_FROZEN,S1,LANE_B_S1_01c207bf-a773-74e6-1dae-232d34fceee6_2498-4_2,The patient's longitudinal EHR chart reveals a progressively rising trajectory in Iron across three recent clinical evaluations.,SUPPORTED,HOLD,relation_extraction
B_HYBRID_FROZEN,S1,LANE_B_S1_01c207bf-a773-74e6-1dae-232d34fceee6_2498-4_3,The patient's longitudinal EHR chart reveals a progressively rising trajectory in Iron across three recent clinical evaluations.,SUPPORTED,HOLD,relation_extraction
B_HYBRID_FROZEN,S1,LANE_B_S1_01c207bf-a773-74e6-1dae-232d34fceee6_2498-4_5,Longitudinal monitoring confirms that Iron measurements have been trending upward over the course of the last 3 checkups.,CONTRADICTED,PASS,relation_extraction
B_HYBRID_FROZEN,S1,LANE_B_S1_01c207bf-a773-74e6-1dae-232d34fceee6_2498-4_6,Review of consecutive diagnostic workups demonstrates a steady upward progression in Iron across the prior three visits.,CONTRADICTED,PASS,relation_extraction
B_HYBRID_FROZEN,S1,LANE_B_S1_01c207bf-a773-74e6-1dae-232d34fceee6_2500-7_1,Review of consecutive diagnostic workups demonstrates a steady upward progression in Iron binding capacity across the prior three visits.,SUPPORTED,BLOCK,relation_extraction
B_HYBRID_FROZEN,S1,LANE_B_S1_01c207bf-a773-74e6-1dae-232d34fceee6_2500-7_6,Review of consecutive diagnostic workups demonstrates a steady upward progression in Iron binding capacity across the prior three visits.,SUPPORTED,BLOCK,relation_extraction
B_HYBRID_FROZEN,S1,LANE_B_S1_01c207bf-a773-74e6-1dae-232d34fceee6_2502-3_1,Review of consecutive diagnostic workups demonstrates a steady upward progression in Iron saturation across the prior three visits.,CONTRADICTED,HOLD,relation_extraction
B_HYBRID_FROZEN,S1,LANE_B_S1_01c207bf-a773-74e6-1dae-232d34fceee6_2571-8_2,Serial laboratory testing indicates that Triglyceride levels have consistently increased over the patient's past 3 recorded outpatient encounters.,SUPPORTED,HOLD,relation_extraction
B_HYBRID_FROZEN,S1,LANE_B_S1_01c207bf-a773-74e6-1dae-232d34fceee6_2571-8_2,Serial laboratory testing indicates that Triglyceride levels have consistently decreased over the patient's past 3 recorded outpatient encounters.,CONTRADICTED,HOLD,relation_extraction
B_HYBRID_FROZEN,S2,LANE_B_S2_001cc5e4-71a3-8e4c-507c-d39178b49be8_17,"In the patient's care sequence, Patient Health Questionnaire 2 item (PHQ-2) total score is registered as preceding Total score.",CONTRADICTED,HOLD,concept_extraction
B_HYBRID_FROZEN,S2,LANE_B_S2_001cc5e4-71a3-8e4c-507c-d39178b49be8_18,"In the patient's care sequence, Patient Health Questionnaire 2 item (PHQ-2) total score is registered as preceding Total score.",SUPPORTED,HOLD,concept_extraction
B_HYBRID_FROZEN,S2,LANE_B_S2_001cc5e4-71a3-8e4c-507c-d39178b49be8_32,"In the patient's care sequence, Patient Health Questionnaire 2 item (PHQ-2) total score is registered as preceding Hemoglobin.",SUPPORTED,HOLD,concept_extraction
B_HYBRID_FROZEN,S2,LANE_B_S2_001cc5e4-71a3-8e4c-507c-d39178b49be8_53,"According to the encounter timeline, Total score took place subsequent to the completion of Protocol for Responding to and Assessing Patients' Assets, Risks, and Experiences.",SUPPORTED,BLOCK,concept_extraction
B_HYBRID_FROZEN,S2,LANE_B_S2_001cc5e4-71a3-8e4c-507c-d39178b49be8_55,"According to the encounter timeline, Total score took place subsequent to the completion of Patient Health Questionnaire 2 item (PHQ-2) total score.",SUPPORTED,BLOCK,concept_extraction
B_HYBRID_FROZEN,S2,LANE_B_S2_001cc5e4-71a3-8e4c-507c-d39178b49be8_56,"According to the encounter timeline, Total score took place subsequent to the completion of Encounter for symptom (procedure).",CONTRADICTED,PASS,concept_extraction
B_HYBRID_FROZEN,S2,LANE_B_S2_001cc5e4-71a3-8e4c-507c-d39178b49be8_57,"According to the encounter timeline, Cholesterol in HDL took place subsequent to the completion of Encounter for symptom (procedure).",SUPPORTED,BLOCK,concept_extraction
B_HYBRID_FROZEN,S2,LANE_B_S2_001cc5e4-71a3-8e4c-507c-d39178b49be8_70,"According to the encounter timeline, Cholesterol took place subsequent to the completion of Protocol for Responding to and Assessing Patients' Assets, Risks, and Experiences.",CONTRADICTED,PASS,concept_extraction
B_HYBRID_FROZEN,S2,LANE_B_S2_001cc5e4-71a3-8e4c-507c-d39178b49be8_86,"In the patient's care sequence, Total score is registered as preceding Patient Health Questionnaire 2 item (PHQ-2) total score.",SUPPORTED,HOLD,concept_extraction
B_HYBRID_FROZEN,S2,LANE_B_S2_001cc5e4-71a3-8e4c-507c-d39178b49be8_89,"According to the encounter timeline, Bacteria took place subsequent to the completion of Encounter for symptom (procedure).",SUPPORTED,BLOCK,relation_extraction
B_HYBRID_FROZEN,S2,LANE_B_S2_001cc5e4-71a3-8e4c-507c-d39178b49be8_105,"According to the encounter timeline, Encounter for symptom (procedure) took place subsequent to the completion of ciprofloxacin 500 MG Oral Tablet.",SUPPORTED,BLOCK,relation_extraction
B_HYBRID_FROZEN,S2,LANE_B_S2_001cc5e4-71a3-8e4c-507c-d39178b49be8_138,"According to the encounter timeline, Total score took place subsequent to the completion of Patient Health Questionnaire 2 item (PHQ-2) total score.",CONTRADICTED,PASS,concept_extraction
B_HYBRID_FROZEN,S2,LANE_B_S2_001cc5e4-71a3-8e4c-507c-d39178b49be8_139,"In the patient's care sequence, Total score is registered as preceding Patient Health Questionnaire 2 item (PHQ-2) total score.",CONTRADICTED,HOLD,concept_extraction
B_HYBRID_FROZEN,S2,LANE_B_S2_001cc5e4-71a3-8e4c-507c-d39178b49be8_146,"According to the encounter timeline, Follow-up encounter (procedure) took place subsequent to the completion of Sodium.",CONTRADICTED,PASS,concept_extraction
B_HYBRID_FROZEN,S2,LANE_B_S2_001cc5e4-71a3-8e4c-507c-d39178b49be8_193,"According to the encounter timeline, Protocol for Responding to and Assessing Patients' Assets, Risks, and Experiences took place subsequent to the completion of Leukocyte esterase.",SUPPORTED,BLOCK,relation_extraction
B_HYBRID_FROZEN,S2,LANE_B_S2_001cc5e4-71a3-8e4c-507c-d39178b49be8_196,"In the patient's care sequence, Patient Health Questionnaire 2 item (PHQ-2) total score is registered as preceding Total score.",SUPPORTED,HOLD,concept_extraction
B_HYBRID_FROZEN,S2,LANE_B_S2_001cc5e4-71a3-8e4c-507c-d39178b49be8_197,"In the patient's care sequence, Specific gravity of Urine by Test strip is registered as following Total score.",SUPPORTED,HOLD,concept_extraction
B_HYBRID_FROZEN,S2,LANE_B_S2_001cc5e4-71a3-8e4c-507c-d39178b49be8_197,"In the patient's care sequence, Specific gravity of Urine by Test strip is registered as preceding Total score.",CONTRADICTED,HOLD,concept_extraction
B_HYBRID_FROZEN,S2,LANE_B_S2_001cc5e4-71a3-8e4c-507c-d39178b49be8_233,"According to the encounter timeline, Protocol for Responding to and Assessing Patients' Assets, Risks, and Experiences took place subsequent to the completion of Body mass index (BMI).",SUPPORTED,BLOCK,concept_extraction
B_HYBRID_FROZEN,S2,LANE_B_S2_001cc5e4-71a3-8e4c-507c-d39178b49be8_236,"According to the encounter timeline, Patient Health Questionnaire 2 item (PHQ-2) total score took place subsequent to the completion of Encounter for check up (procedure).",CONTRADICTED,PASS,concept_extraction
B_HYBRID_FROZEN,S2,LANE_B_S2_001cc5e4-71a3-8e4c-507c-d39178b49be8_316,"According to the encounter timeline, Total score took place subsequent to the completion of Encounter for check up (procedure).",CONTRADICTED,PASS,concept_extraction
B_HYBRID_FROZEN,S2,LANE_B_S2_001cc5e4-71a3-8e4c-507c-d39178b49be8_317,"According to the encounter timeline, Carbon dioxide, total took place subsequent to the completion of Encounter for check up (procedure).",SUPPORTED,BLOCK,concept_extraction
B_HYBRID_FROZEN,S2,LANE_B_S2_001cc5e4-71a3-8e4c-507c-d39178b49be8_355,"According to the encounter timeline, Patient Health Questionnaire 2 item (PHQ-2) total score took place subsequent to the completion of Generalized anxiety disorder 7 item (GAD-7) total score.",SUPPORTED,BLOCK,concept_extraction
B_HYBRID_FROZEN,S2,LANE_B_S2_001cc5e4-71a3-8e4c-507c-d39178b49be8_356,"According to the encounter timeline, Patient Health Questionnaire 2 item (PHQ-2) total score took place subsequent to the completion of Total score.",CONTRADICTED,PASS,concept_extraction
B_HYBRID_FROZEN,S2,LANE_B_S2_001cc5e4-71a3-8e4c-507c-d39178b49be8_357,Clinical records verify that Ketones was documented ahead of Total score.,CONTRADICTED,HOLD,concept_extraction
B_HYBRID_FROZEN,S2,LANE_B_S2_001cc5e4-71a3-8e4c-507c-d39178b49be8_394,"According to the encounter timeline, Protocol for Responding to and Assessing Patients' Assets, Risks, and Experiences took place subsequent to the completion of Generalized anxiety disorder 7 item (GAD-7) total score.",CONTRADICTED,PASS,concept_extraction
B_HYBRID_FROZEN,S2,LANE_B_S2_001cc5e4-71a3-8e4c-507c-d39178b49be8_396,"In the patient's care sequence, Total score is registered as preceding Color of Urine.",SUPPORTED,HOLD,concept_extraction
B_HYBRID_FROZEN,S2,LANE_B_S2_001cc5e4-71a3-8e4c-507c-d39178b49be8_396,"In the patient's care sequence, Total score is registered as following Color of Urine.",CONTRADICTED,HOLD,concept_extraction
B_HYBRID_FROZEN,S2,LANE_B_S2_001cc5e4-71a3-8e4c-507c-d39178b49be8_424,Clinical records verify that Sodium was documented ahead of Blood pressure panel with all children optional.,SUPPORTED,HOLD,concept_extraction
B_HYBRID_FROZEN,S2,LANE_B_S2_001cc5e4-71a3-8e4c-507c-d39178b49be8_424,Clinical records verify that Sodium was documented in the aftermath of Blood pressure panel with all children optional.,CONTRADICTED,HOLD,concept_extraction
B_HYBRID_FROZEN,S2,LANE_B_S2_00dfeeae-df7c-1fde-17a7-38dd273a68ac_0,"According to the encounter timeline, General examination of patient (procedure) took place subsequent to the completion of Encounter for symptom (procedure).",CONTRADICTED,PASS,relation_extraction
B_HYBRID_FROZEN,S2,LANE_B_S2_00dfeeae-df7c-1fde-17a7-38dd273a68ac_8,"According to the encounter timeline, Consultation for treatment (procedure) took place subsequent to the completion of Emergency room admission (procedure).",CONTRADICTED,PASS,relation_extraction
B_HYBRID_FROZEN,S2,LANE_B_S2_00dfeeae-df7c-1fde-17a7-38dd273a68ac_9,"According to the encounter timeline, Acetaminophen 325 MG Oral Tablet took place subsequent to the completion of Emergency room admission (procedure).",SUPPORTED,BLOCK,relation_extraction
B_HYBRID_FROZEN,S2,LANE_B_S2_00dfeeae-df7c-1fde-17a7-38dd273a68ac_31,"According to the encounter timeline, Patient Health Questionnaire 2 item (PHQ-2) total score took place subsequent to the completion of Protocol for Responding to and Assessing Patients' Assets, Risks, and Experiences.",SUPPORTED,BLOCK,concept_extraction
B_HYBRID_FROZEN,S2,LANE_B_S2_00dfeeae-df7c-1fde-17a7-38dd273a68ac_32,"According to the encounter timeline, Patient Health Questionnaire 2 item (PHQ-2) total score took place subsequent to the completion of Encounter for check up (procedure).",CONTRADICTED,PASS,concept_extraction
B_HYBRID_FROZEN,S2,LANE_B_S2_00dfeeae-df7c-1fde-17a7-38dd273a68ac_50,"According to the encounter timeline, Consultation for treatment (procedure) took place subsequent to the completion of Administration of vaccine to produce active immunity (procedure).",CONTRADICTED,PASS,relation_extraction
B_HYBRID_FROZEN,S2,LANE_B_S2_00dfeeae-df7c-1fde-17a7-38dd273a68ac_72,"According to the encounter timeline, Acetaminophen 21.7 MG/ML / Dextromethorphan Hydrobromide 1 MG/ML / doxylamine succinate 0.417 MG/ML Oral Solution took place subsequent to the completion of Patient encounter procedure (procedure).",CONTRADICTED,PASS,relation_extraction
B_HYBRID_FROZEN,S2,LANE_B_S2_00dfeeae-df7c-1fde-17a7-38dd273a68ac_125,"According to the encounter timeline, Protocol for Responding to and Assessing Patients' Assets, Risks, and Experiences took place subsequent to the completion of Erythrocyte.",SUPPORTED,BLOCK,concept_extraction
B_HYBRID_FROZEN,S2,LANE_B_S2_00dfeeae-df7c-1fde-17a7-38dd273a68ac_126,"According to the encounter timeline, Protocol for Responding to and Assessing Patients' Assets, Risks, and Experiences took place subsequent to the completion of Generalized anxiety disorder 7 item (GAD-7) total score.",CONTRADICTED,PASS,concept_extraction
B_HYBRID_FROZEN,S2,LANE_B_S2_01825543-3bbe-c8e1-ef7b-11dbef2d030f_1,"According to the encounter timeline, Glucose took place subsequent to the completion of Encounter for symptom (procedure).",SUPPORTED,BLOCK,concept_extraction
B_HYBRID_FROZEN,S3,LANE_B_S3_001cc5e4-71a3-8e4c-507c-d39178b49be8_17861-6_0,"Compared against baseline measurements from the preceding visit, the patient's current Calcium demonstrates an attenuated reading.",SUPPORTED,BLOCK,concept_extraction
B_HYBRID_FROZEN,S3,LANE_B_S3_001cc5e4-71a3-8e4c-507c-d39178b49be8_17861-6_1,Diagnostic assessment shows that the most recently documented Calcium surpasses the prior encounter's result.,SUPPORTED,HOLD,concept_extraction
B_HYBRID_FROZEN,S3,LANE_B_S3_001cc5e4-71a3-8e4c-507c-d39178b49be8_17861-6_2,Diagnostic assessment shows that the most recently documented Calcium surpasses the prior encounter's result.,CONTRADICTED,HOLD,concept_extraction
B_HYBRID_FROZEN,S3,LANE_B_S3_001cc5e4-71a3-8e4c-507c-d39178b49be8_17861-6_3,"Compared against baseline measurements from the preceding visit, the patient's current Calcium demonstrates an attenuated reading.",SUPPORTED,BLOCK,concept_extraction
B_HYBRID_FROZEN,S3,LANE_B_S3_001cc5e4-71a3-8e4c-507c-d39178b49be8_17861-6_6,"Compared against baseline measurements from the preceding visit, the patient's current Calcium demonstrates an attenuated reading.",CONTRADICTED,PASS,concept_extraction
B_HYBRID_FROZEN,S3,LANE_B_S3_001cc5e4-71a3-8e4c-507c-d39178b49be8_18262-6_0,"Compared against baseline measurements from the preceding visit, the patient's current Cholesterol in LDL demonstrates an attenuated reading.",SUPPORTED,HOLD,relation_extraction
B_HYBRID_FROZEN,S3,LANE_B_S3_001cc5e4-71a3-8e4c-507c-d39178b49be8_2028-9_0,"Diagnostic assessment shows that the most recently documented Carbon dioxide, total surpasses the prior encounter's result.",SUPPORTED,HOLD,relation_extraction
B_HYBRID_FROZEN,S3,LANE_B_S3_001cc5e4-71a3-8e4c-507c-d39178b49be8_2028-9_3,"Diagnostic assessment shows that the most recently documented Carbon dioxide, total surpasses the prior encounter's result.",SUPPORTED,HOLD,relation_extraction
B_HYBRID_FROZEN,S3,LANE_B_S3_001cc5e4-71a3-8e4c-507c-d39178b49be8_2028-9_6,"Diagnostic assessment shows that the most recently documented Carbon dioxide, total surpasses the prior encounter's result.",SUPPORTED,HOLD,relation_extraction
B_HYBRID_FROZEN,S3,LANE_B_S3_001cc5e4-71a3-8e4c-507c-d39178b49be8_20505-4_1,Diagnostic assessment shows that the most recently documented Bilirubin.total surpasses the prior encounter's result.,SUPPORTED,HOLD,concept_extraction
B_HYBRID_FROZEN,S3,LANE_B_S3_001cc5e4-71a3-8e4c-507c-d39178b49be8_20505-4_4,"Compared against baseline measurements from the preceding visit, the patient's current Bilirubin.total demonstrates an attenuated reading.",CONTRADICTED,PASS,concept_extraction
B_HYBRID_FROZEN,S3,LANE_B_S3_001cc5e4-71a3-8e4c-507c-d39178b49be8_20505-4_6,Diagnostic assessment shows that the most recently documented Bilirubin.total surpasses the prior encounter's result.,CONTRADICTED,HOLD,concept_extraction
B_HYBRID_FROZEN,S3,LANE_B_S3_001cc5e4-71a3-8e4c-507c-d39178b49be8_2075-0_0,Diagnostic assessment shows that the most recently documented Chloride surpasses the prior encounter's result.,CONTRADICTED,HOLD,concept_extraction
B_HYBRID_FROZEN,S3,LANE_B_S3_001cc5e4-71a3-8e4c-507c-d39178b49be8_2075-0_1,Diagnostic assessment shows that the most recently documented Chloride surpasses the prior encounter's result.,CONTRADICTED,HOLD,concept_extraction
B_HYBRID_FROZEN,S3,LANE_B_S3_001cc5e4-71a3-8e4c-507c-d39178b49be8_2075-0_4,Diagnostic assessment shows that the most recently documented Chloride surpasses the prior encounter's result.,CONTRADICTED,HOLD,concept_extraction
B_HYBRID_FROZEN,S3,LANE_B_S3_001cc5e4-71a3-8e4c-507c-d39178b49be8_2075-0_5,"Compared against baseline measurements from the preceding visit, the patient's current Chloride demonstrates an attenuated reading.",SUPPORTED,BLOCK,concept_extraction
B_HYBRID_FROZEN,S3,LANE_B_S3_001cc5e4-71a3-8e4c-507c-d39178b49be8_2085-9_0,Diagnostic assessment shows that the most recently documented Cholesterol in HDL surpasses the prior encounter's result.,CONTRADICTED,HOLD,relation_extraction
B_HYBRID_FROZEN,S3,LANE_B_S3_001cc5e4-71a3-8e4c-507c-d39178b49be8_2085-9_1,Diagnostic assessment shows that the most recently documented Cholesterol in HDL surpasses the prior encounter's result.,CONTRADICTED,HOLD,relation_extraction
B_HYBRID_FROZEN,S3,LANE_B_S3_001cc5e4-71a3-8e4c-507c-d39178b49be8_2093-3_1,"Compared against baseline measurements from the preceding visit, the patient's current Cholesterol demonstrates an attenuated reading.",SUPPORTED,HOLD,relation_extraction
B_HYBRID_FROZEN,S3,LANE_B_S3_001cc5e4-71a3-8e4c-507c-d39178b49be8_2160-0_0,Diagnostic assessment shows that the most recently documented Creatinine surpasses the prior encounter's result.,CONTRADICTED,HOLD,relation_extraction
B_HYBRID_FROZEN,S3,LANE_B_S3_001cc5e4-71a3-8e4c-507c-d39178b49be8_2160-0_6,"Compared against baseline measurements from the preceding visit, the patient's current Creatinine demonstrates an attenuated reading.",CONTRADICTED,PASS,relation_extraction
B_HYBRID_FROZEN,S3,LANE_B_S3_001cc5e4-71a3-8e4c-507c-d39178b49be8_2345-7_0,"Compared against baseline measurements from the preceding visit, the patient's current Glucose demonstrates an attenuated reading.",SUPPORTED,BLOCK,concept_extraction
B_HYBRID_FROZEN,S3,LANE_B_S3_001cc5e4-71a3-8e4c-507c-d39178b49be8_2345-7_3,"Compared against baseline measurements from the preceding visit, the patient's current Glucose demonstrates an attenuated reading.",SUPPORTED,BLOCK,concept_extraction
B_HYBRID_FROZEN,S3,LANE_B_S3_001cc5e4-71a3-8e4c-507c-d39178b49be8_2345-7_5,"Compared against baseline measurements from the preceding visit, the patient's current Glucose demonstrates an attenuated reading.",SUPPORTED,BLOCK,concept_extraction
B_HYBRID_FROZEN,S3,LANE_B_S3_001cc5e4-71a3-8e4c-507c-d39178b49be8_2345-7_6,"Compared against baseline measurements from the preceding visit, the patient's current Glucose demonstrates an attenuated reading.",CONTRADICTED,PASS,concept_extraction
B_HYBRID_FROZEN,S3,LANE_B_S3_001cc5e4-71a3-8e4c-507c-d39178b49be8_2823-3_6,Diagnostic assessment shows that the most recently documented Potassium surpasses the prior encounter's result.,SUPPORTED,HOLD,concept_extraction
B_HYBRID_FROZEN,S3,LANE_B_S3_001cc5e4-71a3-8e4c-507c-d39178b49be8_29463-7_8,"Compared against baseline measurements from the preceding visit, the patient's current Body Weight demonstrates an attenuated reading.",SUPPORTED,HOLD,relation_extraction
B_HYBRID_FROZEN,S3,LANE_B_S3_001cc5e4-71a3-8e4c-507c-d39178b49be8_29463-7_9,Diagnostic assessment shows that the most recently documented Body Weight surpasses the prior encounter's result.,CONTRADICTED,HOLD,relation_extraction
B_HYBRID_FROZEN,S3,LANE_B_S3_001cc5e4-71a3-8e4c-507c-d39178b49be8_29463-7_10,"Compared against baseline measurements from the preceding visit, the patient's current Body Weight demonstrates an attenuated reading.",SUPPORTED,HOLD,relation_extraction
B_HYBRID_FROZEN,S3,LANE_B_S3_001cc5e4-71a3-8e4c-507c-d39178b49be8_2951-2_0,"Compared against baseline measurements from the preceding visit, the patient's current Sodium demonstrates an attenuated reading.",CONTRADICTED,HOLD,concept_extraction
B_HYBRID_FROZEN,S3,LANE_B_S3_001cc5e4-71a3-8e4c-507c-d39178b49be8_2951-2_1,"Compared against baseline measurements from the preceding visit, the patient's current Sodium demonstrates an attenuated reading.",SUPPORTED,HOLD,concept_extraction
B_HYBRID_FROZEN,S3,LANE_B_S3_001cc5e4-71a3-8e4c-507c-d39178b49be8_2951-2_2,Diagnostic assessment shows that the most recently documented Sodium surpasses the prior encounter's result.,SUPPORTED,HOLD,concept_extraction
B_HYBRID_FROZEN,S3,LANE_B_S3_001cc5e4-71a3-8e4c-507c-d39178b49be8_2951-2_5,Diagnostic assessment shows that the most recently documented Sodium surpasses the prior encounter's result.,CONTRADICTED,HOLD,concept_extraction
B_HYBRID_FROZEN,S3,LANE_B_S3_001cc5e4-71a3-8e4c-507c-d39178b49be8_2951-2_6,Diagnostic assessment shows that the most recently documented Sodium surpasses the prior encounter's result.,CONTRADICTED,HOLD,concept_extraction
B_HYBRID_FROZEN,S3,LANE_B_S3_001cc5e4-71a3-8e4c-507c-d39178b49be8_3094-0_2,Diagnostic assessment shows that the most recently documented Urea nitrogen surpasses the prior encounter's result.,SUPPORTED,HOLD,concept_extraction
B_HYBRID_FROZEN,S3,LANE_B_S3_001cc5e4-71a3-8e4c-507c-d39178b49be8_3094-0_6,Diagnostic assessment shows that the most recently documented Urea nitrogen surpasses the prior encounter's result.,SUPPORTED,HOLD,concept_extraction
B_HYBRID_FROZEN,S3,LANE_B_S3_001cc5e4-71a3-8e4c-507c-d39178b49be8_33914-3_0,"Compared against baseline measurements from the preceding visit, the patient's current Glomerular filtration rate demonstrates an attenuated reading.",SUPPORTED,HOLD,relation_extraction
B_HYBRID_FROZEN,S3,LANE_B_S3_001cc5e4-71a3-8e4c-507c-d39178b49be8_33914-3_4,Diagnostic assessment shows that the most recently documented Glomerular filtration rate surpasses the prior encounter's result.,SUPPORTED,HOLD,relation_extraction
B_HYBRID_FROZEN,S3,LANE_B_S3_001cc5e4-71a3-8e4c-507c-d39178b49be8_33914-3_5,"Compared against baseline measurements from the preceding visit, the patient's current Glomerular filtration rate demonstrates an attenuated reading.",SUPPORTED,HOLD,relation_extraction
B_HYBRID_FROZEN,S3,LANE_B_S3_001cc5e4-71a3-8e4c-507c-d39178b49be8_33914-3_6,Diagnostic assessment shows that the most recently documented Glomerular filtration rate surpasses the prior encounter's result.,SUPPORTED,HOLD,relation_extraction
B_HYBRID_FROZEN,S3,LANE_B_S3_001cc5e4-71a3-8e4c-507c-d39178b49be8_39156-5_7,Diagnostic assessment shows that the most recently documented Body mass index (BMI) surpasses the prior encounter's result.,CONTRADICTED,HOLD,relation_extraction
B_HYBRID_FROZEN,S3,LANE_B_S3_001cc5e4-71a3-8e4c-507c-d39178b49be8_39156-5_11,Diagnostic assessment shows that the most recently documented Body mass index (BMI) surpasses the prior encounter's result.,CONTRADICTED,HOLD,relation_extraction
B_HYBRID_FROZEN,S3,LANE_B_S3_001cc5e4-71a3-8e4c-507c-d39178b49be8_39156-5_12,Diagnostic assessment shows that the most recently documented Body mass index (BMI) surpasses the prior encounter's result.,SUPPORTED,HOLD,relation_extraction
B_HYBRID_FROZEN,S3,LANE_B_S3_001cc5e4-71a3-8e4c-507c-d39178b49be8_55758-7_2,"Compared against baseline measurements from the preceding visit, the patient's current Patient Health Questionnaire 2 item (PHQ-2) total score demonstrates an attenuated reading.",CONTRADICTED,PASS,relation_extraction
B_HYBRID_FROZEN,S3,LANE_B_S3_001cc5e4-71a3-8e4c-507c-d39178b49be8_55758-7_8,Diagnostic assessment shows that the most recently documented Patient Health Questionnaire 2 item (PHQ-2) total score surpasses the prior encounter's result.,CONTRADICTED,HOLD,relation_extraction
B_HYBRID_FROZEN,S3,LANE_B_S3_001cc5e4-71a3-8e4c-507c-d39178b49be8_5792-7_0,"Compared against baseline measurements from the preceding visit, the patient's current Glucose demonstrates an attenuated reading.",SUPPORTED,BLOCK,concept_extraction
B_HYBRID_FROZEN,S3,LANE_B_S3_001cc5e4-71a3-8e4c-507c-d39178b49be8_5792-7_1,Diagnostic assessment shows that the most recently documented Glucose surpasses the prior encounter's result.,CONTRADICTED,HOLD,concept_extraction
B_HYBRID_FROZEN,S3,LANE_B_S3_001cc5e4-71a3-8e4c-507c-d39178b49be8_5792-7_2,"Compared against baseline measurements from the preceding visit, the patient's current Glucose demonstrates an attenuated reading.",CONTRADICTED,PASS,concept_extraction
B_HYBRID_FROZEN,S3,LANE_B_S3_001cc5e4-71a3-8e4c-507c-d39178b49be8_5792-7_3,"Compared against baseline measurements from the preceding visit, the patient's current Glucose demonstrates an attenuated reading.",SUPPORTED,BLOCK,concept_extraction
B_HYBRID_FROZEN,S3,LANE_B_S3_001cc5e4-71a3-8e4c-507c-d39178b49be8_5792-7_4,Diagnostic assessment shows that the most recently documented Glucose surpasses the prior encounter's result.,SUPPORTED,HOLD,concept_extraction
B_HYBRID_FROZEN,S3,LANE_B_S3_001cc5e4-71a3-8e4c-507c-d39178b49be8_5792-7_5,Diagnostic assessment shows that the most recently documented Glucose surpasses the prior encounter's result.,SUPPORTED,HOLD,concept_extraction
B_HYBRID_FROZEN,S3,LANE_B_S3_001cc5e4-71a3-8e4c-507c-d39178b49be8_5792-7_6,"Compared against baseline measurements from the preceding visit, the patient's current Glucose demonstrates an attenuated reading.",SUPPORTED,BLOCK,concept_extraction
B_HYBRID_FROZEN,S3,LANE_B_S3_001cc5e4-71a3-8e4c-507c-d39178b49be8_5797-6_0,Diagnostic assessment shows that the most recently documented Ketones surpasses the prior encounter's result.,CONTRADICTED,HOLD,relation_extraction
B_HYBRID_FROZEN,S3,LANE_B_S3_001cc5e4-71a3-8e4c-507c-d39178b49be8_5803-2_1,Diagnostic assessment shows that the most recently documented pH of Urine by Test strip surpasses the prior encounter's result.,SUPPORTED,HOLD,relation_extraction
B_HYBRID_FROZEN,S3,LANE_B_S3_001cc5e4-71a3-8e4c-507c-d39178b49be8_5803-2_2,Diagnostic assessment shows that the most recently documented pH of Urine by Test strip surpasses the prior encounter's result.,CONTRADICTED,HOLD,relation_extraction
B_HYBRID_FROZEN,S3,LANE_B_S3_001cc5e4-71a3-8e4c-507c-d39178b49be8_5803-2_5,"Compared against baseline measurements from the preceding visit, the patient's current pH of Urine by Test strip demonstrates an attenuated reading.",CONTRADICTED,HOLD,relation_extraction
B_HYBRID_FROZEN,S3,LANE_B_S3_001cc5e4-71a3-8e4c-507c-d39178b49be8_5803-2_7,Diagnostic assessment shows that the most recently documented pH of Urine by Test strip surpasses the prior encounter's result.,SUPPORTED,HOLD,relation_extraction
B_HYBRID_FROZEN,S3,LANE_B_S3_001cc5e4-71a3-8e4c-507c-d39178b49be8_5804-0_1,"Compared against baseline measurements from the preceding visit, the patient's current Protein demonstrates an attenuated reading.",SUPPORTED,BLOCK,concept_extraction
B_HYBRID_FROZEN,S4,LANE_B_S4_001cc5e4-71a3-8e4c-507c-d39178b49be8_17861-6_0,The latest clinical evaluation confirms Calcium measuring 9.82 mg/dL.,SUPPORTED,HOLD,concept_extraction
B_HYBRID_FROZEN,S4,LANE_B_S4_001cc5e4-71a3-8e4c-507c-d39178b49be8_17861-6_0,The latest clinical evaluation confirms Calcium measuring 9.45 mg/dL.,CONTRADICTED,HOLD,concept_extraction
B_HYBRID_FROZEN,S4,LANE_B_S4_001cc5e4-71a3-8e4c-507c-d39178b49be8_17861-6_1,The most recent laboratory panel documents active Calcium at 9.82 mg/dL.,SUPPORTED,HOLD,concept_extraction
B_HYBRID_FROZEN,S4,LANE_B_S4_001cc5e4-71a3-8e4c-507c-d39178b49be8_17861-6_1,The most recent laboratory panel documents active Calcium at 8.51 mg/dL.,CONTRADICTED,HOLD,concept_extraction
B_HYBRID_FROZEN,S4,LANE_B_S4_001cc5e4-71a3-8e4c-507c-d39178b49be8_17861-6_2,The latest clinical evaluation confirms Calcium measuring 9.82 mg/dL.,SUPPORTED,HOLD,concept_extraction
B_HYBRID_FROZEN,S4,LANE_B_S4_001cc5e4-71a3-8e4c-507c-d39178b49be8_17861-6_2,The latest clinical evaluation confirms Calcium measuring 10.08 mg/dL.,CONTRADICTED,HOLD,concept_extraction
B_HYBRID_FROZEN,S4,LANE_B_S4_001cc5e4-71a3-8e4c-507c-d39178b49be8_17861-6_3,"According to the EHR summary, the active recorded finding for Calcium is 9.82 mg/dL.",SUPPORTED,HOLD,concept_extraction
B_HYBRID_FROZEN,S4,LANE_B_S4_001cc5e4-71a3-8e4c-507c-d39178b49be8_17861-6_3,"According to the EHR summary, the active recorded finding for Calcium is 9.92 mg/dL.",CONTRADICTED,HOLD,concept_extraction
B_HYBRID_FROZEN,S4,LANE_B_S4_001cc5e4-71a3-8e4c-507c-d39178b49be8_17861-6_4,"According to the EHR summary, the active recorded finding for Calcium is 9.82 mg/dL.",SUPPORTED,HOLD,concept_extraction
B_HYBRID_FROZEN,S4,LANE_B_S4_001cc5e4-71a3-8e4c-507c-d39178b49be8_17861-6_4,"According to the EHR summary, the active recorded finding for Calcium is 9.16 mg/dL.",CONTRADICTED,HOLD,concept_extraction
B_HYBRID_FROZEN,S4,LANE_B_S4_001cc5e4-71a3-8e4c-507c-d39178b49be8_17861-6_5,The most recent laboratory panel documents active Calcium at 9.82 mg/dL.,SUPPORTED,HOLD,concept_extraction
B_HYBRID_FROZEN,S4,LANE_B_S4_001cc5e4-71a3-8e4c-507c-d39178b49be8_17861-6_5,The most recent laboratory panel documents active Calcium at 10.03 mg/dL.,CONTRADICTED,HOLD,concept_extraction
B_HYBRID_FROZEN,S4,LANE_B_S4_001cc5e4-71a3-8e4c-507c-d39178b49be8_17861-6_6,"According to the EHR summary, the active recorded finding for Calcium is 9.82 mg/dL.",SUPPORTED,HOLD,concept_extraction
B_HYBRID_FROZEN,S4,LANE_B_S4_001cc5e4-71a3-8e4c-507c-d39178b49be8_17861-6_6,"According to the EHR summary, the active recorded finding for Calcium is 8.84 mg/dL.",CONTRADICTED,HOLD,concept_extraction
B_HYBRID_FROZEN,S4,LANE_B_S4_001cc5e4-71a3-8e4c-507c-d39178b49be8_20505-4_0,The latest clinical evaluation confirms Bilirubin.total measuring 0.37872 mg/dL.,SUPPORTED,HOLD,concept_extraction
B_HYBRID_FROZEN,S4,LANE_B_S4_001cc5e4-71a3-8e4c-507c-d39178b49be8_20505-4_0,The latest clinical evaluation confirms Bilirubin.total measuring 0.59437 mg/dL.,CONTRADICTED,HOLD,concept_extraction
B_HYBRID_FROZEN,S4,LANE_B_S4_001cc5e4-71a3-8e4c-507c-d39178b49be8_20505-4_1,"Based on active chart documentation, the patient's current Bilirubin.total is confirmed at 0.37872 mg/dL.",SUPPORTED,HOLD,concept_extraction
B_HYBRID_FROZEN,S4,LANE_B_S4_001cc5e4-71a3-8e4c-507c-d39178b49be8_20505-4_1,"Based on active chart documentation, the patient's current Bilirubin.total is confirmed at 1.0174 mg/dL.",CONTRADICTED,HOLD,concept_extraction
B_HYBRID_FROZEN,S4,LANE_B_S4_001cc5e4-71a3-8e4c-507c-d39178b49be8_20505-4_2,The most recent laboratory panel documents active Bilirubin.total at 0.37872 mg/dL.,SUPPORTED,HOLD,concept_extraction
B_HYBRID_FROZEN,S4,LANE_B_S4_001cc5e4-71a3-8e4c-507c-d39178b49be8_20505-4_2,The most recent laboratory panel documents active Bilirubin.total at 1.2389 mg/dL.,CONTRADICTED,HOLD,concept_extraction
B_HYBRID_FROZEN,S4,LANE_B_S4_001cc5e4-71a3-8e4c-507c-d39178b49be8_20505-4_3,"According to the EHR summary, the active recorded finding for Bilirubin.total is 0.37872 mg/dL.",SUPPORTED,HOLD,concept_extraction
B_HYBRID_FROZEN,S4,LANE_B_S4_001cc5e4-71a3-8e4c-507c-d39178b49be8_20505-4_3,"According to the EHR summary, the active recorded finding for Bilirubin.total is 1.3589 mg/dL.",CONTRADICTED,HOLD,concept_extraction
B_HYBRID_FROZEN,S4,LANE_B_S4_001cc5e4-71a3-8e4c-507c-d39178b49be8_20505-4_4,The latest clinical evaluation confirms Bilirubin.total measuring 0.37872 mg/dL.,SUPPORTED,HOLD,concept_extraction
B_HYBRID_FROZEN,S4,LANE_B_S4_001cc5e4-71a3-8e4c-507c-d39178b49be8_20505-4_4,The latest clinical evaluation confirms Bilirubin.total measuring 0.53396 mg/dL.,CONTRADICTED,HOLD,concept_extraction
B_HYBRID_FROZEN,S4,LANE_B_S4_001cc5e4-71a3-8e4c-507c-d39178b49be8_20505-4_5,The latest clinical evaluation confirms Bilirubin.total measuring 0.37872 mg/dL.,SUPPORTED,HOLD,concept_extraction
B_HYBRID_FROZEN,S4,LANE_B_S4_001cc5e4-71a3-8e4c-507c-d39178b49be8_20505-4_5,The latest clinical evaluation confirms Bilirubin.total measuring 1.2467 mg/dL.,CONTRADICTED,HOLD,concept_extraction
B_HYBRID_FROZEN,S4,LANE_B_S4_001cc5e4-71a3-8e4c-507c-d39178b49be8_20505-4_6,"According to the EHR summary, the active recorded finding for Bilirubin.total is 0.37872 mg/dL.",SUPPORTED,HOLD,concept_extraction
B_HYBRID_FROZEN,S4,LANE_B_S4_001cc5e4-71a3-8e4c-507c-d39178b49be8_20505-4_6,"According to the EHR summary, the active recorded finding for Bilirubin.total is 1.41 mg/dL.",CONTRADICTED,HOLD,concept_extraction
B_HYBRID_FROZEN,S4,LANE_B_S4_001cc5e4-71a3-8e4c-507c-d39178b49be8_2075-0_0,"Based on active chart documentation, the patient's current Chloride is confirmed at 106.33 mmol/L.",SUPPORTED,HOLD,concept_extraction
B_HYBRID_FROZEN,S4,LANE_B_S4_001cc5e4-71a3-8e4c-507c-d39178b49be8_2075-0_0,"Based on active chart documentation, the patient's current Chloride is confirmed at 110.51 mmol/L.",CONTRADICTED,HOLD,concept_extraction
B_HYBRID_FROZEN,S4,LANE_B_S4_001cc5e4-71a3-8e4c-507c-d39178b49be8_2075-0_1,"Based on active chart documentation, the patient's current Chloride is confirmed at 106.33 mmol/L.",SUPPORTED,HOLD,concept_extraction
B_HYBRID_FROZEN,S4,LANE_B_S4_001cc5e4-71a3-8e4c-507c-d39178b49be8_2075-0_1,"Based on active chart documentation, the patient's current Chloride is confirmed at 106.28 mmol/L.",CONTRADICTED,HOLD,concept_extraction
B_HYBRID_FROZEN,S4,LANE_B_S4_001cc5e4-71a3-8e4c-507c-d39178b49be8_2075-0_2,The latest clinical evaluation confirms Chloride measuring 106.33 mmol/L.,SUPPORTED,HOLD,concept_extraction
B_HYBRID_FROZEN,S4,LANE_B_S4_001cc5e4-71a3-8e4c-507c-d39178b49be8_2075-0_2,The latest clinical evaluation confirms Chloride measuring 101.73 mmol/L.,CONTRADICTED,HOLD,concept_extraction
B_HYBRID_FROZEN,S4,LANE_B_S4_001cc5e4-71a3-8e4c-507c-d39178b49be8_2075-0_3,"Based on active chart documentation, the patient's current Chloride is confirmed at 106.33 mmol/L.",SUPPORTED,HOLD,concept_extraction
B_HYBRID_FROZEN,S4,LANE_B_S4_001cc5e4-71a3-8e4c-507c-d39178b49be8_2075-0_3,"Based on active chart documentation, the patient's current Chloride is confirmed at 109.25 mmol/L.",CONTRADICTED,HOLD,concept_extraction
B_HYBRID_FROZEN,S4,LANE_B_S4_001cc5e4-71a3-8e4c-507c-d39178b49be8_2075-0_4,The latest clinical evaluation confirms Chloride measuring 106.33 mmol/L.,SUPPORTED,HOLD,concept_extraction
B_HYBRID_FROZEN,S4,LANE_B_S4_001cc5e4-71a3-8e4c-507c-d39178b49be8_2075-0_4,The latest clinical evaluation confirms Chloride measuring 109.15 mmol/L.,CONTRADICTED,HOLD,concept_extraction
B_HYBRID_FROZEN,S4,LANE_B_S4_001cc5e4-71a3-8e4c-507c-d39178b49be8_2075-0_5,The most recent laboratory panel documents active Chloride at 106.33 mmol/L.,SUPPORTED,HOLD,concept_extraction
B_HYBRID_FROZEN,S4,LANE_B_S4_001cc5e4-71a3-8e4c-507c-d39178b49be8_2075-0_5,The most recent laboratory panel documents active Chloride at 103.6 mmol/L.,CONTRADICTED,HOLD,concept_extraction
B_HYBRID_FROZEN,S4,LANE_B_S4_001cc5e4-71a3-8e4c-507c-d39178b49be8_2075-0_6,The latest clinical evaluation confirms Chloride measuring 106.33 mmol/L.,SUPPORTED,HOLD,concept_extraction
B_HYBRID_FROZEN,S4,LANE_B_S4_001cc5e4-71a3-8e4c-507c-d39178b49be8_2075-0_6,The latest clinical evaluation confirms Chloride measuring 103.49 mmol/L.,CONTRADICTED,HOLD,concept_extraction
B_HYBRID_FROZEN,S4,LANE_B_S4_001cc5e4-71a3-8e4c-507c-d39178b49be8_2345-7_0,"Based on active chart documentation, the patient's current Glucose is confirmed at 99.24 mg/dL.",SUPPORTED,HOLD,concept_extraction
B_HYBRID_FROZEN,S4,LANE_B_S4_001cc5e4-71a3-8e4c-507c-d39178b49be8_2345-7_0,"Based on active chart documentation, the patient's current Glucose is confirmed at 69.3 mg/dL.",CONTRADICTED,HOLD,concept_extraction
B_HYBRID_FROZEN,S4,LANE_B_S4_001cc5e4-71a3-8e4c-507c-d39178b49be8_2345-7_1,The latest clinical evaluation confirms Glucose measuring 99.24 mg/dL.,SUPPORTED,HOLD,concept_extraction
B_HYBRID_FROZEN,S4,LANE_B_S4_001cc5e4-71a3-8e4c-507c-d39178b49be8_2345-7_1,The latest clinical evaluation confirms Glucose measuring 64.23 mg/dL.,CONTRADICTED,HOLD,concept_extraction
B_HYBRID_FROZEN,S4,LANE_B_S4_001cc5e4-71a3-8e4c-507c-d39178b49be8_2345-7_2,"Based on active chart documentation, the patient's current Glucose is confirmed at 99.24 mg/dL.",SUPPORTED,HOLD,concept_extraction
B_HYBRID_FROZEN,S4,LANE_B_S4_001cc5e4-71a3-8e4c-507c-d39178b49be8_2345-7_2,"Based on active chart documentation, the patient's current Glucose is confirmed at 73.28 mg/dL.",CONTRADICTED,HOLD,concept_extraction
B_HYBRID_FROZEN,S4,LANE_B_S4_001cc5e4-71a3-8e4c-507c-d39178b49be8_2345-7_3,The most recent laboratory panel documents active Glucose at 99.24 mg/dL.,SUPPORTED,HOLD,concept_extraction
B_HYBRID_FROZEN,S4,LANE_B_S4_001cc5e4-71a3-8e4c-507c-d39178b49be8_2345-7_3,The most recent laboratory panel documents active Glucose at 96.98 mg/dL.,CONTRADICTED,HOLD,concept_extraction
B_HYBRID_FROZEN,S4,LANE_B_S4_001cc5e4-71a3-8e4c-507c-d39178b49be8_2345-7_4,"Based on active chart documentation, the patient's current Glucose is confirmed at 99.24 mg/dL.",SUPPORTED,HOLD,concept_extraction
B_HYBRID_FROZEN,S4,LANE_B_S4_001cc5e4-71a3-8e4c-507c-d39178b49be8_2345-7_4,"Based on active chart documentation, the patient's current Glucose is confirmed at 77.25 mg/dL.",CONTRADICTED,HOLD,concept_extraction
B_HYBRID_FROZEN,S4,LANE_B_S4_001cc5e4-71a3-8e4c-507c-d39178b49be8_2345-7_5,"Based on active chart documentation, the patient's current Glucose is confirmed at 99.24 mg/dL.",SUPPORTED,HOLD,concept_extraction
B_HYBRID_FROZEN,S4,LANE_B_S4_001cc5e4-71a3-8e4c-507c-d39178b49be8_2345-7_5,"Based on active chart documentation, the patient's current Glucose is confirmed at 77.43 mg/dL.",CONTRADICTED,HOLD,concept_extraction
B_HYBRID_FROZEN,S4,LANE_B_S4_001cc5e4-71a3-8e4c-507c-d39178b49be8_2345-7_6,The most recent laboratory panel documents active Glucose at 99.24 mg/dL.,SUPPORTED,HOLD,concept_extraction
B_HYBRID_FROZEN,S4,LANE_B_S4_001cc5e4-71a3-8e4c-507c-d39178b49be8_2345-7_6,The most recent laboratory panel documents active Glucose at 69.51 mg/dL.,CONTRADICTED,HOLD,concept_extraction
B_HYBRID_FROZEN,S4,LANE_B_S4_001cc5e4-71a3-8e4c-507c-d39178b49be8_2823-3_0,The latest clinical evaluation confirms Potassium measuring 4.58 mmol/L.,SUPPORTED,HOLD,concept_extraction
B_HYBRID_FROZEN,S4,LANE_B_S4_001cc5e4-71a3-8e4c-507c-d39178b49be8_2823-3_0,The latest clinical evaluation confirms Potassium measuring 4.84 mmol/L.,CONTRADICTED,HOLD,concept_extraction
B_HYBRID_FROZEN,S4,LANE_B_S4_001cc5e4-71a3-8e4c-507c-d39178b49be8_2823-3_1,"According to the EHR summary, the active recorded finding for Potassium is 4.58 mmol/L.",SUPPORTED,HOLD,concept_extraction
B_HYBRID_FROZEN,S4,LANE_B_S4_001cc5e4-71a3-8e4c-507c-d39178b49be8_2823-3_1,"According to the EHR summary, the active recorded finding for Potassium is 5.04 mmol/L.",CONTRADICTED,HOLD,concept_extraction
B_HYBRID_FROZEN,S4,LANE_B_S4_001cc5e4-71a3-8e4c-507c-d39178b49be8_2823-3_2,The latest clinical evaluation confirms Potassium measuring 4.58 mmol/L.,SUPPORTED,HOLD,concept_extraction
B_HYBRID_FROZEN,S4,LANE_B_S4_001cc5e4-71a3-8e4c-507c-d39178b49be8_2823-3_2,The latest clinical evaluation confirms Potassium measuring 4.85 mmol/L.,CONTRADICTED,HOLD,concept_extraction
B_HYBRID_FROZEN,S4,LANE_B_S4_001cc5e4-71a3-8e4c-507c-d39178b49be8_2823-3_3,"Based on active chart documentation, the patient's current Potassium is confirmed at 4.58 mmol/L.",SUPPORTED,HOLD,concept_extraction
B_HYBRID_FROZEN,S4,LANE_B_S4_001cc5e4-71a3-8e4c-507c-d39178b49be8_2823-3_3,"Based on active chart documentation, the patient's current Potassium is confirmed at 4.56 mmol/L.",CONTRADICTED,HOLD,concept_extraction
B_HYBRID_FROZEN,S4,LANE_B_S4_001cc5e4-71a3-8e4c-507c-d39178b49be8_2823-3_4,The most recent laboratory panel documents active Potassium at 4.58 mmol/L.,SUPPORTED,HOLD,concept_extraction
B_HYBRID_FROZEN,S4,LANE_B_S4_001cc5e4-71a3-8e4c-507c-d39178b49be8_2823-3_4,The most recent laboratory panel documents active Potassium at 4.55 mmol/L.,CONTRADICTED,HOLD,concept_extraction
B_HYBRID_FROZEN,S4,LANE_B_S4_001cc5e4-71a3-8e4c-507c-d39178b49be8_2823-3_5,The latest clinical evaluation confirms Potassium measuring 4.58 mmol/L.,SUPPORTED,HOLD,concept_extraction
B_HYBRID_FROZEN,S4,LANE_B_S4_001cc5e4-71a3-8e4c-507c-d39178b49be8_2823-3_5,The latest clinical evaluation confirms Potassium measuring 4.69 mmol/L.,CONTRADICTED,HOLD,concept_extraction
B_HYBRID_FROZEN,S4,LANE_B_S4_001cc5e4-71a3-8e4c-507c-d39178b49be8_2823-3_6,"According to the EHR summary, the active recorded finding for Potassium is 4.58 mmol/L.",SUPPORTED,HOLD,concept_extraction
B_HYBRID_FROZEN,S4,LANE_B_S4_001cc5e4-71a3-8e4c-507c-d39178b49be8_2823-3_6,"According to the EHR summary, the active recorded finding for Potassium is 4.32 mmol/L.",CONTRADICTED,HOLD,concept_extraction
B_HYBRID_FROZEN,S4,LANE_B_S4_001cc5e4-71a3-8e4c-507c-d39178b49be8_2951-2_0,"Based on active chart documentation, the patient's current Sodium is confirmed at 140.96 mmol/L.",SUPPORTED,HOLD,concept_extraction
B_HYBRID_FROZEN,S4,LANE_B_S4_001cc5e4-71a3-8e4c-507c-d39178b49be8_2951-2_0,"Based on active chart documentation, the patient's current Sodium is confirmed at 140.53 mmol/L.",CONTRADICTED,HOLD,concept_extraction
B_HYBRID_FROZEN,S4,LANE_B_S4_001cc5e4-71a3-8e4c-507c-d39178b49be8_2951-2_1,"Based on active chart documentation, the patient's current Sodium is confirmed at 140.96 mmol/L.",SUPPORTED,HOLD,concept_extraction
B_HYBRID_FROZEN,S4,LANE_B_S4_001cc5e4-71a3-8e4c-507c-d39178b49be8_2951-2_1,"Based on active chart documentation, the patient's current Sodium is confirmed at 143.85 mmol/L.",CONTRADICTED,HOLD,concept_extraction
B_HYBRID_FROZEN,S4,LANE_B_S4_001cc5e4-71a3-8e4c-507c-d39178b49be8_2951-2_2,The most recent laboratory panel documents active Sodium at 140.96 mmol/L.,SUPPORTED,HOLD,concept_extraction
B_HYBRID_FROZEN,S4,LANE_B_S4_001cc5e4-71a3-8e4c-507c-d39178b49be8_2951-2_2,The most recent laboratory panel documents active Sodium at 140.21 mmol/L.,CONTRADICTED,HOLD,concept_extraction
B_HYBRID_FROZEN,S4,LANE_B_S4_001cc5e4-71a3-8e4c-507c-d39178b49be8_2951-2_3,The latest clinical evaluation confirms Sodium measuring 140.96 mmol/L.,SUPPORTED,HOLD,concept_extraction
B_HYBRID_FROZEN,S4,LANE_B_S4_001cc5e4-71a3-8e4c-507c-d39178b49be8_2951-2_3,The latest clinical evaluation confirms Sodium measuring 141.84 mmol/L.,CONTRADICTED,HOLD,concept_extraction
B_HYBRID_FROZEN,S4,LANE_B_S4_001cc5e4-71a3-8e4c-507c-d39178b49be8_2951-2_4,"Based on active chart documentation, the patient's current Sodium is confirmed at 140.96 mmol/L.",SUPPORTED,HOLD,concept_extraction
B_HYBRID_FROZEN,S4,LANE_B_S4_001cc5e4-71a3-8e4c-507c-d39178b49be8_2951-2_4,"Based on active chart documentation, the patient's current Sodium is confirmed at 140.58 mmol/L.",CONTRADICTED,HOLD,concept_extraction
B_HYBRID_FROZEN,S4,LANE_B_S4_001cc5e4-71a3-8e4c-507c-d39178b49be8_2951-2_5,"Based on active chart documentation, the patient's current Sodium is confirmed at 140.96 mmol/L.",SUPPORTED,HOLD,concept_extraction
B_HYBRID_FROZEN,S4,LANE_B_S4_001cc5e4-71a3-8e4c-507c-d39178b49be8_2951-2_5,"Based on active chart documentation, the patient's current Sodium is confirmed at 143.62 mmol/L.",CONTRADICTED,HOLD,concept_extraction
B_HYBRID_FROZEN,S4,LANE_B_S4_001cc5e4-71a3-8e4c-507c-d39178b49be8_2951-2_6,The most recent laboratory panel documents active Sodium at 140.96 mmol/L.,SUPPORTED,HOLD,concept_extraction
B_HYBRID_FROZEN,S4,LANE_B_S4_001cc5e4-71a3-8e4c-507c-d39178b49be8_2951-2_6,The most recent laboratory panel documents active Sodium at 141.56 mmol/L.,CONTRADICTED,HOLD,concept_extraction
B_HYBRID_FROZEN,S4,LANE_B_S4_001cc5e4-71a3-8e4c-507c-d39178b49be8_3094-0_0,The most recent laboratory panel documents active Urea nitrogen at 16.68 mg/dL.,SUPPORTED,HOLD,concept_extraction
B_HYBRID_FROZEN,S4,LANE_B_S4_001cc5e4-71a3-8e4c-507c-d39178b49be8_3094-0_0,The most recent laboratory panel documents active Urea nitrogen at 18.34 mg/dL.,CONTRADICTED,HOLD,concept_extraction
B_HYBRID_FROZEN,S4,LANE_B_S4_001cc5e4-71a3-8e4c-507c-d39178b49be8_3094-0_1,The most recent laboratory panel documents active Urea nitrogen at 16.68 mg/dL.,SUPPORTED,HOLD,concept_extraction
B_HYBRID_FROZEN,S4,LANE_B_S4_001cc5e4-71a3-8e4c-507c-d39178b49be8_3094-0_1,The most recent laboratory panel documents active Urea nitrogen at 7.45 mg/dL.,CONTRADICTED,HOLD,concept_extraction
B_HYBRID_FROZEN,S4,LANE_B_S4_001cc5e4-71a3-8e4c-507c-d39178b49be8_3094-0_2,The latest clinical evaluation confirms Urea nitrogen measuring 16.68 mg/dL.,SUPPORTED,HOLD,concept_extraction
B_HYBRID_FROZEN,S4,LANE_B_S4_001cc5e4-71a3-8e4c-507c-d39178b49be8_3094-0_2,The latest clinical evaluation confirms Urea nitrogen measuring 13.92 mg/dL.,CONTRADICTED,HOLD,concept_extraction
B_HYBRID_FROZEN,S4,LANE_B_S4_001cc5e4-71a3-8e4c-507c-d39178b49be8_3094-0_3,The latest clinical evaluation confirms Urea nitrogen measuring 16.68 mg/dL.,SUPPORTED,HOLD,concept_extraction
B_HYBRID_FROZEN,S4,LANE_B_S4_001cc5e4-71a3-8e4c-507c-d39178b49be8_3094-0_3,The latest clinical evaluation confirms Urea nitrogen measuring 14.99 mg/dL.,CONTRADICTED,HOLD,concept_extraction
B_HYBRID_FROZEN,S4,LANE_B_S4_001cc5e4-71a3-8e4c-507c-d39178b49be8_3094-0_4,The latest clinical evaluation confirms Urea nitrogen measuring 16.68 mg/dL.,SUPPORTED,HOLD,concept_extraction
B_HYBRID_FROZEN,S4,LANE_B_S4_001cc5e4-71a3-8e4c-507c-d39178b49be8_3094-0_4,The latest clinical evaluation confirms Urea nitrogen measuring 15.81 mg/dL.,CONTRADICTED,HOLD,concept_extraction
B_HYBRID_FROZEN,S4,LANE_B_S4_001cc5e4-71a3-8e4c-507c-d39178b49be8_3094-0_5,"According to the EHR summary, the active recorded finding for Urea nitrogen is 16.68 mg/dL.",SUPPORTED,HOLD,concept_extraction
B_HYBRID_FROZEN,S4,LANE_B_S4_001cc5e4-71a3-8e4c-507c-d39178b49be8_3094-0_5,"According to the EHR summary, the active recorded finding for Urea nitrogen is 17.39 mg/dL.",CONTRADICTED,HOLD,concept_extraction
B_HYBRID_FROZEN,S4,LANE_B_S4_001cc5e4-71a3-8e4c-507c-d39178b49be8_3094-0_6,The most recent laboratory panel documents active Urea nitrogen at 16.68 mg/dL.,SUPPORTED,HOLD,concept_extraction
B_HYBRID_FROZEN,S4,LANE_B_S4_001cc5e4-71a3-8e4c-507c-d39178b49be8_3094-0_6,The most recent laboratory panel documents active Urea nitrogen at 9.91 mg/dL.,CONTRADICTED,HOLD,concept_extraction
B_HYBRID_FROZEN,S4,LANE_B_S4_001cc5e4-71a3-8e4c-507c-d39178b49be8_33914-3_0,The most recent laboratory panel documents active Glomerular filtration rate at 68.694 mL/min/{1.73_m2}.,SUPPORTED,BLOCK,numeric_value
B_HYBRID_FROZEN,S4,LANE_B_S4_001cc5e4-71a3-8e4c-507c-d39178b49be8_33914-3_1,The latest clinical evaluation confirms Glomerular filtration rate measuring 68.694 mL/min/{1.73_m2}.,SUPPORTED,BLOCK,numeric_value
B_HYBRID_FROZEN,S4,LANE_B_S4_001cc5e4-71a3-8e4c-507c-d39178b49be8_33914-3_2,"According to the EHR summary, the active recorded finding for Glomerular filtration rate is 68.694 mL/min/{1.73_m2}.",SUPPORTED,BLOCK,numeric_value
B_HYBRID_FROZEN,S4,LANE_B_S4_001cc5e4-71a3-8e4c-507c-d39178b49be8_33914-3_3,The latest clinical evaluation confirms Glomerular filtration rate measuring 68.694 mL/min/{1.73_m2}.,SUPPORTED,BLOCK,numeric_value
B_HYBRID_FROZEN,S4,LANE_B_S4_001cc5e4-71a3-8e4c-507c-d39178b49be8_33914-3_4,The most recent laboratory panel documents active Glomerular filtration rate at 68.694 mL/min/{1.73_m2}.,SUPPORTED,BLOCK,numeric_value
B_HYBRID_FROZEN,S4,LANE_B_S4_001cc5e4-71a3-8e4c-507c-d39178b49be8_33914-3_5,The latest clinical evaluation confirms Glomerular filtration rate measuring 68.694 mL/min/{1.73_m2}.,SUPPORTED,BLOCK,numeric_value
B_HYBRID_FROZEN,S4,LANE_B_S4_001cc5e4-71a3-8e4c-507c-d39178b49be8_33914-3_6,The latest clinical evaluation confirms Glomerular filtration rate measuring 68.694 mL/min/{1.73_m2}.,SUPPORTED,BLOCK,numeric_value
B_HYBRID_FROZEN,S4,LANE_B_S4_001cc5e4-71a3-8e4c-507c-d39178b49be8_39156-5_0,"According to the EHR summary, the active recorded finding for Body mass index (BMI) is 27.91 kg/m2.",SUPPORTED,BLOCK,numeric_value
B_HYBRID_FROZEN,S4,LANE_B_S4_001cc5e4-71a3-8e4c-507c-d39178b49be8_39156-5_1,The most recent laboratory panel documents active Body mass index (BMI) at 27.91 kg/m2.,SUPPORTED,BLOCK,numeric_value
B_HYBRID_FROZEN,S4,LANE_B_S4_001cc5e4-71a3-8e4c-507c-d39178b49be8_39156-5_2,"According to the EHR summary, the active recorded finding for Body mass index (BMI) is 27.91 kg/m2.",SUPPORTED,BLOCK,numeric_value
B_HYBRID_FROZEN,S4,LANE_B_S4_001cc5e4-71a3-8e4c-507c-d39178b49be8_39156-5_3,"Based on active chart documentation, the patient's current Body mass index (BMI) is confirmed at 27.91 kg/m2.",SUPPORTED,BLOCK,numeric_value
B_HYBRID_FROZEN,S4,LANE_B_S4_001cc5e4-71a3-8e4c-507c-d39178b49be8_39156-5_4,The latest clinical evaluation confirms Body mass index (BMI) measuring 27.91 kg/m2.,SUPPORTED,BLOCK,relation_extraction
B_HYBRID_FROZEN,S4,LANE_B_S4_001cc5e4-71a3-8e4c-507c-d39178b49be8_39156-5_5,The latest clinical evaluation confirms Body mass index (BMI) measuring 27.91 kg/m2.,SUPPORTED,BLOCK,relation_extraction
B_HYBRID_FROZEN,S4,LANE_B_S4_001cc5e4-71a3-8e4c-507c-d39178b49be8_39156-5_6,"Based on active chart documentation, the patient's current Body mass index (BMI) is confirmed at 27.91 kg/m2.",SUPPORTED,BLOCK,numeric_value
B_HYBRID_FROZEN,S4,LANE_B_S4_001cc5e4-71a3-8e4c-507c-d39178b49be8_39156-5_7,The latest clinical evaluation confirms Body mass index (BMI) measuring 27.91 kg/m2.,SUPPORTED,BLOCK,relation_extraction
B_HYBRID_FROZEN,S4,LANE_B_S4_001cc5e4-71a3-8e4c-507c-d39178b49be8_39156-5_8,The latest clinical evaluation confirms Body mass index (BMI) measuring 27.91 kg/m2.,SUPPORTED,BLOCK,relation_extraction
B_HYBRID_FROZEN,S4,LANE_B_S4_001cc5e4-71a3-8e4c-507c-d39178b49be8_39156-5_9,The most recent laboratory panel documents active Body mass index (BMI) at 27.91 kg/m2.,SUPPORTED,BLOCK,numeric_value
B_HYBRID_FROZEN,S4,LANE_B_S4_001cc5e4-71a3-8e4c-507c-d39178b49be8_39156-5_10,"Based on active chart documentation, the patient's current Body mass index (BMI) is confirmed at 27.91 kg/m2.",SUPPORTED,BLOCK,numeric_value
B_HYBRID_FROZEN,S4,LANE_B_S4_001cc5e4-71a3-8e4c-507c-d39178b49be8_39156-5_11,The latest clinical evaluation confirms Body mass index (BMI) measuring 27.91 kg/m2.,SUPPORTED,BLOCK,relation_extraction
B_HYBRID_FROZEN,S4,LANE_B_S4_001cc5e4-71a3-8e4c-507c-d39178b49be8_39156-5_12,The latest clinical evaluation confirms Body mass index (BMI) measuring 27.91 kg/m2.,SUPPORTED,BLOCK,relation_extraction
B_HYBRID_FROZEN,S4,LANE_B_S4_001cc5e4-71a3-8e4c-507c-d39178b49be8_5792-7_0,The latest clinical evaluation confirms Glucose measuring 0.6503 mg/dL.,SUPPORTED,HOLD,concept_extraction
B_HYBRID_FROZEN,S4,LANE_B_S4_001cc5e4-71a3-8e4c-507c-d39178b49be8_5792-7_0,The latest clinical evaluation confirms Glucose measuring 3.4171 mg/dL.,CONTRADICTED,HOLD,concept_extraction
B_HYBRID_FROZEN,S4,LANE_B_S4_001cc5e4-71a3-8e4c-507c-d39178b49be8_5792-7_1,"According to the EHR summary, the active recorded finding for Glucose is 0.6503 mg/dL.",SUPPORTED,HOLD,concept_extraction
B_HYBRID_FROZEN,S4,LANE_B_S4_001cc5e4-71a3-8e4c-507c-d39178b49be8_5792-7_1,"According to the EHR summary, the active recorded finding for Glucose is 1.8336 mg/dL.",CONTRADICTED,HOLD,concept_extraction
B_HYBRID_FROZEN,S4,LANE_B_S4_001cc5e4-71a3-8e4c-507c-d39178b49be8_5792-7_2,The latest clinical evaluation confirms Glucose measuring 0.6503 mg/dL.,SUPPORTED,HOLD,concept_extraction
B_HYBRID_FROZEN,S4,LANE_B_S4_001cc5e4-71a3-8e4c-507c-d39178b49be8_5792-7_2,The latest clinical evaluation confirms Glucose measuring 0.58446 mg/dL.,CONTRADICTED,HOLD,concept_extraction
B_HYBRID_FROZEN,S4,LANE_B_S4_001cc5e4-71a3-8e4c-507c-d39178b49be8_5792-7_3,The latest clinical evaluation confirms Glucose measuring 0.6503 mg/dL.,SUPPORTED,HOLD,concept_extraction
B_HYBRID_FROZEN,S4,LANE_B_S4_001cc5e4-71a3-8e4c-507c-d39178b49be8_5792-7_3,The latest clinical evaluation confirms Glucose measuring 2.4923 mg/dL.,CONTRADICTED,HOLD,concept_extraction
B_HYBRID_FROZEN,S4,LANE_B_S4_001cc5e4-71a3-8e4c-507c-d39178b49be8_5792-7_4,The latest clinical evaluation confirms Glucose measuring 0.6503 mg/dL.,SUPPORTED,HOLD,concept_extraction
B_HYBRID_FROZEN,S4,LANE_B_S4_001cc5e4-71a3-8e4c-507c-d39178b49be8_5792-7_4,The latest clinical evaluation confirms Glucose measuring 0.81758 mg/dL.,CONTRADICTED,HOLD,concept_extraction
B_HYBRID_FROZEN,S4,LANE_B_S4_001cc5e4-71a3-8e4c-507c-d39178b49be8_5792-7_5,"Based on active chart documentation, the patient's current Glucose is confirmed at 0.6503 mg/dL.",SUPPORTED,HOLD,concept_extraction
B_HYBRID_FROZEN,S4,LANE_B_S4_001cc5e4-71a3-8e4c-507c-d39178b49be8_5792-7_5,"Based on active chart documentation, the patient's current Glucose is confirmed at 0.94029 mg/dL.",CONTRADICTED,HOLD,concept_extraction
B_HYBRID_FROZEN,S4,LANE_B_S4_001cc5e4-71a3-8e4c-507c-d39178b49be8_5792-7_6,"According to the EHR summary, the active recorded finding for Glucose is 0.6503 mg/dL.",SUPPORTED,HOLD,concept_extraction
B_HYBRID_FROZEN,S4,LANE_B_S4_001cc5e4-71a3-8e4c-507c-d39178b49be8_5792-7_6,"According to the EHR summary, the active recorded finding for Glucose is 2.4338 mg/dL.",CONTRADICTED,HOLD,concept_extraction
B_HYBRID_FROZEN,S4,LANE_B_S4_001cc5e4-71a3-8e4c-507c-d39178b49be8_5792-7_7,The most recent laboratory panel documents active Glucose at 0.6503 mg/dL.,SUPPORTED,HOLD,concept_extraction
B_HYBRID_FROZEN,S4,LANE_B_S4_001cc5e4-71a3-8e4c-507c-d39178b49be8_5792-7_7,The most recent laboratory panel documents active Glucose at 1.3195 mg/dL.,CONTRADICTED,HOLD,concept_extraction
