split,task_code,pair_id,claim_text,ground_truth,predicted_verdict,error_category
VAL-ID,S4,S4_67224657-6b53-1502-26de-84bd6c31d1b2_5804-0_4,The patient's current Protein is 269.06 mg/dL.,SUPPORTED,BLOCK,concept_extraction
VAL-ID,S4,S4_8dc51bf3-9bb4-0358-8ebc-edd4be2cc5b9_59576-9_4,The most recently documented Body mass index (BMI) is 90.287 %.,SUPPORTED,BLOCK,concept_extraction
VAL-ID,S4,S4_2be1d412-eca7-a732-7523-31c5d9c4642f_6690-2_0,The most recently documented Leukocytes is 6.2131 10*3/uL.,SUPPORTED,BLOCK,numeric_value
VAL-ID,S4,S4_2595af4c-f6b6-3761-60ea-4d68138267be_6690-2_0,Latest recorded Leukocytes stands at 8.8079 10*3/uL.,SUPPORTED,BLOCK,numeric_value
VAL-ID,S4,S4_0cce6f8e-2868-082b-55c9-abaef0c12a3d_5804-0_3,Latest recorded Protein stands at 162.79 mg/dL.,SUPPORTED,HOLD,concept_extraction
VAL-ID,S4,S4_0cce6f8e-2868-082b-55c9-abaef0c12a3d_5804-0_3,Latest recorded Protein stands at 206.92 mg/dL.,CONTRADICTED,HOLD,concept_extraction
VAL-ID,S4,S4_940b8423-478a-5013-c62e-d1c20601d662_20565-8_2,"The patient's current Carbon dioxide, total is 27.61 mmol/L.",SUPPORTED,HOLD,concept_extraction
VAL-ID,S4,S4_940b8423-478a-5013-c62e-d1c20601d662_20565-8_2,"The patient's current Carbon dioxide, total is 22.78 mmol/L.",CONTRADICTED,HOLD,concept_extraction
VAL-ID,S4,S4_9b51cdee-c6fc-a37a-9b4a-91516e0c822a_2345-7_2,Latest recorded Glucose stands at 78.98 mg/dL.,SUPPORTED,BLOCK,concept_extraction
VAL-ID,S4,S4_247c449c-50dc-baeb-014e-9cdfe03499a1_6690-2_1,The patient's current Leukocytes is 7.7426 10*3/uL.,SUPPORTED,BLOCK,numeric_value
VAL-ID,S4,S4_9b51cdee-c6fc-a37a-9b4a-91516e0c822a_76504-0_34,The patient's current Total score is 0.0 {score}.,SUPPORTED,BLOCK,concept_extraction
VAL-ID,S4,S4_9b51cdee-c6fc-a37a-9b4a-91516e0c822a_76504-0_34,The patient's current Total score is 1.0 {score}.,CONTRADICTED,PASS,concept_extraction
VAL-ID,S4,S4_f210e2cd-0e3c-b243-a75a-0e4970ed4038_39156-5_4,The patient's current Body mass index (BMI) is 17.31 kg/m2.,SUPPORTED,BLOCK,numeric_value
VAL-ID,S4,S4_d8dab272-df03-c1bf-0dbf-4f163227def4_789-8_0,The patient's current Erythrocytes is 4.44 10*6/uL.,SUPPORTED,BLOCK,numeric_value
VAL-ID,S4,S4_2a1d85b1-67ca-9b29-4089-387c281886e8_20565-8_3,"The most recently documented Carbon dioxide, total is 21.03 mmol/L.",SUPPORTED,HOLD,concept_extraction
VAL-ID,S4,S4_2a1d85b1-67ca-9b29-4089-387c281886e8_20565-8_3,"The most recently documented Carbon dioxide, total is 28.77 mmol/L.",CONTRADICTED,HOLD,concept_extraction
VAL-ID,S4,S4_0cce6f8e-2868-082b-55c9-abaef0c12a3d_5804-0_4,The patient's current Protein is 162.79 mg/dL.,SUPPORTED,HOLD,concept_extraction
VAL-ID,S4,S4_0cce6f8e-2868-082b-55c9-abaef0c12a3d_5804-0_4,The patient's current Protein is 331.03 mg/dL.,CONTRADICTED,HOLD,concept_extraction
VAL-ID,S4,S4_0600dbc3-0be0-88ee-f759-92b3e8b13fb6_6690-2_0,Latest recorded Leukocytes stands at 6.7187 10*3/uL.,SUPPORTED,BLOCK,numeric_value
VAL-ID,S4,S4_484d6b59-2220-b932-c0ce-dbd955779f46_39156-5_3,The most recently documented Body mass index (BMI) is 15.28 kg/m2.,SUPPORTED,BLOCK,numeric_value
VAL-ID,S4,S4_18693cbc-d646-af72-23f8-b151866754ab_75626-2_2,The patient's current Total score is 0.0 {score}.,SUPPORTED,BLOCK,concept_extraction
VAL-ID,S4,S4_91b4e250-d3cb-c15f-f155-853277626129_20565-8_4,"Latest recorded Carbon dioxide, total stands at 24.69 mmol/L.",SUPPORTED,HOLD,concept_extraction
VAL-ID,S4,S4_91b4e250-d3cb-c15f-f155-853277626129_20565-8_4,"Latest recorded Carbon dioxide, total stands at 26.1 mmol/L.",CONTRADICTED,HOLD,concept_extraction
VAL-ID,S4,S4_9b51cdee-c6fc-a37a-9b4a-91516e0c822a_2951-2_3,The most recently documented Sodium is 140.3 mmol/L.,SUPPORTED,BLOCK,concept_extraction
VAL-ID,S4,S4_b54ec258-afa9-ef86-3979-c471d433e390_20565-8_1,"The most recently documented Carbon dioxide, total is 20.98 mmol/L.",SUPPORTED,HOLD,concept_extraction
VAL-ID,S4,S4_b54ec258-afa9-ef86-3979-c471d433e390_20565-8_1,"The most recently documented Carbon dioxide, total is 22.44 mmol/L.",CONTRADICTED,HOLD,concept_extraction
VAL-ID,S4,S4_0cce6f8e-2868-082b-55c9-abaef0c12a3d_33914-3_4,The most recently documented Glomerular filtration rate is 82.83 mL/min/{1.73_m2}.,SUPPORTED,BLOCK,numeric_value
VAL-ID,S4,S4_999be85b-4cce-8605-1a31-d3ab89a1478b_6095-4_0,Latest recorded American house dust mite IgE Ab stands at 0.20922 kU/L.,SUPPORTED,HOLD,concept_extraction
VAL-ID,S4,S4_999be85b-4cce-8605-1a31-d3ab89a1478b_6095-4_0,Latest recorded American house dust mite IgE Ab stands at 0.11783 kU/L.,CONTRADICTED,HOLD,concept_extraction
VAL-ID,S4,S4_48f6bee6-4128-a40f-1dc5-90e4375c89d3_39156-5_2,The patient's current Body mass index (BMI) is 30.11 kg/m2.,SUPPORTED,BLOCK,numeric_value
VAL-ID,S4,S4_18e63129-fa81-553c-d1a9-7f474170964b_39156-5_4,Latest recorded Body mass index (BMI) stands at 28.03 kg/m2.,SUPPORTED,BLOCK,numeric_value
VAL-ID,S4,S4_ed70a6af-baef-8594-7320-f35d0807c63b_777-3_0,The patient's current Platelets is 276.79 10*3/uL.,SUPPORTED,BLOCK,numeric_value
VAL-ID,S4,S4_2e0b6f71-aeb2-06aa-446d-66538396d635_59576-9_1,Latest recorded Body mass index (BMI) stands at 82.406 %.,SUPPORTED,BLOCK,concept_extraction
VAL-ID,S4,S4_a303d83e-435d-643a-948a-6b38e7b47dcb_2075-0_0,Latest recorded Chloride stands at 110.4 mmol/L.,SUPPORTED,BLOCK,concept_extraction
VAL-ID,S4,S4_2f199102-8309-e6c4-7d0f-d8f61dbbb039_777-3_0,The patient's current Platelets is 367.7 10*3/uL.,SUPPORTED,BLOCK,numeric_value
VAL-ID,S4,S4_3793f45c-3b1c-5ab1-6a65-62132ce19689_59576-9_3,The patient's current Body mass index (BMI) is 99.812 %.,SUPPORTED,BLOCK,concept_extraction
VAL-ID,S4,S4_558e0ad4-8f5b-24ba-102d-e32fc61b2365_20565-8_0,"Latest recorded Carbon dioxide, total stands at 28.73 mmol/L.",SUPPORTED,HOLD,concept_extraction
VAL-ID,S4,S4_558e0ad4-8f5b-24ba-102d-e32fc61b2365_20565-8_0,"Latest recorded Carbon dioxide, total stands at 24.22 mmol/L.",CONTRADICTED,HOLD,concept_extraction
VAL-ID,S4,S4_205fe677-6c12-43e8-9145-f21bd8280034_39156-5_3,Latest recorded Body mass index (BMI) stands at 15.16 kg/m2.,SUPPORTED,BLOCK,numeric_value
VAL-ID,S4,S4_9b51cdee-c6fc-a37a-9b4a-91516e0c822a_3094-0_0,Latest recorded Urea nitrogen stands at 18.5 mg/dL.,SUPPORTED,BLOCK,concept_extraction
VAL-ID,S4,S4_e790d37e-d213-e04f-9c67-3accf9c5031e_2823-3_2,The patient's current Potassium is 4.16 mmol/L.,SUPPORTED,BLOCK,concept_extraction
VAL-ID,S4,S4_6a16a5b7-faf8-49ff-e642-7e8af31f986f_777-3_0,The patient's current Platelets is 159.93 10*3/uL.,SUPPORTED,BLOCK,numeric_value
VAL-ID,S4,S4_9b51cdee-c6fc-a37a-9b4a-91516e0c822a_5792-7_3,The most recently documented Glucose is 0.67777 mg/dL.,SUPPORTED,BLOCK,concept_extraction
VAL-ID,S4,S4_67224657-6b53-1502-26de-84bd6c31d1b2_38483-4_2,Latest recorded Creatinine stands at 1.95 mg/dL.,SUPPORTED,BLOCK,concept_extraction
VAL-ID,S4,S4_e3094ac1-1829-8980-4fb7-96690b125475_39156-5_0,Latest recorded Body mass index (BMI) stands at 26.43 kg/m2.,SUPPORTED,BLOCK,numeric_value
VAL-ID,S4,S4_a121a579-1ee5-f5e7-f923-ee423e1221af_39156-5_3,The patient's current Body mass index (BMI) is 27.26 kg/m2.,SUPPORTED,BLOCK,numeric_value
VAL-ID,S4,S4_1e350ee8-0d9f-d194-ea61-d175ce5156e2_38483-4_0,The patient's current Creatinine is 0.97 mg/dL.,SUPPORTED,HOLD,concept_extraction
VAL-ID,S4,S4_1e350ee8-0d9f-d194-ea61-d175ce5156e2_38483-4_0,The patient's current Creatinine is 1.15 mg/dL.,CONTRADICTED,HOLD,concept_extraction
VAL-ID,S4,S4_67224657-6b53-1502-26de-84bd6c31d1b2_5792-7_1,The most recently documented Glucose is 0.64064 mg/dL.,SUPPORTED,BLOCK,concept_extraction
VAL-ID,S4,S4_4e91a238-aeb1-2ca6-c27b-5dd74d730503_5792-7_2,The most recently documented Glucose is 1.6282 mg/dL.,SUPPORTED,BLOCK,concept_extraction
VAL-ID,S4,S4_69be2004-fee7-e16d-da17-c8048f0129af_39156-5_2,The most recently documented Body mass index (BMI) is 18.54 kg/m2.,SUPPORTED,BLOCK,numeric_value
VAL-ID,S4,S4_f89416db-94c1-4f94-d3ed-6189ed887d32_39156-5_1,The patient's current Body mass index (BMI) is 29.57 kg/m2.,SUPPORTED,BLOCK,numeric_value
VAL-ID,S4,S4_48138196-2f91-6098-1083-ed19499dde28_6690-2_0,Latest recorded Leukocytes stands at 4.5831 10*3/uL.,SUPPORTED,BLOCK,numeric_value
VAL-ID,S4,S4_dca8a77e-31fa-5cd1-23a9-670b022cbe15_59576-9_3,Latest recorded Body mass index (BMI) stands at 18.741 %.,SUPPORTED,BLOCK,concept_extraction
VAL-ID,S4,S4_e790d37e-d213-e04f-9c67-3accf9c5031e_777-3_3,Latest recorded Platelets stands at 267.03 10*3/uL.,SUPPORTED,BLOCK,numeric_value
VAL-ID,S4,S4_f210e2cd-0e3c-b243-a75a-0e4970ed4038_39156-5_2,Latest recorded Body mass index (BMI) stands at 17.31 kg/m2.,SUPPORTED,BLOCK,numeric_value
VAL-ID,S4,S4_a303d83e-435d-643a-948a-6b38e7b47dcb_38483-4_2,Latest recorded Creatinine stands at 0.93 mg/dL.,SUPPORTED,BLOCK,concept_extraction
VAL-ID,S4,S4_64910a1e-90fc-dfee-29e5-97f86a6be660_38483-4_3,The most recently documented Creatinine is 0.89 mg/dL.,SUPPORTED,HOLD,concept_extraction
VAL-ID,S4,S4_64910a1e-90fc-dfee-29e5-97f86a6be660_38483-4_3,The most recently documented Creatinine is 0.82 mg/dL.,CONTRADICTED,HOLD,concept_extraction
VAL-ID,S4,S4_940b8423-478a-5013-c62e-d1c20601d662_59576-9_1,Latest recorded Body mass index (BMI) stands at 78.643 %.,SUPPORTED,BLOCK,concept_extraction
VAL-ID,S4,S4_e69020cc-edfa-b575-66a9-30df9e83e1ec_39156-5_2,Latest recorded Body mass index (BMI) stands at 24.32 kg/m2.,SUPPORTED,BLOCK,numeric_value
VAL-ID,S4,S4_88e24f16-78a3-6ff2-9bf6-b5131a17e1b5_39156-5_1,Latest recorded Body mass index (BMI) stands at 34.0 kg/m2.,SUPPORTED,BLOCK,numeric_value
VAL-ID,S4,S4_4e91a238-aeb1-2ca6-c27b-5dd74d730503_76504-0_2,Latest recorded Total score stands at 0.0 {score}.,SUPPORTED,BLOCK,concept_extraction
VAL-ID,S4,S4_4e91a238-aeb1-2ca6-c27b-5dd74d730503_76504-0_2,Latest recorded Total score stands at 2.0 {score}.,CONTRADICTED,PASS,concept_extraction
VAL-ID,S4,S4_9b51cdee-c6fc-a37a-9b4a-91516e0c822a_38483-4_0,Latest recorded Creatinine stands at 2.572 mg/dL.,SUPPORTED,BLOCK,concept_extraction
VAL-ID,S4,S4_3793f45c-3b1c-5ab1-6a65-62132ce19689_39156-5_3,Latest recorded Body mass index (BMI) stands at 21.24 kg/m2.,SUPPORTED,BLOCK,numeric_value
VAL-ID,S4,S4_52c362d6-af16-7bfd-0c1c-728560edf25f_39156-5_1,The patient's current Body mass index (BMI) is 29.47 kg/m2.,SUPPORTED,BLOCK,numeric_value
VAL-ID,S4,S4_1b1be498-8833-65d6-53f8-b872dc2c7e9a_39156-5_3,The patient's current Body mass index (BMI) is 30.37 kg/m2.,SUPPORTED,BLOCK,numeric_value
VAL-ID,S4,S4_8b28039b-9ecb-14f7-1493-1c87bfe10855_75626-2_1,Latest recorded Total score stands at 1.0 {score}.,SUPPORTED,BLOCK,concept_extraction
VAL-ID,S4,S4_8b28039b-9ecb-14f7-1493-1c87bfe10855_75626-2_1,Latest recorded Total score stands at 2.0 {score}.,CONTRADICTED,PASS,concept_extraction
VAL-ID,S4,S4_0cce6f8e-2868-082b-55c9-abaef0c12a3d_2951-2_0,The most recently documented Sodium is 137.87 mmol/L.,SUPPORTED,HOLD,concept_extraction
VAL-ID,S4,S4_0cce6f8e-2868-082b-55c9-abaef0c12a3d_2951-2_0,The most recently documented Sodium is 137.67 mmol/L.,CONTRADICTED,HOLD,concept_extraction
VAL-ID,S4,S4_8dc51bf3-9bb4-0358-8ebc-edd4be2cc5b9_777-3_0,The patient's current Platelets is 330.7 10*3/uL.,SUPPORTED,BLOCK,numeric_value
VAL-ID,S4,S4_4b7dbb2d-7700-9282-af9a-97ad2f9a0b6f_38483-4_3,The patient's current Creatinine is 1.08 mg/dL.,SUPPORTED,HOLD,concept_extraction
VAL-ID,S4,S4_4b7dbb2d-7700-9282-af9a-97ad2f9a0b6f_38483-4_3,The patient's current Creatinine is 1.01 mg/dL.,CONTRADICTED,HOLD,concept_extraction
VAL-ID,S4,S4_fa56e38d-5de0-89e2-10fe-ee22a1ae6930_38483-4_4,The most recently documented Creatinine is 1.25 mg/dL.,SUPPORTED,BLOCK,concept_extraction
VAL-ID,S4,S4_8b28039b-9ecb-14f7-1493-1c87bfe10855_2075-0_2,Latest recorded Chloride stands at 106.23 mmol/L.,SUPPORTED,BLOCK,concept_extraction
VAL-ID,S4,S4_26d35d86-e218-72c3-e525-dc35ca838390_777-3_0,The most recently documented Platelets is 390.97 10*3/uL.,SUPPORTED,BLOCK,numeric_value
VAL-ID,S4,S4_50c730e1-fcea-aebb-e927-312ca5d5e714_39156-5_2,The most recently documented Body mass index (BMI) is 27.91 kg/m2.,SUPPORTED,BLOCK,numeric_value
VAL-ID,S4,S4_a84330bb-c2b4-102a-fc0c-e0fe4bd4a68b_777-3_0,Latest recorded Platelets stands at 344.54 10*3/uL.,SUPPORTED,BLOCK,numeric_value
VAL-ID,S4,S4_3e74ca38-e134-b00d-6957-cf949b206d79_39156-5_0,The most recently documented Body mass index (BMI) is 28.89 kg/m2.,SUPPORTED,BLOCK,numeric_value
VAL-ID,S4,S4_50c730e1-fcea-aebb-e927-312ca5d5e714_5804-0_1,Latest recorded Protein stands at 72.569 mg/dL.,SUPPORTED,HOLD,concept_extraction
VAL-ID,S4,S4_50c730e1-fcea-aebb-e927-312ca5d5e714_5804-0_1,Latest recorded Protein stands at 85.926 mg/dL.,CONTRADICTED,HOLD,concept_extraction
VAL-ID,S4,S4_6a16a5b7-faf8-49ff-e642-7e8af31f986f_75626-2_0,Latest recorded Total score stands at 7.0 {score}.,SUPPORTED,BLOCK,concept_extraction
VAL-ID,S4,S4_39dfa3f0-af3a-7304-b965-7b38c7e45452_59576-9_3,The patient's current Body mass index (BMI) is 11.448 %.,SUPPORTED,BLOCK,concept_extraction
VAL-ID,S4,S4_ef393134-8e8f-5507-93a3-fd0064375dee_38483-4_5,Latest recorded Creatinine stands at 0.82 mg/dL.,SUPPORTED,HOLD,concept_extraction
VAL-ID,S4,S4_ef393134-8e8f-5507-93a3-fd0064375dee_38483-4_5,Latest recorded Creatinine stands at 1.35 mg/dL.,CONTRADICTED,HOLD,concept_extraction
VAL-ID,S4,S4_9b51cdee-c6fc-a37a-9b4a-91516e0c822a_2075-0_3,The most recently documented Chloride is 102.76 mmol/L.,SUPPORTED,BLOCK,concept_extraction
VAL-ID,S4,S4_c877a67a-3d7b-a8b7-212e-8fdbd565f99a_39156-5_4,Latest recorded Body mass index (BMI) stands at 20.82 kg/m2.,SUPPORTED,BLOCK,numeric_value
VAL-ID,S4,S4_fdfaeb18-0f47-7cb6-a2a9-d71a37bde175_20565-8_0,"Latest recorded Carbon dioxide, total stands at 21.7 mmol/L.",SUPPORTED,HOLD,concept_extraction
VAL-ID,S4,S4_fdfaeb18-0f47-7cb6-a2a9-d71a37bde175_20565-8_0,"Latest recorded Carbon dioxide, total stands at 26.43 mmol/L.",CONTRADICTED,HOLD,concept_extraction
VAL-ID,S4,S4_12e7fda3-ae22-df05-399a-a4908a5dfec0_20565-8_2,"Latest recorded Carbon dioxide, total stands at 21.07 mmol/L.",SUPPORTED,HOLD,concept_extraction
VAL-ID,S4,S4_12e7fda3-ae22-df05-399a-a4908a5dfec0_20565-8_2,"Latest recorded Carbon dioxide, total stands at 24.4 mmol/L.",CONTRADICTED,HOLD,concept_extraction
VAL-ID,S4,S4_05d82f23-e25f-883c-4654-e50f9630cb94_789-8_0,The most recently documented Erythrocytes is 4.7343 10*6/uL.,SUPPORTED,BLOCK,numeric_value
VAL-ID,S4,S4_2fde87fc-9a99-b25c-f6b0-c93d1e161b77_789-8_0,The patient's current Erythrocytes is 3.9376 10*6/uL.,SUPPORTED,BLOCK,numeric_value
VAL-ID,S4,S4_8ddfd245-750f-8c5c-af5f-15ce76af2969_3094-0_1,Latest recorded Urea nitrogen stands at 7.41 mg/dL.,SUPPORTED,BLOCK,concept_extraction
VAL-ID,S4,S4_96a807e2-0504-b50d-3c7a-d691d66ca218_777-3_0,The most recently documented Platelets is 366.58 10*3/uL.,SUPPORTED,BLOCK,numeric_value
VAL-ID,S4,S4_381631aa-b9ee-3fef-e263-a08f40809698_39156-5_3,The patient's current Body mass index (BMI) is 30.48 kg/m2.,SUPPORTED,BLOCK,numeric_value
VAL-ID,S4,S4_add6e4d9-b887-4b1d-253b-97574bf511ea_789-8_0,Latest recorded Erythrocytes stands at 4.7777 10*6/uL.,SUPPORTED,BLOCK,numeric_value
VAL-ID,S4,S4_64910a1e-90fc-dfee-29e5-97f86a6be660_75626-2_1,The patient's current Total score is 0.0 {score}.,SUPPORTED,BLOCK,concept_extraction
VAL-ID,S4,S4_fa56e38d-5de0-89e2-10fe-ee22a1ae6930_76504-0_42,The patient's current Total score is 0.0 {score}.,SUPPORTED,BLOCK,concept_extraction
VAL-ID,S4,S4_f1b97c32-2278-d681-7b9b-2d9c9fad9d9f_777-3_0,The patient's current Platelets is 219.41 10*3/uL.,SUPPORTED,BLOCK,numeric_value
VAL-ID,S4,S4_940b8423-478a-5013-c62e-d1c20601d662_789-8_0,Latest recorded Erythrocytes stands at 3.935 10*6/uL.,SUPPORTED,BLOCK,numeric_value
VAL-ID,S4,S4_12e7fda3-ae22-df05-399a-a4908a5dfec0_39156-5_3,Latest recorded Body mass index (BMI) stands at 29.95 kg/m2.,SUPPORTED,BLOCK,numeric_value
VAL-ID,S4,S4_04464864-a581-493c-5c0a-7f2da0755a0b_39156-5_4,The most recently documented Body mass index (BMI) is 27.31 kg/m2.,SUPPORTED,BLOCK,numeric_value
VAL-ID,S4,S4_0a5e04ef-e02f-3415-51cd-6efea2a4f29f_38483-4_1,The patient's current Creatinine is 0.9 mg/dL.,SUPPORTED,HOLD,concept_extraction
VAL-ID,S4,S4_0a5e04ef-e02f-3415-51cd-6efea2a4f29f_38483-4_1,The patient's current Creatinine is 0.92 mg/dL.,CONTRADICTED,HOLD,concept_extraction
VAL-ID,S4,S4_587b3fa1-9015-f70b-ccf3-fc68d5df2402_75626-2_1,Latest recorded Total score stands at 1.0 {score}.,SUPPORTED,HOLD,concept_extraction
VAL-ID,S4,S4_587b3fa1-9015-f70b-ccf3-fc68d5df2402_75626-2_1,Latest recorded Total score stands at 0.0 {score}.,CONTRADICTED,HOLD,concept_extraction
VAL-ID,S4,S4_b5280785-d647-1ee7-6c20-a175bd717aed_6690-2_0,The patient's current Leukocytes is 3.9317 10*3/uL.,SUPPORTED,BLOCK,numeric_value
VAL-ID,S4,S4_9b51cdee-c6fc-a37a-9b4a-91516e0c822a_2823-3_0,Latest recorded Potassium stands at 3.91 mmol/L.,SUPPORTED,BLOCK,concept_extraction
VAL-ID,S4,S4_1b1be498-8833-65d6-53f8-b872dc2c7e9a_789-8_0,The patient's current Erythrocytes is 4.8749 10*6/uL.,SUPPORTED,BLOCK,numeric_value
VAL-ID,S4,S4_9eefe263-8630-dbaf-6ae5-df45848170a8_5804-0_2,The most recently documented Protein is 328.69 mg/dL.,SUPPORTED,BLOCK,concept_extraction
VAL-ID,S4,S4_4e91a238-aeb1-2ca6-c27b-5dd74d730503_20505-4_0,The most recently documented Bilirubin.total is 0.25808 mg/dL.,SUPPORTED,HOLD,concept_extraction
VAL-ID,S4,S4_4e91a238-aeb1-2ca6-c27b-5dd74d730503_20505-4_0,The most recently documented Bilirubin.total is 1.0996 mg/dL.,CONTRADICTED,HOLD,concept_extraction
VAL-ID,S4,S4_0600dbc3-0be0-88ee-f759-92b3e8b13fb6_59576-9_3,The most recently documented Body mass index (BMI) is 76.408 %.,SUPPORTED,BLOCK,concept_extraction
VAL-ID,S4,S4_4b7dbb2d-7700-9282-af9a-97ad2f9a0b6f_38483-4_4,The most recently documented Creatinine is 1.08 mg/dL.,SUPPORTED,HOLD,concept_extraction
VAL-ID,S4,S4_4b7dbb2d-7700-9282-af9a-97ad2f9a0b6f_38483-4_4,The most recently documented Creatinine is 1.0 mg/dL.,CONTRADICTED,HOLD,concept_extraction
VAL-ID,S4,S4_9b51cdee-c6fc-a37a-9b4a-91516e0c822a_3094-0_2,Latest recorded Urea nitrogen stands at 18.5 mg/dL.,SUPPORTED,BLOCK,concept_extraction
VAL-ID,S4,S4_18e63129-fa81-553c-d1a9-7f474170964b_33914-3_3,The patient's current Glomerular filtration rate is 131.51 mL/min/{1.73_m2}.,SUPPORTED,BLOCK,numeric_value
VAL-ID,S4,S4_9eefe263-8630-dbaf-6ae5-df45848170a8_33914-3_3,The patient's current Glomerular filtration rate is 46.833 mL/min/{1.73_m2}.,SUPPORTED,BLOCK,numeric_value
VAL-ID,S4,S4_492d3136-b841-bfa2-9cd3-15bf55c7f751_59576-9_1,The most recently documented Body mass index (BMI) is 50.016 %.,SUPPORTED,BLOCK,concept_extraction
VAL-ID,S4,S4_a81ac007-b80c-ad81-7317-bdc46a57b421_20565-8_4,"Latest recorded Carbon dioxide, total stands at 22.32 mmol/L.",SUPPORTED,HOLD,concept_extraction
VAL-ID,S4,S4_a81ac007-b80c-ad81-7317-bdc46a57b421_20565-8_4,"Latest recorded Carbon dioxide, total stands at 26.52 mmol/L.",CONTRADICTED,HOLD,concept_extraction
VAL-ID,S4,S4_9234d506-8bab-aef8-c3e8-a5d857014018_39156-5_2,Latest recorded Body mass index (BMI) stands at 27.46 kg/m2.,SUPPORTED,BLOCK,numeric_value
VAL-ID,S4,S4_381631aa-b9ee-3fef-e263-a08f40809698_20565-8_3,"The patient's current Carbon dioxide, total is 26.66 mmol/L.",SUPPORTED,HOLD,concept_extraction
VAL-ID,S4,S4_381631aa-b9ee-3fef-e263-a08f40809698_20565-8_3,"The patient's current Carbon dioxide, total is 20.69 mmol/L.",CONTRADICTED,HOLD,concept_extraction
VAL-ID,S4,S4_1b9292ca-7868-319c-dbc0-4a4a42024d7b_38483-4_2,Latest recorded Creatinine stands at 0.72 mg/dL.,SUPPORTED,HOLD,concept_extraction
VAL-ID,S4,S4_1b9292ca-7868-319c-dbc0-4a4a42024d7b_38483-4_2,Latest recorded Creatinine stands at 0.82 mg/dL.,CONTRADICTED,HOLD,concept_extraction
VAL-ID,S4,S4_a16eda23-b24e-5b3f-ee7e-96578b69e8cb_59576-9_2,The most recently documented Body mass index (BMI) is 22.611 %.,SUPPORTED,BLOCK,concept_extraction
VAL-ID,S4,S4_f210e2cd-0e3c-b243-a75a-0e4970ed4038_39156-5_0,The patient's current Body mass index (BMI) is 17.31 kg/m2.,SUPPORTED,BLOCK,numeric_value
VAL-ID,S4,S4_a84330bb-c2b4-102a-fc0c-e0fe4bd4a68b_39156-5_2,The patient's current Body mass index (BMI) is 29.33 kg/m2.,SUPPORTED,BLOCK,numeric_value
VAL-ID,S4,S4_2fde87fc-9a99-b25c-f6b0-c93d1e161b77_20565-8_0,"The patient's current Carbon dioxide, total is 25.27 mmol/L.",SUPPORTED,HOLD,concept_extraction
VAL-ID,S4,S4_2fde87fc-9a99-b25c-f6b0-c93d1e161b77_20565-8_0,"The patient's current Carbon dioxide, total is 28.72 mmol/L.",CONTRADICTED,HOLD,concept_extraction
VAL-ID,S4,S4_37880a8f-7419-aa4a-c59f-fe51c956c13e_39156-5_1,The most recently documented Body mass index (BMI) is 30.16 kg/m2.,SUPPORTED,BLOCK,numeric_value
VAL-ID,S4,S4_a303d83e-435d-643a-948a-6b38e7b47dcb_72106-8_0,Latest recorded Total score stands at 2.7859 {score}.,SUPPORTED,BLOCK,concept_extraction
VAL-ID,S4,S4_f89416db-94c1-4f94-d3ed-6189ed887d32_20565-8_0,"Latest recorded Carbon dioxide, total stands at 22.21 mmol/L.",SUPPORTED,HOLD,concept_extraction
VAL-ID,S4,S4_f89416db-94c1-4f94-d3ed-6189ed887d32_20565-8_0,"Latest recorded Carbon dioxide, total stands at 27.38 mmol/L.",CONTRADICTED,HOLD,concept_extraction
VAL-ID,S4,S4_2f199102-8309-e6c4-7d0f-d8f61dbbb039_6690-2_0,Latest recorded Leukocytes stands at 8.0364 10*3/uL.,SUPPORTED,BLOCK,numeric_value
VAL-ID,S4,S4_3793f45c-3b1c-5ab1-6a65-62132ce19689_59576-9_1,Latest recorded Body mass index (BMI) stands at 99.812 %.,SUPPORTED,BLOCK,concept_extraction
VAL-ID,S4,S4_ed70a6af-baef-8594-7320-f35d0807c63b_6690-2_0,The most recently documented Leukocytes is 5.7076 10*3/uL.,SUPPORTED,BLOCK,numeric_value
VAL-ID,S4,S4_64910a1e-90fc-dfee-29e5-97f86a6be660_6690-2_1,The patient's current Leukocytes is 4.8497 10*3/uL.,SUPPORTED,BLOCK,numeric_value
VAL-ID,S4,S4_8b28039b-9ecb-14f7-1493-1c87bfe10855_777-3_0,Latest recorded Platelets stands at 389.01 10*3/uL.,SUPPORTED,BLOCK,numeric_value
VAL-ID,S4,S4_8b28039b-9ecb-14f7-1493-1c87bfe10855_777-3_3,The patient's current Platelets is 389.01 10*3/uL.,SUPPORTED,BLOCK,numeric_value
VAL-ID,S4,S4_9eefe263-8630-dbaf-6ae5-df45848170a8_20505-4_0,The patient's current Bilirubin.total is 1.1272 mg/dL.,SUPPORTED,BLOCK,concept_extraction
VAL-ID,S4,S4_c18cb5a7-08de-d1f9-8d5c-08fb1057df07_6690-2_0,The patient's current Leukocytes is 5.2855 10*3/uL.,SUPPORTED,BLOCK,numeric_value
VAL-ID,S4,S4_18693cbc-d646-af72-23f8-b151866754ab_39156-5_1,The most recently documented Body mass index (BMI) is 30.39 kg/m2.,SUPPORTED,BLOCK,numeric_value
VAL-ID,S4,S4_fa56e38d-5de0-89e2-10fe-ee22a1ae6930_2951-2_4,The most recently documented Sodium is 137.76 mmol/L.,SUPPORTED,BLOCK,concept_extraction
VAL-ID,S4,S4_12dc0d0e-b4e2-4a49-f2d3-5ad56cf84a6f_38483-4_1,The patient's current Creatinine is 3.0442 mg/dL.,SUPPORTED,HOLD,concept_extraction
VAL-ID,S4,S4_12dc0d0e-b4e2-4a49-f2d3-5ad56cf84a6f_38483-4_1,The patient's current Creatinine is 3.0882 mg/dL.,CONTRADICTED,HOLD,concept_extraction
VAL-ID,S4,S4_cd27c35e-3838-2745-e253-b3ba8a1e964c_777-3_0,The patient's current Platelets is 289.3 10*3/uL.,SUPPORTED,BLOCK,numeric_value
VAL-ID,S4,S4_3aeae8b2-3fe0-c770-23b3-a76cab6d0e74_39156-5_3,The most recently documented Body mass index (BMI) is 15.77 kg/m2.,SUPPORTED,BLOCK,numeric_value
VAL-ID,S4,S4_50c730e1-fcea-aebb-e927-312ca5d5e714_39156-5_0,Latest recorded Body mass index (BMI) stands at 27.91 kg/m2.,SUPPORTED,BLOCK,numeric_value
VAL-ID,S4,S4_55f397ca-056d-e87c-776a-bae5409c34bc_20565-8_0,"The patient's current Carbon dioxide, total is 28.37 mmol/L.",SUPPORTED,HOLD,concept_extraction
VAL-ID,S4,S4_55f397ca-056d-e87c-776a-bae5409c34bc_20565-8_0,"The patient's current Carbon dioxide, total is 25.79 mmol/L.",CONTRADICTED,HOLD,concept_extraction
VAL-ID,S4,S4_67224657-6b53-1502-26de-84bd6c31d1b2_777-3_1,Latest recorded Platelets stands at 262.56 10*3/uL.,SUPPORTED,BLOCK,numeric_value
VAL-ID,S4,S4_8ddfd245-750f-8c5c-af5f-15ce76af2969_2823-3_4,The patient's current Potassium is 4.39 mmol/L.,SUPPORTED,BLOCK,concept_extraction
VAL-ID,S4,S4_37880a8f-7419-aa4a-c59f-fe51c956c13e_5792-7_1,Latest recorded Glucose stands at 1.8217 mg/dL.,SUPPORTED,BLOCK,concept_extraction
VAL-ID,S4,S4_48138196-2f91-6098-1083-ed19499dde28_76504-0_2,Latest recorded Total score stands at 0.0 {score}.,SUPPORTED,BLOCK,concept_extraction
VAL-ID,S4,S4_8d0f8613-b58d-8904-0ddc-6aeea9049906_59576-9_2,Latest recorded Body mass index (BMI) stands at 13.559 %.,SUPPORTED,BLOCK,concept_extraction
VAL-ID,S4,S4_8bc94087-ab26-aaec-c448-8c016a1567fc_39156-5_4,The most recently documented Body mass index (BMI) is 23.53 kg/m2.,SUPPORTED,BLOCK,numeric_value
VAL-ID,S4,S4_2e0b6f71-aeb2-06aa-446d-66538396d635_777-3_0,The most recently documented Platelets is 151.0 10*3/uL.,SUPPORTED,BLOCK,numeric_value
VAL-ID,S4,S4_12e7fda3-ae22-df05-399a-a4908a5dfec0_33914-3_3,The patient's current Glomerular filtration rate is 108.66 mL/min/{1.73_m2}.,SUPPORTED,BLOCK,numeric_value
VAL-ID,S4,S4_8b28039b-9ecb-14f7-1493-1c87bfe10855_2345-7_0,The patient's current Glucose is 104.9 mg/dL.,SUPPORTED,BLOCK,concept_extraction
VAL-ID,S4,S4_8ddfd245-750f-8c5c-af5f-15ce76af2969_6690-2_1,The patient's current Leukocytes is 9.4331 10*3/uL.,SUPPORTED,BLOCK,numeric_value
VAL-ID,S4,S4_2be1d412-eca7-a732-7523-31c5d9c4642f_20565-8_1,"Latest recorded Carbon dioxide, total stands at 26.25 mmol/L.",SUPPORTED,HOLD,concept_extraction
VAL-ID,S4,S4_2be1d412-eca7-a732-7523-31c5d9c4642f_20565-8_1,"Latest recorded Carbon dioxide, total stands at 26.66 mmol/L.",CONTRADICTED,HOLD,concept_extraction
VAL-ID,S4,S4_e69020cc-edfa-b575-66a9-30df9e83e1ec_6095-4_0,The most recently documented American house dust mite IgE Ab is 0.17024 kU/L.,SUPPORTED,HOLD,concept_extraction
VAL-ID,S4,S4_e69020cc-edfa-b575-66a9-30df9e83e1ec_6095-4_0,The most recently documented American house dust mite IgE Ab is 0.21332 kU/L.,CONTRADICTED,HOLD,concept_extraction
VAL-ID,S4,S4_cc6c7f8f-a67e-b85e-2094-8c0e86fb4d98_39156-5_4,The most recently documented Body mass index (BMI) is 23.62 kg/m2.,SUPPORTED,BLOCK,numeric_value
VAL-ID,S4,S4_50c730e1-fcea-aebb-e927-312ca5d5e714_20505-4_3,The patient's current Bilirubin.total is 1.2086 mg/dL.,SUPPORTED,HOLD,concept_extraction
VAL-ID,S4,S4_50c730e1-fcea-aebb-e927-312ca5d5e714_20505-4_3,The patient's current Bilirubin.total is 1.0255 mg/dL.,CONTRADICTED,HOLD,concept_extraction
VAL-ID,S4,S4_8ddfd245-750f-8c5c-af5f-15ce76af2969_17861-6_0,The most recently documented Calcium is 8.56 mg/dL.,SUPPORTED,BLOCK,concept_extraction
VAL-ID,S4,S4_a16eda23-b24e-5b3f-ee7e-96578b69e8cb_59576-9_0,Latest recorded Body mass index (BMI) stands at 22.611 %.,SUPPORTED,BLOCK,concept_extraction
VAL-ID,S4,S4_f89416db-94c1-4f94-d3ed-6189ed887d32_789-8_0,The patient's current Erythrocytes is 4.5796 10*6/uL.,SUPPORTED,BLOCK,numeric_value
VAL-ID,S4,S4_247c449c-50dc-baeb-014e-9cdfe03499a1_789-8_0,The most recently documented Erythrocytes is 4.3756 10*6/uL.,SUPPORTED,BLOCK,numeric_value
VAL-ID,S4,S4_9b51cdee-c6fc-a37a-9b4a-91516e0c822a_3094-0_1,The patient's current Urea nitrogen is 18.5 mg/dL.,SUPPORTED,BLOCK,concept_extraction
VAL-ID,S4,S4_fa56e38d-5de0-89e2-10fe-ee22a1ae6930_2951-2_0,Latest recorded Sodium stands at 137.76 mmol/L.,SUPPORTED,BLOCK,concept_extraction
VAL-ID,S4,S4_4e91a238-aeb1-2ca6-c27b-5dd74d730503_38483-4_4,The most recently documented Creatinine is 0.6 mg/dL.,SUPPORTED,BLOCK,concept_extraction
VAL-ID,S4,S4_48138196-2f91-6098-1083-ed19499dde28_789-8_1,Latest recorded Erythrocytes stands at 4.7871 10*6/uL.,SUPPORTED,BLOCK,numeric_value
VAL-OOD,S1,S1_fa56e38d-5de0-89e2-10fe-ee22a1ae6930_72514-3_45,A decreasing progression is demonstrated in the patient's Pain severity - 0-10 verbal numeric rating across the prior 3 evaluations.,CONTRADICTED,HOLD,relation_extraction
VAL-OOD,S1,S1_64910a1e-90fc-dfee-29e5-97f86a6be660_4548-4_4,A decreasing progression is demonstrated in the patient's Hemoglobin A1c/Hemoglobin.total in Blood across the prior 3 evaluations.,CONTRADICTED,HOLD,relation_extraction
VAL-OOD,S1,S1_2afff3af-ca26-6bc7-8d81-5df4722644f2_72514-3_1,A decreasing progression is demonstrated in the patient's Pain severity - 0-10 verbal numeric rating across the prior 3 evaluations.,CONTRADICTED,HOLD,relation_extraction
VAL-OOD,S1,S1_88e24f16-78a3-6ff2-9bf6-b5131a17e1b5_59576-9_1,A decreasing progression is demonstrated in the patient's Body mass index (BMI) across the prior 3 evaluations.,SUPPORTED,HOLD,concept_extraction
VAL-OOD,S1,S1_c0b49924-7810-29ef-c971-02d175d7bd50_77606-2_4,A decreasing progression is demonstrated in the patient's Weight-for-length Per age and sex across the prior 3 evaluations.,CONTRADICTED,HOLD,relation_extraction
VAL-OOD,S1,S1_3aeae8b2-3fe0-c770-23b3-a76cab6d0e74_72514-3_1,A decreasing progression is demonstrated in the patient's Pain severity - 0-10 verbal numeric rating across the prior 3 evaluations.,SUPPORTED,HOLD,relation_extraction
VAL-OOD,S1,S1_37880a8f-7419-aa4a-c59f-fe51c956c13e_33914-3_21,A decreasing progression is demonstrated in the patient's Glomerular filtration rate across the prior 3 evaluations.,CONTRADICTED,HOLD,relation_extraction
VAL-OOD,S1,S1_4085fe68-e748-550f-bec1-77cecb8a1198_18262-6_7,A decreasing progression is demonstrated in the patient's Cholesterol in LDL across the prior 3 evaluations.,SUPPORTED,HOLD,relation_extraction
VAL-OOD,S1,S1_2fde87fc-9a99-b25c-f6b0-c93d1e161b77_1742-6_5,A decreasing progression is demonstrated in the patient's Alanine aminotransferase across the prior 3 evaluations.,CONTRADICTED,HOLD,relation_extraction
VAL-OOD,S1,S1_05d82f23-e25f-883c-4654-e50f9630cb94_18262-6_0,A decreasing progression is demonstrated in the patient's Cholesterol in LDL across the prior 3 evaluations.,CONTRADICTED,HOLD,relation_extraction
VAL-OOD,S1,S1_a397aa78-b663-2abf-3f99-3a0b020021c3_59576-9_4,A decreasing progression is demonstrated in the patient's Body mass index (BMI) across the prior 3 evaluations.,SUPPORTED,HOLD,concept_extraction
VAL-OOD,S1,S1_9eefe263-8630-dbaf-6ae5-df45848170a8_33914-3_0,A decreasing progression is demonstrated in the patient's Glomerular filtration rate across the prior 3 evaluations.,CONTRADICTED,HOLD,relation_extraction
VAL-OOD,S1,S1_2be1d412-eca7-a732-7523-31c5d9c4642f_6768-6_5,A decreasing progression is demonstrated in the patient's Alkaline phosphatase across the prior 3 evaluations.,CONTRADICTED,HOLD,relation_extraction
VAL-OOD,S1,S1_37880a8f-7419-aa4a-c59f-fe51c956c13e_39156-5_3,A decreasing progression is demonstrated in the patient's Body mass index (BMI) across the prior 3 evaluations.,CONTRADICTED,HOLD,relation_extraction
VAL-OOD,S1,S1_fad006ec-3fa3-256a-d410-934d7204aa24_39156-5_6,A decreasing progression is demonstrated in the patient's Body mass index (BMI) across the prior 3 evaluations.,CONTRADICTED,HOLD,relation_extraction
VAL-OOD,S1,S1_9eefe263-8630-dbaf-6ae5-df45848170a8_2085-9_5,A decreasing progression is demonstrated in the patient's Cholesterol in HDL across the prior 3 evaluations.,CONTRADICTED,HOLD,relation_extraction
VAL-OOD,S1,S1_c18cb5a7-08de-d1f9-8d5c-08fb1057df07_72514-3_1,A decreasing progression is demonstrated in the patient's Pain severity - 0-10 verbal numeric rating across the prior 3 evaluations.,SUPPORTED,HOLD,relation_extraction
VAL-OOD,S1,S1_9b51cdee-c6fc-a37a-9b4a-91516e0c822a_6768-6_7,A decreasing progression is demonstrated in the patient's Alkaline phosphatase across the prior 3 evaluations.,SUPPORTED,HOLD,relation_extraction
VAL-OOD,S1,S1_0e228e65-cc4e-dd45-015c-db4fa9249bc0_33914-3_6,A decreasing progression is demonstrated in the patient's Glomerular filtration rate across the prior 3 evaluations.,SUPPORTED,HOLD,relation_extraction
VAL-OOD,S1,S1_67224657-6b53-1502-26de-84bd6c31d1b2_5803-2_8,A decreasing progression is demonstrated in the patient's pH of Urine by Test strip across the prior 3 evaluations.,SUPPORTED,HOLD,relation_extraction
VAL-OOD,S1,S1_3793f45c-3b1c-5ab1-6a65-62132ce19689_39156-5_1,A decreasing progression is demonstrated in the patient's Body mass index (BMI) across the prior 3 evaluations.,CONTRADICTED,HOLD,relation_extraction
VAL-OOD,S1,S1_a84330bb-c2b4-102a-fc0c-e0fe4bd4a68b_39156-5_4,A decreasing progression is demonstrated in the patient's Body mass index (BMI) across the prior 3 evaluations.,CONTRADICTED,HOLD,relation_extraction
VAL-OOD,S1,S1_f89416db-94c1-4f94-d3ed-6189ed887d32_1742-6_6,A decreasing progression is demonstrated in the patient's Alanine aminotransferase across the prior 3 evaluations.,SUPPORTED,HOLD,relation_extraction
VAL-OOD,S1,S1_ab7f04e1-4167-33b1-eb0b-efe7d1a29989_39156-5_1,A decreasing progression is demonstrated in the patient's Body mass index (BMI) across the prior 3 evaluations.,CONTRADICTED,HOLD,relation_extraction
VAL-OOD,S1,S1_08006612-13e0-e3bd-78d2-d3ef0c9e5368_59576-9_7,A decreasing progression is demonstrated in the patient's Body mass index (BMI) across the prior 3 evaluations.,CONTRADICTED,HOLD,concept_extraction
VAL-OOD,S1,S1_9eefe263-8630-dbaf-6ae5-df45848170a8_4548-4_11,A decreasing progression is demonstrated in the patient's Hemoglobin A1c/Hemoglobin.total in Blood across the prior 3 evaluations.,CONTRADICTED,HOLD,relation_extraction
VAL-OOD,S1,S1_fa56e38d-5de0-89e2-10fe-ee22a1ae6930_33914-3_12,A decreasing progression is demonstrated in the patient's Glomerular filtration rate across the prior 3 evaluations.,SUPPORTED,HOLD,relation_extraction
VAL-OOD,S1,S1_a303d83e-435d-643a-948a-6b38e7b47dcb_33914-3_2,A decreasing progression is demonstrated in the patient's Glomerular filtration rate across the prior 3 evaluations.,CONTRADICTED,HOLD,relation_extraction
VAL-OOD,S1,S1_2fde87fc-9a99-b25c-f6b0-c93d1e161b77_33914-3_0,A decreasing progression is demonstrated in the patient's Glomerular filtration rate across the prior 3 evaluations.,SUPPORTED,HOLD,relation_extraction
VAL-OOD,S1,S1_50c730e1-fcea-aebb-e927-312ca5d5e714_5803-2_4,A decreasing progression is demonstrated in the patient's pH of Urine by Test strip across the prior 3 evaluations.,CONTRADICTED,HOLD,relation_extraction
VAL-OOD,S1,S1_0e228e65-cc4e-dd45-015c-db4fa9249bc0_59460-6_2,A decreasing progression is demonstrated in the patient's Fall risk total across the prior 3 evaluations.,SUPPORTED,HOLD,relation_extraction
VAL-OOD,S1,S1_9234d506-8bab-aef8-c3e8-a5d857014018_9279-1_0,A decreasing progression is demonstrated in the patient's Respiratory rate across the prior 3 evaluations.,CONTRADICTED,HOLD,relation_extraction
VAL-OOD,S1,S1_0bafb561-dbd2-bd7f-922c-4005dbbf10c0_77606-2_1,A decreasing progression is demonstrated in the patient's Weight-for-length Per age and sex across the prior 3 evaluations.,CONTRADICTED,HOLD,relation_extraction
VAL-OOD,S1,S1_9eefe263-8630-dbaf-6ae5-df45848170a8_6768-6_5,A decreasing progression is demonstrated in the patient's Alkaline phosphatase across the prior 3 evaluations.,SUPPORTED,HOLD,relation_extraction
VAL-OOD,S1,S1_2be1d412-eca7-a732-7523-31c5d9c4642f_20565-8_6,"A decreasing progression is demonstrated in the patient's Carbon dioxide, total across the prior 3 evaluations.",SUPPORTED,HOLD,concept_extraction
VAL-OOD,S1,S1_059d4a5e-7869-65af-a13d-e49f65e626ee_9279-1_3,A decreasing progression is demonstrated in the patient's Respiratory rate across the prior 3 evaluations.,SUPPORTED,HOLD,relation_extraction
VAL-OOD,S1,S1_f89416db-94c1-4f94-d3ed-6189ed887d32_33914-3_6,A decreasing progression is demonstrated in the patient's Glomerular filtration rate across the prior 3 evaluations.,SUPPORTED,HOLD,relation_extraction
VAL-OOD,S1,S1_fad006ec-3fa3-256a-d410-934d7204aa24_72514-3_7,A decreasing progression is demonstrated in the patient's Pain severity - 0-10 verbal numeric rating across the prior 3 evaluations.,SUPPORTED,HOLD,relation_extraction
VAL-OOD,S1,S1_2a1d85b1-67ca-9b29-4089-387c281886e8_9279-1_5,A decreasing progression is demonstrated in the patient's Respiratory rate across the prior 3 evaluations.,CONTRADICTED,HOLD,relation_extraction
VAL-OOD,S1,S1_12dc0d0e-b4e2-4a49-f2d3-5ad56cf84a6f_20565-8_3,"A decreasing progression is demonstrated in the patient's Carbon dioxide, total across the prior 3 evaluations.",SUPPORTED,HOLD,concept_extraction
VAL-OOD,S1,S1_ef393134-8e8f-5507-93a3-fd0064375dee_39156-5_1,A decreasing progression is demonstrated in the patient's Body mass index (BMI) across the prior 3 evaluations.,SUPPORTED,HOLD,relation_extraction
VAL-OOD,S1,S1_fa56e38d-5de0-89e2-10fe-ee22a1ae6930_5811-5_5,A decreasing progression is demonstrated in the patient's Specific gravity of Urine by Test strip across the prior 3 evaluations.,SUPPORTED,HOLD,relation_extraction
VAL-OOD,S1,S1_a84330bb-c2b4-102a-fc0c-e0fe4bd4a68b_39156-5_3,A decreasing progression is demonstrated in the patient's Body mass index (BMI) across the prior 3 evaluations.,CONTRADICTED,HOLD,relation_extraction
VAL-OOD,S1,S1_a397aa78-b663-2abf-3f99-3a0b020021c3_39156-5_6,A decreasing progression is demonstrated in the patient's Body mass index (BMI) across the prior 3 evaluations.,CONTRADICTED,HOLD,relation_extraction
VAL-OOD,S1,S1_c877a67a-3d7b-a8b7-212e-8fdbd565f99a_9279-1_7,A decreasing progression is demonstrated in the patient's Respiratory rate across the prior 3 evaluations.,CONTRADICTED,HOLD,relation_extraction
VAL-OOD,S1,S1_f89416db-94c1-4f94-d3ed-6189ed887d32_20565-8_6,"A decreasing progression is demonstrated in the patient's Carbon dioxide, total across the prior 3 evaluations.",SUPPORTED,HOLD,concept_extraction
VAL-OOD,S1,S1_0cce6f8e-2868-082b-55c9-abaef0c12a3d_9279-1_0,A decreasing progression is demonstrated in the patient's Respiratory rate across the prior 3 evaluations.,SUPPORTED,HOLD,relation_extraction
VAL-OOD,S1,S1_48138196-2f91-6098-1083-ed19499dde28_4548-4_2,A decreasing progression is demonstrated in the patient's Hemoglobin A1c/Hemoglobin.total in Blood across the prior 3 evaluations.,SUPPORTED,HOLD,relation_extraction
VAL-OOD,S1,S1_8b28039b-9ecb-14f7-1493-1c87bfe10855_4548-4_2,A decreasing progression is demonstrated in the patient's Hemoglobin A1c/Hemoglobin.total in Blood across the prior 3 evaluations.,CONTRADICTED,HOLD,relation_extraction
VAL-OOD,S1,S1_671887bb-8702-52bc-1caa-9e44f571f935_77606-2_0,A decreasing progression is demonstrated in the patient's Weight-for-length Per age and sex across the prior 3 evaluations.,CONTRADICTED,HOLD,relation_extraction
VAL-OOD,S1,S1_b4c085cb-69de-91bc-81e5-2696efd5899d_59460-6_3,A decreasing progression is demonstrated in the patient's Fall risk total across the prior 3 evaluations.,SUPPORTED,HOLD,relation_extraction
VAL-OOD,S1,S1_69be2004-fee7-e16d-da17-c8048f0129af_59576-9_0,A decreasing progression is demonstrated in the patient's Body mass index (BMI) across the prior 3 evaluations.,CONTRADICTED,HOLD,concept_extraction
VAL-OOD,S1,S1_dc4f8811-b951-c43a-d985-7ed4f1e79c05_39156-5_6,A decreasing progression is demonstrated in the patient's Body mass index (BMI) across the prior 3 evaluations.,CONTRADICTED,HOLD,relation_extraction
VAL-OOD,S1,S1_059d4a5e-7869-65af-a13d-e49f65e626ee_59460-6_1,A decreasing progression is demonstrated in the patient's Fall risk total across the prior 3 evaluations.,CONTRADICTED,HOLD,relation_extraction
VAL-OOD,S1,S1_37880a8f-7419-aa4a-c59f-fe51c956c13e_33914-3_9,A decreasing progression is demonstrated in the patient's Glomerular filtration rate across the prior 3 evaluations.,SUPPORTED,HOLD,relation_extraction
VAL-OOD,S1,S1_12dc0d0e-b4e2-4a49-f2d3-5ad56cf84a6f_1920-8_5,A decreasing progression is demonstrated in the patient's Aspartate aminotransferase across the prior 3 evaluations.,CONTRADICTED,HOLD,relation_extraction
VAL-OOD,S1,S1_2f199102-8309-e6c4-7d0f-d8f61dbbb039_59576-9_1,A decreasing progression is demonstrated in the patient's Body mass index (BMI) across the prior 3 evaluations.,CONTRADICTED,HOLD,concept_extraction
VAL-OOD,S1,S1_381631aa-b9ee-3fef-e263-a08f40809698_18262-6_0,A decreasing progression is demonstrated in the patient's Cholesterol in LDL across the prior 3 evaluations.,SUPPORTED,HOLD,relation_extraction
VAL-OOD,S1,S1_e790d37e-d213-e04f-9c67-3accf9c5031e_1742-6_13,A decreasing progression is demonstrated in the patient's Alanine aminotransferase across the prior 3 evaluations.,SUPPORTED,HOLD,relation_extraction
VAL-OOD,S1,S1_c877a67a-3d7b-a8b7-212e-8fdbd565f99a_39156-5_4,A decreasing progression is demonstrated in the patient's Body mass index (BMI) across the prior 3 evaluations.,CONTRADICTED,HOLD,relation_extraction
VAL-OOD,S1,S1_f1c75e52-1956-a7db-5623-696c75ea49bd_77606-2_5,A decreasing progression is demonstrated in the patient's Weight-for-length Per age and sex across the prior 3 evaluations.,SUPPORTED,HOLD,relation_extraction
VAL-OOD,S1,S1_8dc51bf3-9bb4-0358-8ebc-edd4be2cc5b9_39156-5_1,A decreasing progression is demonstrated in the patient's Body mass index (BMI) across the prior 3 evaluations.,SUPPORTED,HOLD,relation_extraction
VAL-OOD,S1,S1_cf939d95-5c44-3acb-761b-f2fa97fe53cb_39156-5_4,A decreasing progression is demonstrated in the patient's Body mass index (BMI) across the prior 3 evaluations.,SUPPORTED,HOLD,relation_extraction
VAL-OOD,S1,S1_18e63129-fa81-553c-d1a9-7f474170964b_33914-3_7,A decreasing progression is demonstrated in the patient's Glomerular filtration rate across the prior 3 evaluations.,SUPPORTED,HOLD,relation_extraction
VAL-OOD,S1,S1_b54ec258-afa9-ef86-3979-c471d433e390_39156-5_2,A decreasing progression is demonstrated in the patient's Body mass index (BMI) across the prior 3 evaluations.,CONTRADICTED,HOLD,relation_extraction
VAL-OOD,S1,S1_f89416db-94c1-4f94-d3ed-6189ed887d32_20565-8_0,"A decreasing progression is demonstrated in the patient's Carbon dioxide, total across the prior 3 evaluations.",SUPPORTED,HOLD,concept_extraction
VAL-OOD,S1,S1_8d0f8613-b58d-8904-0ddc-6aeea9049906_59576-9_1,A decreasing progression is demonstrated in the patient's Body mass index (BMI) across the prior 3 evaluations.,CONTRADICTED,HOLD,concept_extraction
VAL-OOD,S1,S1_2fde87fc-9a99-b25c-f6b0-c93d1e161b77_20565-8_8,"A decreasing progression is demonstrated in the patient's Carbon dioxide, total across the prior 3 evaluations.",CONTRADICTED,HOLD,concept_extraction
VAL-OOD,S1,S1_0600dbc3-0be0-88ee-f759-92b3e8b13fb6_9279-1_14,A decreasing progression is demonstrated in the patient's Respiratory rate across the prior 3 evaluations.,CONTRADICTED,HOLD,relation_extraction
VAL-OOD,S1,S1_8dc51bf3-9bb4-0358-8ebc-edd4be2cc5b9_39156-5_5,A decreasing progression is demonstrated in the patient's Body mass index (BMI) across the prior 3 evaluations.,CONTRADICTED,HOLD,relation_extraction
VAL-OOD,S1,S1_ec77d270-ed7e-d393-c2d5-cad04fb8944d_39156-5_2,A decreasing progression is demonstrated in the patient's Body mass index (BMI) across the prior 3 evaluations.,CONTRADICTED,HOLD,relation_extraction
VAL-OOD,S1,S1_4b7dbb2d-7700-9282-af9a-97ad2f9a0b6f_20565-8_2,"A decreasing progression is demonstrated in the patient's Carbon dioxide, total across the prior 3 evaluations.",SUPPORTED,HOLD,concept_extraction
VAL-OOD,S1,S1_1df1fea5-36a7-c925-195c-d03a69032e71_72514-3_1,A decreasing progression is demonstrated in the patient's Pain severity - 0-10 verbal numeric rating across the prior 3 evaluations.,SUPPORTED,HOLD,relation_extraction
VAL-OOD,S1,S1_a16eda23-b24e-5b3f-ee7e-96578b69e8cb_77606-2_3,A decreasing progression is demonstrated in the patient's Weight-for-length Per age and sex across the prior 3 evaluations.,CONTRADICTED,HOLD,relation_extraction
VAL-OOD,S1,S1_fad006ec-3fa3-256a-d410-934d7204aa24_39156-5_5,A decreasing progression is demonstrated in the patient's Body mass index (BMI) across the prior 3 evaluations.,CONTRADICTED,HOLD,relation_extraction
VAL-OOD,S1,S1_b180ae2e-febd-087c-eb33-217eeeaf16b7_9843-4_2,A decreasing progression is demonstrated in the patient's Head Occipital-frontal circumference across the prior 3 evaluations.,CONTRADICTED,HOLD,relation_extraction
VAL-OOD,S1,S1_9eefe263-8630-dbaf-6ae5-df45848170a8_5803-2_7,A decreasing progression is demonstrated in the patient's pH of Urine by Test strip across the prior 3 evaluations.,SUPPORTED,HOLD,relation_extraction
VAL-OOD,S1,S1_8d0f8613-b58d-8904-0ddc-6aeea9049906_39156-5_5,A decreasing progression is demonstrated in the patient's Body mass index (BMI) across the prior 3 evaluations.,SUPPORTED,HOLD,relation_extraction
VAL-OOD,S1,S1_a303d83e-435d-643a-948a-6b38e7b47dcb_32207-3_0,A decreasing progression is demonstrated in the patient's Platelet distribution width across the prior 3 evaluations.,SUPPORTED,HOLD,relation_extraction
VAL-OOD,S1,S1_8ddfd245-750f-8c5c-af5f-15ce76af2969_6768-6_8,A decreasing progression is demonstrated in the patient's Alkaline phosphatase across the prior 3 evaluations.,CONTRADICTED,HOLD,relation_extraction
VAL-OOD,S1,S1_2e0b6f71-aeb2-06aa-446d-66538396d635_9279-1_0,A decreasing progression is demonstrated in the patient's Respiratory rate across the prior 3 evaluations.,SUPPORTED,HOLD,relation_extraction
VAL-OOD,S1,S1_a121a579-1ee5-f5e7-f923-ee423e1221af_18262-6_1,A decreasing progression is demonstrated in the patient's Cholesterol in LDL across the prior 3 evaluations.,SUPPORTED,HOLD,relation_extraction
VAL-OOD,S1,S1_2fde87fc-9a99-b25c-f6b0-c93d1e161b77_18262-6_1,A decreasing progression is demonstrated in the patient's Cholesterol in LDL across the prior 3 evaluations.,CONTRADICTED,HOLD,relation_extraction
VAL-OOD,S1,S1_3793f45c-3b1c-5ab1-6a65-62132ce19689_59576-9_0,A decreasing progression is demonstrated in the patient's Body mass index (BMI) across the prior 3 evaluations.,CONTRADICTED,HOLD,concept_extraction
VAL-OOD,S1,S1_4b7dbb2d-7700-9282-af9a-97ad2f9a0b6f_20565-8_0,"A decreasing progression is demonstrated in the patient's Carbon dioxide, total across the prior 3 evaluations.",CONTRADICTED,HOLD,concept_extraction
VAL-OOD,S1,S1_8b28039b-9ecb-14f7-1493-1c87bfe10855_6768-6_7,A decreasing progression is demonstrated in the patient's Alkaline phosphatase across the prior 3 evaluations.,CONTRADICTED,HOLD,relation_extraction
VAL-OOD,S1,S1_4b7dbb2d-7700-9282-af9a-97ad2f9a0b6f_72514-3_7,A decreasing progression is demonstrated in the patient's Pain severity - 0-10 verbal numeric rating across the prior 3 evaluations.,SUPPORTED,HOLD,relation_extraction
VAL-OOD,S1,S1_37880a8f-7419-aa4a-c59f-fe51c956c13e_5803-2_11,A decreasing progression is demonstrated in the patient's pH of Urine by Test strip across the prior 3 evaluations.,CONTRADICTED,HOLD,relation_extraction
VAL-OOD,S1,S1_a16eda23-b24e-5b3f-ee7e-96578b69e8cb_9843-4_4,A decreasing progression is demonstrated in the patient's Head Occipital-frontal circumference across the prior 3 evaluations.,CONTRADICTED,HOLD,relation_extraction
VAL-OOD,S1,S1_4e91a238-aeb1-2ca6-c27b-5dd74d730503_33914-3_2,A decreasing progression is demonstrated in the patient's Glomerular filtration rate across the prior 3 evaluations.,CONTRADICTED,HOLD,relation_extraction
VAL-OOD,S1,S1_add6e4d9-b887-4b1d-253b-97574bf511ea_59576-9_5,A decreasing progression is demonstrated in the patient's Body mass index (BMI) across the prior 3 evaluations.,CONTRADICTED,HOLD,concept_extraction
VAL-OOD,S1,S1_9eefe263-8630-dbaf-6ae5-df45848170a8_39156-5_4,A decreasing progression is demonstrated in the patient's Body mass index (BMI) across the prior 3 evaluations.,CONTRADICTED,HOLD,relation_extraction
VAL-OOD,S1,S1_2afff3af-ca26-6bc7-8d81-5df4722644f2_39156-5_0,A decreasing progression is demonstrated in the patient's Body mass index (BMI) across the prior 3 evaluations.,CONTRADICTED,HOLD,relation_extraction
VAL-OOD,S1,S1_8ddfd245-750f-8c5c-af5f-15ce76af2969_2085-9_0,A decreasing progression is demonstrated in the patient's Cholesterol in HDL across the prior 3 evaluations.,CONTRADICTED,HOLD,relation_extraction
VAL-OOD,S1,S1_37880a8f-7419-aa4a-c59f-fe51c956c13e_72514-3_19,A decreasing progression is demonstrated in the patient's Pain severity - 0-10 verbal numeric rating across the prior 3 evaluations.,SUPPORTED,HOLD,relation_extraction
VAL-OOD,S1,S1_50c730e1-fcea-aebb-e927-312ca5d5e714_5811-5_9,A decreasing progression is demonstrated in the patient's Specific gravity of Urine by Test strip across the prior 3 evaluations.,SUPPORTED,HOLD,relation_extraction
VAL-OOD,S1,S1_fa56e38d-5de0-89e2-10fe-ee22a1ae6930_55758-7_31,A decreasing progression is demonstrated in the patient's Patient Health Questionnaire 2 item (PHQ-2) total score across the prior 3 evaluations.,CONTRADICTED,HOLD,relation_extraction
VAL-OOD,S1,S1_dc8cf1af-3006-be4e-eee7-17139f849c02_39156-5_2,A decreasing progression is demonstrated in the patient's Body mass index (BMI) across the prior 3 evaluations.,SUPPORTED,HOLD,relation_extraction
VAL-OOD,S1,S1_69be2004-fee7-e16d-da17-c8048f0129af_39156-5_1,A decreasing progression is demonstrated in the patient's Body mass index (BMI) across the prior 3 evaluations.,CONTRADICTED,HOLD,relation_extraction
VAL-OOD,S1,S1_2fde87fc-9a99-b25c-f6b0-c93d1e161b77_32207-3_0,A decreasing progression is demonstrated in the patient's Platelet distribution width across the prior 3 evaluations.,CONTRADICTED,HOLD,relation_extraction
VAL-OOD,S1,S1_18693cbc-d646-af72-23f8-b151866754ab_39156-5_4,A decreasing progression is demonstrated in the patient's Body mass index (BMI) across the prior 3 evaluations.,CONTRADICTED,HOLD,relation_extraction
VAL-OOD,S1,S1_50c730e1-fcea-aebb-e927-312ca5d5e714_2028-9_12,"A decreasing progression is demonstrated in the patient's Carbon dioxide, total across the prior 3 evaluations.",CONTRADICTED,HOLD,relation_extraction
VAL-OOD,S1,S1_8bc94087-ab26-aaec-c448-8c016a1567fc_59576-9_1,A decreasing progression is demonstrated in the patient's Body mass index (BMI) across the prior 3 evaluations.,CONTRADICTED,HOLD,concept_extraction
VAL-OOD,S1,S1_fa56e38d-5de0-89e2-10fe-ee22a1ae6930_5811-5_10,A decreasing progression is demonstrated in the patient's Specific gravity of Urine by Test strip across the prior 3 evaluations.,SUPPORTED,HOLD,relation_extraction
VAL-OOD,S1,S1_c877a67a-3d7b-a8b7-212e-8fdbd565f99a_39156-5_6,A decreasing progression is demonstrated in the patient's Body mass index (BMI) across the prior 3 evaluations.,CONTRADICTED,HOLD,relation_extraction
VAL-OOD,S1,S1_8ddfd245-750f-8c5c-af5f-15ce76af2969_6768-6_1,A decreasing progression is demonstrated in the patient's Alkaline phosphatase across the prior 3 evaluations.,SUPPORTED,HOLD,relation_extraction
VAL-OOD,S1,S1_a7306ef9-2f15-351d-a86f-2eedf4fb96ff_9279-1_0,A decreasing progression is demonstrated in the patient's Respiratory rate across the prior 3 evaluations.,CONTRADICTED,HOLD,relation_extraction
VAL-OOD,S1,S1_558e0ad4-8f5b-24ba-102d-e32fc61b2365_4548-4_9,A decreasing progression is demonstrated in the patient's Hemoglobin A1c/Hemoglobin.total in Blood across the prior 3 evaluations.,SUPPORTED,HOLD,relation_extraction
VAL-OOD,S1,S1_f89416db-94c1-4f94-d3ed-6189ed887d32_33914-3_1,A decreasing progression is demonstrated in the patient's Glomerular filtration rate across the prior 3 evaluations.,CONTRADICTED,HOLD,relation_extraction
VAL-OOD,S1,S1_9eefe263-8630-dbaf-6ae5-df45848170a8_72514-3_9,A decreasing progression is demonstrated in the patient's Pain severity - 0-10 verbal numeric rating across the prior 3 evaluations.,CONTRADICTED,HOLD,relation_extraction
VAL-OOD,S1,S1_69be2004-fee7-e16d-da17-c8048f0129af_59576-9_4,A decreasing progression is demonstrated in the patient's Body mass index (BMI) across the prior 3 evaluations.,SUPPORTED,HOLD,concept_extraction
VAL-OOD,S1,S1_4085fe68-e748-550f-bec1-77cecb8a1198_2085-9_6,A decreasing progression is demonstrated in the patient's Cholesterol in HDL across the prior 3 evaluations.,CONTRADICTED,HOLD,relation_extraction
VAL-OOD,S1,S1_9b51cdee-c6fc-a37a-9b4a-91516e0c822a_55758-7_15,A decreasing progression is demonstrated in the patient's Patient Health Questionnaire 2 item (PHQ-2) total score across the prior 3 evaluations.,SUPPORTED,HOLD,relation_extraction
VAL-OOD,S1,S1_8bc94087-ab26-aaec-c448-8c016a1567fc_59576-9_0,A decreasing progression is demonstrated in the patient's Body mass index (BMI) across the prior 3 evaluations.,CONTRADICTED,HOLD,concept_extraction
VAL-OOD,S1,S1_4e91a238-aeb1-2ca6-c27b-5dd74d730503_20565-8_9,"A decreasing progression is demonstrated in the patient's Carbon dioxide, total across the prior 3 evaluations.",SUPPORTED,HOLD,concept_extraction
VAL-OOD,S1,S1_67224657-6b53-1502-26de-84bd6c31d1b2_1920-8_10,A decreasing progression is demonstrated in the patient's Aspartate aminotransferase across the prior 3 evaluations.,SUPPORTED,HOLD,relation_extraction
VAL-OOD,S1,S1_18e63129-fa81-553c-d1a9-7f474170964b_18262-6_13,A decreasing progression is demonstrated in the patient's Cholesterol in LDL across the prior 3 evaluations.,SUPPORTED,HOLD,relation_extraction
VAL-OOD,S1,S1_4e91a238-aeb1-2ca6-c27b-5dd74d730503_20565-8_12,"A decreasing progression is demonstrated in the patient's Carbon dioxide, total across the prior 3 evaluations.",SUPPORTED,HOLD,concept_extraction
VAL-OOD,S1,S1_999be85b-4cce-8605-1a31-d3ab89a1478b_39156-5_7,A decreasing progression is demonstrated in the patient's Body mass index (BMI) across the prior 3 evaluations.,CONTRADICTED,HOLD,relation_extraction
VAL-OOD,S1,S1_0bafb561-dbd2-bd7f-922c-4005dbbf10c0_77606-2_9,A decreasing progression is demonstrated in the patient's Weight-for-length Per age and sex across the prior 3 evaluations.,CONTRADICTED,HOLD,relation_extraction
VAL-OOD,S1,S1_88e24f16-78a3-6ff2-9bf6-b5131a17e1b5_59576-9_2,A decreasing progression is demonstrated in the patient's Body mass index (BMI) across the prior 3 evaluations.,SUPPORTED,HOLD,concept_extraction
VAL-OOD,S1,S1_671887bb-8702-52bc-1caa-9e44f571f935_9843-4_2,A decreasing progression is demonstrated in the patient's Head Occipital-frontal circumference across the prior 3 evaluations.,CONTRADICTED,HOLD,relation_extraction
VAL-OOD,S1,S1_add6e4d9-b887-4b1d-253b-97574bf511ea_59576-9_7,A decreasing progression is demonstrated in the patient's Body mass index (BMI) across the prior 3 evaluations.,CONTRADICTED,HOLD,concept_extraction
VAL-OOD,S1,S1_4b7dbb2d-7700-9282-af9a-97ad2f9a0b6f_79893-4_4,A decreasing progression is demonstrated in the patient's Left eye Intraocular pressure across the prior 3 evaluations.,CONTRADICTED,HOLD,relation_extraction
VAL-OOD,S1,S1_2fde87fc-9a99-b25c-f6b0-c93d1e161b77_72514-3_6,A decreasing progression is demonstrated in the patient's Pain severity - 0-10 verbal numeric rating across the prior 3 evaluations.,CONTRADICTED,HOLD,relation_extraction
VAL-OOD,S1,S1_0bafb561-dbd2-bd7f-922c-4005dbbf10c0_59576-9_0,A decreasing progression is demonstrated in the patient's Body mass index (BMI) across the prior 3 evaluations.,CONTRADICTED,HOLD,concept_extraction
VAL-OOD,S1,S1_e790d37e-d213-e04f-9c67-3accf9c5031e_1742-6_15,A decreasing progression is demonstrated in the patient's Alanine aminotransferase across the prior 3 evaluations.,CONTRADICTED,HOLD,relation_extraction
VAL-OOD,S1,S1_9eefe263-8630-dbaf-6ae5-df45848170a8_4548-4_3,A decreasing progression is demonstrated in the patient's Hemoglobin A1c/Hemoglobin.total in Blood across the prior 3 evaluations.,CONTRADICTED,HOLD,relation_extraction
VAL-OOD,S1,S1_8b28039b-9ecb-14f7-1493-1c87bfe10855_18262-6_28,A decreasing progression is demonstrated in the patient's Cholesterol in LDL across the prior 3 evaluations.,CONTRADICTED,HOLD,relation_extraction
VAL-OOD,S1,S1_c0b49924-7810-29ef-c971-02d175d7bd50_9843-4_3,A decreasing progression is demonstrated in the patient's Head Occipital-frontal circumference across the prior 3 evaluations.,CONTRADICTED,HOLD,relation_extraction
VAL-OOD,S1,S1_2a1d85b1-67ca-9b29-4089-387c281886e8_20565-8_9,"A decreasing progression is demonstrated in the patient's Carbon dioxide, total across the prior 3 evaluations.",SUPPORTED,HOLD,concept_extraction
VAL-OOD,S1,S1_fa56e38d-5de0-89e2-10fe-ee22a1ae6930_33914-3_8,A decreasing progression is demonstrated in the patient's Glomerular filtration rate across the prior 3 evaluations.,CONTRADICTED,HOLD,relation_extraction
VAL-OOD,S1,S1_0cce6f8e-2868-082b-55c9-abaef0c12a3d_55758-7_3,A decreasing progression is demonstrated in the patient's Patient Health Questionnaire 2 item (PHQ-2) total score across the prior 3 evaluations.,SUPPORTED,HOLD,relation_extraction
VAL-OOD,S1,S1_a121a579-1ee5-f5e7-f923-ee423e1221af_39156-5_0,A decreasing progression is demonstrated in the patient's Body mass index (BMI) across the prior 3 evaluations.,CONTRADICTED,HOLD,relation_extraction
VAL-OOD,S1,S1_4e91a238-aeb1-2ca6-c27b-5dd74d730503_4548-4_1,A decreasing progression is demonstrated in the patient's Hemoglobin A1c/Hemoglobin.total in Blood across the prior 3 evaluations.,CONTRADICTED,HOLD,relation_extraction
VAL-OOD,S1,S1_dc4f8811-b951-c43a-d985-7ed4f1e79c05_72514-3_5,A decreasing progression is demonstrated in the patient's Pain severity - 0-10 verbal numeric rating across the prior 3 evaluations.,SUPPORTED,HOLD,relation_extraction
VAL-OOD,S1,S1_2f199102-8309-e6c4-7d0f-d8f61dbbb039_77606-2_6,A decreasing progression is demonstrated in the patient's Weight-for-length Per age and sex across the prior 3 evaluations.,SUPPORTED,HOLD,relation_extraction
VAL-OOD,S1,S1_50c730e1-fcea-aebb-e927-312ca5d5e714_55758-7_2,A decreasing progression is demonstrated in the patient's Patient Health Questionnaire 2 item (PHQ-2) total score across the prior 3 evaluations.,SUPPORTED,HOLD,relation_extraction
VAL-OOD,S1,S1_67224657-6b53-1502-26de-84bd6c31d1b2_39156-5_19,A decreasing progression is demonstrated in the patient's Body mass index (BMI) across the prior 3 evaluations.,CONTRADICTED,HOLD,relation_extraction
VAL-OOD,S1,S1_0bbbaeb6-a9c9-67c4-897f-d726de852661_39156-5_1,A decreasing progression is demonstrated in the patient's Body mass index (BMI) across the prior 3 evaluations.,CONTRADICTED,HOLD,relation_extraction
VAL-OOD,S1,S1_525780ac-18a1-1c07-6c4a-5eb3c8dbd175_72514-3_4,A decreasing progression is demonstrated in the patient's Pain severity - 0-10 verbal numeric rating across the prior 3 evaluations.,CONTRADICTED,HOLD,relation_extraction
VAL-OOD,S1,S1_9eefe263-8630-dbaf-6ae5-df45848170a8_6768-6_4,A decreasing progression is demonstrated in the patient's Alkaline phosphatase across the prior 3 evaluations.,SUPPORTED,HOLD,relation_extraction
VAL-OOD,S1,S1_999be85b-4cce-8605-1a31-d3ab89a1478b_9279-1_8,A decreasing progression is demonstrated in the patient's Respiratory rate across the prior 3 evaluations.,SUPPORTED,HOLD,relation_extraction
VAL-OOD,S1,S1_1b9292ca-7868-319c-dbc0-4a4a42024d7b_4548-4_7,A decreasing progression is demonstrated in the patient's Hemoglobin A1c/Hemoglobin.total in Blood across the prior 3 evaluations.,SUPPORTED,HOLD,relation_extraction
VAL-OOD,S1,S1_3793f45c-3b1c-5ab1-6a65-62132ce19689_77606-2_3,A decreasing progression is demonstrated in the patient's Weight-for-length Per age and sex across the prior 3 evaluations.,CONTRADICTED,HOLD,relation_extraction
VAL-OOD,S1,S1_484d6b59-2220-b932-c0ce-dbd955779f46_59576-9_6,A decreasing progression is demonstrated in the patient's Body mass index (BMI) across the prior 3 evaluations.,SUPPORTED,HOLD,concept_extraction
VAL-OOD,S1,S1_12dc0d0e-b4e2-4a49-f2d3-5ad56cf84a6f_39156-5_2,A decreasing progression is demonstrated in the patient's Body mass index (BMI) across the prior 3 evaluations.,CONTRADICTED,HOLD,relation_extraction
VAL-OOD,S1,S1_12dc0d0e-b4e2-4a49-f2d3-5ad56cf84a6f_39156-5_1,A decreasing progression is demonstrated in the patient's Body mass index (BMI) across the prior 3 evaluations.,CONTRADICTED,HOLD,relation_extraction
VAL-OOD,S1,S1_e790d37e-d213-e04f-9c67-3accf9c5031e_18262-6_1,A decreasing progression is demonstrated in the patient's Cholesterol in LDL across the prior 3 evaluations.,CONTRADICTED,HOLD,relation_extraction
VAL-OOD,S1,S1_484d6b59-2220-b932-c0ce-dbd955779f46_39156-5_3,A decreasing progression is demonstrated in the patient's Body mass index (BMI) across the prior 3 evaluations.,SUPPORTED,HOLD,relation_extraction
VAL-OOD,S1,S1_a7306ef9-2f15-351d-a86f-2eedf4fb96ff_59576-9_5,A decreasing progression is demonstrated in the patient's Body mass index (BMI) across the prior 3 evaluations.,SUPPORTED,HOLD,concept_extraction
VAL-OOD,S1,S1_0bafb561-dbd2-bd7f-922c-4005dbbf10c0_59576-9_1,A decreasing progression is demonstrated in the patient's Body mass index (BMI) across the prior 3 evaluations.,CONTRADICTED,HOLD,concept_extraction
VAL-OOD,S1,S1_525780ac-18a1-1c07-6c4a-5eb3c8dbd175_72514-3_6,A decreasing progression is demonstrated in the patient's Pain severity - 0-10 verbal numeric rating across the prior 3 evaluations.,SUPPORTED,HOLD,relation_extraction
VAL-OOD,S1,S1_67224657-6b53-1502-26de-84bd6c31d1b2_33914-3_6,A decreasing progression is demonstrated in the patient's Glomerular filtration rate across the prior 3 evaluations.,SUPPORTED,HOLD,relation_extraction
VAL-OOD,S1,S1_add6e4d9-b887-4b1d-253b-97574bf511ea_39156-5_1,A decreasing progression is demonstrated in the patient's Body mass index (BMI) across the prior 3 evaluations.,CONTRADICTED,HOLD,relation_extraction
VAL-OOD,S1,S1_4e91a238-aeb1-2ca6-c27b-5dd74d730503_5803-2_3,A decreasing progression is demonstrated in the patient's pH of Urine by Test strip across the prior 3 evaluations.,SUPPORTED,HOLD,relation_extraction
VAL-OOD,S1,S1_9eefe263-8630-dbaf-6ae5-df45848170a8_55758-7_16,A decreasing progression is demonstrated in the patient's Patient Health Questionnaire 2 item (PHQ-2) total score across the prior 3 evaluations.,SUPPORTED,HOLD,relation_extraction
VAL-OOD,S1,S1_9b51cdee-c6fc-a37a-9b4a-91516e0c822a_59460-6_4,A decreasing progression is demonstrated in the patient's Fall risk total across the prior 3 evaluations.,SUPPORTED,HOLD,relation_extraction
VAL-OOD,S1,S1_4887db4a-ef42-70d0-86b6-ff5786ac381f_1742-6_1,A decreasing progression is demonstrated in the patient's Alanine aminotransferase across the prior 3 evaluations.,CONTRADICTED,HOLD,relation_extraction
VAL-OOD,S1,S1_e790d37e-d213-e04f-9c67-3accf9c5031e_6768-6_13,A decreasing progression is demonstrated in the patient's Alkaline phosphatase across the prior 3 evaluations.,SUPPORTED,HOLD,relation_extraction
VAL-OOD,S1,S1_558e0ad4-8f5b-24ba-102d-e32fc61b2365_9279-1_5,A decreasing progression is demonstrated in the patient's Respiratory rate across the prior 3 evaluations.,CONTRADICTED,HOLD,relation_extraction
VAL-OOD,S1,S1_67224657-6b53-1502-26de-84bd6c31d1b2_2857-1_2,A decreasing progression is demonstrated in the patient's Prostate specific Ag across the prior 3 evaluations.,CONTRADICTED,HOLD,relation_extraction
VAL-OOD,S1,S1_a7306ef9-2f15-351d-a86f-2eedf4fb96ff_39156-5_1,A decreasing progression is demonstrated in the patient's Body mass index (BMI) across the prior 3 evaluations.,CONTRADICTED,HOLD,relation_extraction
VAL-OOD,S1,S1_67224657-6b53-1502-26de-84bd6c31d1b2_2028-9_4,"A decreasing progression is demonstrated in the patient's Carbon dioxide, total across the prior 3 evaluations.",CONTRADICTED,HOLD,relation_extraction
VAL-OOD,S1,S1_3793f45c-3b1c-5ab1-6a65-62132ce19689_72514-3_1,A decreasing progression is demonstrated in the patient's Pain severity - 0-10 verbal numeric rating across the prior 3 evaluations.,SUPPORTED,HOLD,relation_extraction
VAL-OOD,S1,S1_b180ae2e-febd-087c-eb33-217eeeaf16b7_39156-5_4,A decreasing progression is demonstrated in the patient's Body mass index (BMI) across the prior 3 evaluations.,CONTRADICTED,HOLD,relation_extraction
VAL-OOD,S1,S1_0a5e04ef-e02f-3415-51cd-6efea2a4f29f_20565-8_3,"A decreasing progression is demonstrated in the patient's Carbon dioxide, total across the prior 3 evaluations.",SUPPORTED,HOLD,concept_extraction
VAL-OOD,S1,S1_059d4a5e-7869-65af-a13d-e49f65e626ee_18262-6_6,A decreasing progression is demonstrated in the patient's Cholesterol in LDL across the prior 3 evaluations.,CONTRADICTED,HOLD,relation_extraction
VAL-OOD,S1,S1_4e91a238-aeb1-2ca6-c27b-5dd74d730503_5811-5_4,A decreasing progression is demonstrated in the patient's Specific gravity of Urine by Test strip across the prior 3 evaluations.,SUPPORTED,HOLD,relation_extraction
VAL-OOD,S1,S1_9234d506-8bab-aef8-c3e8-a5d857014018_39156-5_0,A decreasing progression is demonstrated in the patient's Body mass index (BMI) across the prior 3 evaluations.,CONTRADICTED,HOLD,relation_extraction
VAL-OOD,S1,S1_492d3136-b841-bfa2-9cd3-15bf55c7f751_72514-3_0,A decreasing progression is demonstrated in the patient's Pain severity - 0-10 verbal numeric rating across the prior 3 evaluations.,CONTRADICTED,HOLD,relation_extraction
VAL-OOD,S1,S1_8b28039b-9ecb-14f7-1493-1c87bfe10855_1742-6_7,A decreasing progression is demonstrated in the patient's Alanine aminotransferase across the prior 3 evaluations.,SUPPORTED,HOLD,relation_extraction
VAL-OOD,S1,S1_a84330bb-c2b4-102a-fc0c-e0fe4bd4a68b_2085-9_0,A decreasing progression is demonstrated in the patient's Cholesterol in HDL across the prior 3 evaluations.,CONTRADICTED,HOLD,relation_extraction
VAL-OOD,S1,S1_e790d37e-d213-e04f-9c67-3accf9c5031e_4548-4_7,A decreasing progression is demonstrated in the patient's Hemoglobin A1c/Hemoglobin.total in Blood across the prior 3 evaluations.,CONTRADICTED,HOLD,relation_extraction
VAL-OOD,S1,S1_484d6b59-2220-b932-c0ce-dbd955779f46_59576-9_4,A decreasing progression is demonstrated in the patient's Body mass index (BMI) across the prior 3 evaluations.,CONTRADICTED,HOLD,concept_extraction
VAL-OOD,S1,S1_0a5e04ef-e02f-3415-51cd-6efea2a4f29f_72514-3_1,A decreasing progression is demonstrated in the patient's Pain severity - 0-10 verbal numeric rating across the prior 3 evaluations.,CONTRADICTED,HOLD,relation_extraction
VAL-OOD,S1,S1_fa56e38d-5de0-89e2-10fe-ee22a1ae6930_20565-8_13,"A decreasing progression is demonstrated in the patient's Carbon dioxide, total across the prior 3 evaluations.",CONTRADICTED,HOLD,concept_extraction
VAL-OOD,S1,S1_0bafb561-dbd2-bd7f-922c-4005dbbf10c0_9843-4_2,A decreasing progression is demonstrated in the patient's Head Occipital-frontal circumference across the prior 3 evaluations.,CONTRADICTED,HOLD,relation_extraction
VAL-OOD,S1,S1_12dc0d0e-b4e2-4a49-f2d3-5ad56cf84a6f_1920-8_7,A decreasing progression is demonstrated in the patient's Aspartate aminotransferase across the prior 3 evaluations.,SUPPORTED,HOLD,relation_extraction
VAL-OOD,S1,S1_0cce6f8e-2868-082b-55c9-abaef0c12a3d_5803-2_7,A decreasing progression is demonstrated in the patient's pH of Urine by Test strip across the prior 3 evaluations.,CONTRADICTED,HOLD,relation_extraction
VAL-OOD,S1,S1_67224657-6b53-1502-26de-84bd6c31d1b2_72514-3_9,A decreasing progression is demonstrated in the patient's Pain severity - 0-10 verbal numeric rating across the prior 3 evaluations.,CONTRADICTED,HOLD,relation_extraction
VAL-OOD,S1,S1_ef393134-8e8f-5507-93a3-fd0064375dee_39156-5_5,A decreasing progression is demonstrated in the patient's Body mass index (BMI) across the prior 3 evaluations.,CONTRADICTED,HOLD,relation_extraction
VAL-OOD,S1,S1_57a4e0a2-892f-01f5-778b-db5cd24a6bcd_39156-5_1,A decreasing progression is demonstrated in the patient's Body mass index (BMI) across the prior 3 evaluations.,CONTRADICTED,HOLD,relation_extraction
VAL-OOD,S1,S1_d769c958-48e2-d146-9c66-da3d2a0648d6_9279-1_2,A decreasing progression is demonstrated in the patient's Respiratory rate across the prior 3 evaluations.,SUPPORTED,HOLD,relation_extraction
VAL-OOD,S1,S1_a303d83e-435d-643a-948a-6b38e7b47dcb_2085-9_6,A decreasing progression is demonstrated in the patient's Cholesterol in HDL across the prior 3 evaluations.,CONTRADICTED,HOLD,relation_extraction
VAL-OOD,S1,S1_0bafb561-dbd2-bd7f-922c-4005dbbf10c0_77606-2_3,A decreasing progression is demonstrated in the patient's Weight-for-length Per age and sex across the prior 3 evaluations.,CONTRADICTED,HOLD,relation_extraction
VAL-OOD,S1,S1_50c730e1-fcea-aebb-e927-312ca5d5e714_2028-9_11,"A decreasing progression is demonstrated in the patient's Carbon dioxide, total across the prior 3 evaluations.",CONTRADICTED,HOLD,relation_extraction
VAL-OOD,S1,S1_67224657-6b53-1502-26de-84bd6c31d1b2_5811-5_12,A decreasing progression is demonstrated in the patient's Specific gravity of Urine by Test strip across the prior 3 evaluations.,CONTRADICTED,HOLD,relation_extraction
VAL-OOD,S1,S1_9b51cdee-c6fc-a37a-9b4a-91516e0c822a_1920-8_13,A decreasing progression is demonstrated in the patient's Aspartate aminotransferase across the prior 3 evaluations.,SUPPORTED,HOLD,relation_extraction
VAL-OOD,S1,S1_ef393134-8e8f-5507-93a3-fd0064375dee_20565-8_1,"A decreasing progression is demonstrated in the patient's Carbon dioxide, total across the prior 3 evaluations.",CONTRADICTED,HOLD,concept_extraction
VAL-OOD,S1,S1_ec77d270-ed7e-d393-c2d5-cad04fb8944d_72514-3_5,A decreasing progression is demonstrated in the patient's Pain severity - 0-10 verbal numeric rating across the prior 3 evaluations.,SUPPORTED,HOLD,relation_extraction
VAL-OOD,S1,S1_0a5e04ef-e02f-3415-51cd-6efea2a4f29f_9279-1_0,A decreasing progression is demonstrated in the patient's Respiratory rate across the prior 3 evaluations.,SUPPORTED,HOLD,relation_extraction
VAL-OOD,S1,S1_2be1d412-eca7-a732-7523-31c5d9c4642f_4548-4_6,A decreasing progression is demonstrated in the patient's Hemoglobin A1c/Hemoglobin.total in Blood across the prior 3 evaluations.,CONTRADICTED,HOLD,relation_extraction
VAL-OOD,S1,S1_9eefe263-8630-dbaf-6ae5-df45848170a8_20565-8_8,"A decreasing progression is demonstrated in the patient's Carbon dioxide, total across the prior 3 evaluations.",SUPPORTED,HOLD,concept_extraction
VAL-OOD,S1,S1_67224657-6b53-1502-26de-84bd6c31d1b2_2028-9_9,"A decreasing progression is demonstrated in the patient's Carbon dioxide, total across the prior 3 evaluations.",SUPPORTED,HOLD,relation_extraction
VAL-OOD,S1,S1_48138196-2f91-6098-1083-ed19499dde28_20565-8_1,"A decreasing progression is demonstrated in the patient's Carbon dioxide, total across the prior 3 evaluations.",CONTRADICTED,HOLD,concept_extraction
VAL-OOD,S1,S1_b180ae2e-febd-087c-eb33-217eeeaf16b7_9279-1_6,A decreasing progression is demonstrated in the patient's Respiratory rate across the prior 3 evaluations.,CONTRADICTED,HOLD,relation_extraction
VAL-OOD,S1,S1_c877a67a-3d7b-a8b7-212e-8fdbd565f99a_39156-5_2,A decreasing progression is demonstrated in the patient's Body mass index (BMI) across the prior 3 evaluations.,CONTRADICTED,HOLD,relation_extraction
VAL-OOD,S1,S1_fa56e38d-5de0-89e2-10fe-ee22a1ae6930_18262-6_14,A decreasing progression is demonstrated in the patient's Cholesterol in LDL across the prior 3 evaluations.,SUPPORTED,HOLD,relation_extraction
VAL-OOD,S1,S1_fad006ec-3fa3-256a-d410-934d7204aa24_39156-5_2,A decreasing progression is demonstrated in the patient's Body mass index (BMI) across the prior 3 evaluations.,SUPPORTED,HOLD,relation_extraction
VAL-OOD,S1,S1_a303d83e-435d-643a-948a-6b38e7b47dcb_20565-8_1,"A decreasing progression is demonstrated in the patient's Carbon dioxide, total across the prior 3 evaluations.",CONTRADICTED,HOLD,concept_extraction
VAL-OOD,S1,S1_558e0ad4-8f5b-24ba-102d-e32fc61b2365_20565-8_5,"A decreasing progression is demonstrated in the patient's Carbon dioxide, total across the prior 3 evaluations.",CONTRADICTED,HOLD,concept_extraction
VAL-OOD,S1,S1_fa56e38d-5de0-89e2-10fe-ee22a1ae6930_20565-8_0,"A decreasing progression is demonstrated in the patient's Carbon dioxide, total across the prior 3 evaluations.",SUPPORTED,HOLD,concept_extraction
VAL-OOD,S1,S1_0e228e65-cc4e-dd45-015c-db4fa9249bc0_20565-8_7,"A decreasing progression is demonstrated in the patient's Carbon dioxide, total across the prior 3 evaluations.",SUPPORTED,HOLD,concept_extraction
VAL-OOD,S1,S1_4085fe68-e748-550f-bec1-77cecb8a1198_9279-1_6,A decreasing progression is demonstrated in the patient's Respiratory rate across the prior 3 evaluations.,CONTRADICTED,HOLD,relation_extraction
VAL-OOD,S1,S1_b180ae2e-febd-087c-eb33-217eeeaf16b7_59576-9_3,A decreasing progression is demonstrated in the patient's Body mass index (BMI) across the prior 3 evaluations.,CONTRADICTED,HOLD,concept_extraction
VAL-OOD,S1,S1_2e0b6f71-aeb2-06aa-446d-66538396d635_39156-5_2,A decreasing progression is demonstrated in the patient's Body mass index (BMI) across the prior 3 evaluations.,CONTRADICTED,HOLD,relation_extraction
VAL-OOD,S1,S1_ed70a6af-baef-8594-7320-f35d0807c63b_9279-1_0,A decreasing progression is demonstrated in the patient's Respiratory rate across the prior 3 evaluations.,SUPPORTED,HOLD,relation_extraction
VAL-OOD,S1,S1_d769c958-48e2-d146-9c66-da3d2a0648d6_9843-4_1,A decreasing progression is demonstrated in the patient's Head Occipital-frontal circumference across the prior 3 evaluations.,CONTRADICTED,HOLD,relation_extraction
VAL-OOD,S1,S1_fa56e38d-5de0-89e2-10fe-ee22a1ae6930_2028-9_7,"A decreasing progression is demonstrated in the patient's Carbon dioxide, total across the prior 3 evaluations.",SUPPORTED,HOLD,relation_extraction
VAL-OOD,S1,S1_88e24f16-78a3-6ff2-9bf6-b5131a17e1b5_72514-3_3,A decreasing progression is demonstrated in the patient's Pain severity - 0-10 verbal numeric rating across the prior 3 evaluations.,SUPPORTED,HOLD,relation_extraction
VAL-OOD,S1,S1_9b51cdee-c6fc-a37a-9b4a-91516e0c822a_2085-9_5,A decreasing progression is demonstrated in the patient's Cholesterol in HDL across the prior 3 evaluations.,CONTRADICTED,HOLD,relation_extraction
VAL-OOD,S1,S1_37880a8f-7419-aa4a-c59f-fe51c956c13e_9279-1_5,A decreasing progression is demonstrated in the patient's Respiratory rate across the prior 3 evaluations.,SUPPORTED,HOLD,relation_extraction
VAL-OOD,S1,S1_e69020cc-edfa-b575-66a9-30df9e83e1ec_39156-5_5,A decreasing progression is demonstrated in the patient's Body mass index (BMI) across the prior 3 evaluations.,CONTRADICTED,HOLD,relation_extraction
VAL-OOD,S1,S1_a303d83e-435d-643a-948a-6b38e7b47dcb_6768-6_1,A decreasing progression is demonstrated in the patient's Alkaline phosphatase across the prior 3 evaluations.,CONTRADICTED,HOLD,relation_extraction
VAL-OOD,S1,S1_69be2004-fee7-e16d-da17-c8048f0129af_59576-9_2,A decreasing progression is demonstrated in the patient's Body mass index (BMI) across the prior 3 evaluations.,SUPPORTED,HOLD,concept_extraction
VAL-OOD,S1,S1_8bc94087-ab26-aaec-c448-8c016a1567fc_39156-5_5,A decreasing progression is demonstrated in the patient's Body mass index (BMI) across the prior 3 evaluations.,CONTRADICTED,HOLD,relation_extraction
VAL-OOD,S1,S1_18e63129-fa81-553c-d1a9-7f474170964b_79893-4_5,A decreasing progression is demonstrated in the patient's Left eye Intraocular pressure across the prior 3 evaluations.,CONTRADICTED,HOLD,relation_extraction
VAL-OOD,S1,S1_9b51cdee-c6fc-a37a-9b4a-91516e0c822a_18262-6_15,A decreasing progression is demonstrated in the patient's Cholesterol in LDL across the prior 3 evaluations.,SUPPORTED,HOLD,relation_extraction
VAL-OOD,S1,S1_12dc0d0e-b4e2-4a49-f2d3-5ad56cf84a6f_20565-8_8,"A decreasing progression is demonstrated in the patient's Carbon dioxide, total across the prior 3 evaluations.",SUPPORTED,HOLD,concept_extraction
VAL-OOD,S1,S1_999be85b-4cce-8605-1a31-d3ab89a1478b_9279-1_4,A decreasing progression is demonstrated in the patient's Respiratory rate across the prior 3 evaluations.,CONTRADICTED,HOLD,relation_extraction
VAL-OOD,S1,S1_08006612-13e0-e3bd-78d2-d3ef0c9e5368_9279-1_8,A decreasing progression is demonstrated in the patient's Respiratory rate across the prior 3 evaluations.,CONTRADICTED,HOLD,relation_extraction
VAL-OOD,S1,S1_e69020cc-edfa-b575-66a9-30df9e83e1ec_59576-9_6,A decreasing progression is demonstrated in the patient's Body mass index (BMI) across the prior 3 evaluations.,SUPPORTED,HOLD,concept_extraction
VAL-OOD,S1,S1_2a1d85b1-67ca-9b29-4089-387c281886e8_4548-4_6,A decreasing progression is demonstrated in the patient's Hemoglobin A1c/Hemoglobin.total in Blood across the prior 3 evaluations.,CONTRADICTED,HOLD,relation_extraction
VAL-OOD,S1,S1_2f199102-8309-e6c4-7d0f-d8f61dbbb039_9279-1_2,A decreasing progression is demonstrated in the patient's Respiratory rate across the prior 3 evaluations.,CONTRADICTED,HOLD,relation_extraction
VAL-OOD,S1,S1_dca8a77e-31fa-5cd1-23a9-670b022cbe15_9279-1_6,A decreasing progression is demonstrated in the patient's Respiratory rate across the prior 3 evaluations.,SUPPORTED,HOLD,relation_extraction
VAL-OOD,S1,S1_2f199102-8309-e6c4-7d0f-d8f61dbbb039_9843-4_2,A decreasing progression is demonstrated in the patient's Head Occipital-frontal circumference across the prior 3 evaluations.,CONTRADICTED,HOLD,relation_extraction
VAL-OOD,S1,S1_587b3fa1-9015-f70b-ccf3-fc68d5df2402_39156-5_3,A decreasing progression is demonstrated in the patient's Body mass index (BMI) across the prior 3 evaluations.,SUPPORTED,HOLD,relation_extraction
VAL-OOD,S1,S1_fa56e38d-5de0-89e2-10fe-ee22a1ae6930_2028-9_3,"A decreasing progression is demonstrated in the patient's Carbon dioxide, total across the prior 3 evaluations.",CONTRADICTED,HOLD,relation_extraction
VAL-OOD,S1,S1_0600dbc3-0be0-88ee-f759-92b3e8b13fb6_9279-1_1,A decreasing progression is demonstrated in the patient's Respiratory rate across the prior 3 evaluations.,CONTRADICTED,HOLD,relation_extraction
VAL-OOD,S1,S1_12dc0d0e-b4e2-4a49-f2d3-5ad56cf84a6f_18262-6_2,A decreasing progression is demonstrated in the patient's Cholesterol in LDL across the prior 3 evaluations.,SUPPORTED,HOLD,relation_extraction
VAL-OOD,S1,S1_67224657-6b53-1502-26de-84bd6c31d1b2_5811-5_10,A decreasing progression is demonstrated in the patient's Specific gravity of Urine by Test strip across the prior 3 evaluations.,SUPPORTED,HOLD,relation_extraction
VAL-OOD,S1,S1_999be85b-4cce-8605-1a31-d3ab89a1478b_39156-5_5,A decreasing progression is demonstrated in the patient's Body mass index (BMI) across the prior 3 evaluations.,CONTRADICTED,HOLD,relation_extraction
VAL-OOD,S1,S1_9eefe263-8630-dbaf-6ae5-df45848170a8_33914-3_10,A decreasing progression is demonstrated in the patient's Glomerular filtration rate across the prior 3 evaluations.,CONTRADICTED,HOLD,relation_extraction
VAL-OOD,S1,S1_a121a579-1ee5-f5e7-f923-ee423e1221af_2085-9_0,A decreasing progression is demonstrated in the patient's Cholesterol in HDL across the prior 3 evaluations.,CONTRADICTED,HOLD,relation_extraction
VAL-OOD,S1,S1_0bafb561-dbd2-bd7f-922c-4005dbbf10c0_77606-2_8,A decreasing progression is demonstrated in the patient's Weight-for-length Per age and sex across the prior 3 evaluations.,CONTRADICTED,HOLD,relation_extraction
VAL-OOD,S1,S1_4085fe68-e748-550f-bec1-77cecb8a1198_2085-9_1,A decreasing progression is demonstrated in the patient's Cholesterol in HDL across the prior 3 evaluations.,SUPPORTED,HOLD,relation_extraction
VAL-OOD,S1,S1_cd27c35e-3838-2745-e253-b3ba8a1e964c_4548-4_3,A decreasing progression is demonstrated in the patient's Hemoglobin A1c/Hemoglobin.total in Blood across the prior 3 evaluations.,CONTRADICTED,HOLD,relation_extraction
VAL-OOD,S1,S1_f1b97c32-2278-d681-7b9b-2d9c9fad9d9f_4548-4_3,A decreasing progression is demonstrated in the patient's Hemoglobin A1c/Hemoglobin.total in Blood across the prior 3 evaluations.,SUPPORTED,HOLD,relation_extraction
VAL-OOD,S1,S1_9b51cdee-c6fc-a37a-9b4a-91516e0c822a_5811-5_14,A decreasing progression is demonstrated in the patient's Specific gravity of Urine by Test strip across the prior 3 evaluations.,SUPPORTED,HOLD,relation_extraction
VAL-OOD,S1,S1_c18cb5a7-08de-d1f9-8d5c-08fb1057df07_72514-3_8,A decreasing progression is demonstrated in the patient's Pain severity - 0-10 verbal numeric rating across the prior 3 evaluations.,SUPPORTED,HOLD,relation_extraction
VAL-OOD,S1,S1_8b28039b-9ecb-14f7-1493-1c87bfe10855_72514-3_6,A decreasing progression is demonstrated in the patient's Pain severity - 0-10 verbal numeric rating across the prior 3 evaluations.,SUPPORTED,HOLD,relation_extraction
VAL-OOD,S1,S1_18e63129-fa81-553c-d1a9-7f474170964b_2085-9_13,A decreasing progression is demonstrated in the patient's Cholesterol in HDL across the prior 3 evaluations.,SUPPORTED,HOLD,relation_extraction
VAL-OOD,S1,S1_18693cbc-d646-af72-23f8-b151866754ab_55758-7_1,A decreasing progression is demonstrated in the patient's Patient Health Questionnaire 2 item (PHQ-2) total score across the prior 3 evaluations.,SUPPORTED,HOLD,relation_extraction
VAL-OOD,S1,S1_88e24f16-78a3-6ff2-9bf6-b5131a17e1b5_39156-5_5,A decreasing progression is demonstrated in the patient's Body mass index (BMI) across the prior 3 evaluations.,CONTRADICTED,HOLD,relation_extraction
VAL-OOD,S1,S1_9b51cdee-c6fc-a37a-9b4a-91516e0c822a_2028-9_9,"A decreasing progression is demonstrated in the patient's Carbon dioxide, total across the prior 3 evaluations.",CONTRADICTED,HOLD,relation_extraction
VAL-OOD,S1,S1_12dc0d0e-b4e2-4a49-f2d3-5ad56cf84a6f_18262-6_10,A decreasing progression is demonstrated in the patient's Cholesterol in LDL across the prior 3 evaluations.,CONTRADICTED,HOLD,relation_extraction
VAL-OOD,S1,S1_a303d83e-435d-643a-948a-6b38e7b47dcb_1742-6_4,A decreasing progression is demonstrated in the patient's Alanine aminotransferase across the prior 3 evaluations.,CONTRADICTED,HOLD,relation_extraction
VAL-OOD,S1,S1_4b584028-9e27-ecf0-05a4-6e6a458693b7_59576-9_1,A decreasing progression is demonstrated in the patient's Body mass index (BMI) across the prior 3 evaluations.,CONTRADICTED,HOLD,concept_extraction
VAL-OOD,S1,S1_2e0b6f71-aeb2-06aa-446d-66538396d635_72514-3_0,A decreasing progression is demonstrated in the patient's Pain severity - 0-10 verbal numeric rating across the prior 3 evaluations.,SUPPORTED,HOLD,relation_extraction
VAL-OOD,S1,S1_0e228e65-cc4e-dd45-015c-db4fa9249bc0_20565-8_3,"A decreasing progression is demonstrated in the patient's Carbon dioxide, total across the prior 3 evaluations.",SUPPORTED,HOLD,concept_extraction
VAL-OOD,S1,S1_88e24f16-78a3-6ff2-9bf6-b5131a17e1b5_39156-5_6,A decreasing progression is demonstrated in the patient's Body mass index (BMI) across the prior 3 evaluations.,CONTRADICTED,HOLD,relation_extraction
VAL-OOD,S1,S1_2f199102-8309-e6c4-7d0f-d8f61dbbb039_59576-9_3,A decreasing progression is demonstrated in the patient's Body mass index (BMI) across the prior 3 evaluations.,SUPPORTED,HOLD,concept_extraction
VAL-OOD,S1,S1_26d35d86-e218-72c3-e525-dc35ca838390_59576-9_4,A decreasing progression is demonstrated in the patient's Body mass index (BMI) across the prior 3 evaluations.,CONTRADICTED,HOLD,concept_extraction
VAL-OOD,S1,S1_20b5f86e-c56c-867d-e53a-7c5d9a809f02_77606-2_0,A decreasing progression is demonstrated in the patient's Weight-for-length Per age and sex across the prior 3 evaluations.,SUPPORTED,HOLD,relation_extraction
VAL-OOD,S1,S1_dc8cf1af-3006-be4e-eee7-17139f849c02_77606-2_1,A decreasing progression is demonstrated in the patient's Weight-for-length Per age and sex across the prior 3 evaluations.,CONTRADICTED,HOLD,relation_extraction
VAL-OOD,S1,S1_12dc0d0e-b4e2-4a49-f2d3-5ad56cf84a6f_6768-6_7,A decreasing progression is demonstrated in the patient's Alkaline phosphatase across the prior 3 evaluations.,CONTRADICTED,HOLD,relation_extraction
VAL-OOD,S1,S1_ef393134-8e8f-5507-93a3-fd0064375dee_20565-8_4,"A decreasing progression is demonstrated in the patient's Carbon dioxide, total across the prior 3 evaluations.",CONTRADICTED,HOLD,concept_extraction
VAL-OOD,S1,S1_2a1d85b1-67ca-9b29-4089-387c281886e8_39156-5_3,A decreasing progression is demonstrated in the patient's Body mass index (BMI) across the prior 3 evaluations.,CONTRADICTED,HOLD,relation_extraction
VAL-OOD,S1,S1_e790d37e-d213-e04f-9c67-3accf9c5031e_1920-8_1,A decreasing progression is demonstrated in the patient's Aspartate aminotransferase across the prior 3 evaluations.,CONTRADICTED,HOLD,relation_extraction
VAL-OOD,S1,S1_059d4a5e-7869-65af-a13d-e49f65e626ee_20565-8_11,"A decreasing progression is demonstrated in the patient's Carbon dioxide, total across the prior 3 evaluations.",SUPPORTED,HOLD,concept_extraction
VAL-OOD,S1,S1_c877a67a-3d7b-a8b7-212e-8fdbd565f99a_39156-5_5,A decreasing progression is demonstrated in the patient's Body mass index (BMI) across the prior 3 evaluations.,CONTRADICTED,HOLD,relation_extraction
VAL-OOD,S1,S1_0cce6f8e-2868-082b-55c9-abaef0c12a3d_5803-2_2,A decreasing progression is demonstrated in the patient's pH of Urine by Test strip across the prior 3 evaluations.,CONTRADICTED,HOLD,relation_extraction
VAL-OOD,S1,S1_12e7fda3-ae22-df05-399a-a4908a5dfec0_4548-4_4,A decreasing progression is demonstrated in the patient's Hemoglobin A1c/Hemoglobin.total in Blood across the prior 3 evaluations.,SUPPORTED,HOLD,relation_extraction
VAL-OOD,S1,S1_9b51cdee-c6fc-a37a-9b4a-91516e0c822a_9279-1_23,A decreasing progression is demonstrated in the patient's Respiratory rate across the prior 3 evaluations.,SUPPORTED,HOLD,relation_extraction
VAL-OOD,S1,S1_a84330bb-c2b4-102a-fc0c-e0fe4bd4a68b_39156-5_0,A decreasing progression is demonstrated in the patient's Body mass index (BMI) across the prior 3 evaluations.,CONTRADICTED,HOLD,relation_extraction
VAL-OOD,S1,S1_f89416db-94c1-4f94-d3ed-6189ed887d32_20565-8_5,"A decreasing progression is demonstrated in the patient's Carbon dioxide, total across the prior 3 evaluations.",SUPPORTED,HOLD,concept_extraction
VAL-OOD,S1,S1_a7306ef9-2f15-351d-a86f-2eedf4fb96ff_39156-5_2,A decreasing progression is demonstrated in the patient's Body mass index (BMI) across the prior 3 evaluations.,CONTRADICTED,HOLD,relation_extraction
VAL-OOD,S1,S1_f89416db-94c1-4f94-d3ed-6189ed887d32_6768-6_2,A decreasing progression is demonstrated in the patient's Alkaline phosphatase across the prior 3 evaluations.,SUPPORTED,HOLD,relation_extraction
VAL-OOD,S1,S1_d769c958-48e2-d146-9c66-da3d2a0648d6_9279-1_5,A decreasing progression is demonstrated in the patient's Respiratory rate across the prior 3 evaluations.,CONTRADICTED,HOLD,relation_extraction
VAL-OOD,S1,S1_3aeae8b2-3fe0-c770-23b3-a76cab6d0e74_9843-4_0,A decreasing progression is demonstrated in the patient's Head Occipital-frontal circumference across the prior 3 evaluations.,CONTRADICTED,HOLD,relation_extraction
VAL-OOD,S1,S1_ec77d270-ed7e-d393-c2d5-cad04fb8944d_9279-1_5,A decreasing progression is demonstrated in the patient's Respiratory rate across the prior 3 evaluations.,CONTRADICTED,HOLD,relation_extraction
VAL-OOD,S1,S1_381631aa-b9ee-3fef-e263-a08f40809698_39156-5_0,A decreasing progression is demonstrated in the patient's Body mass index (BMI) across the prior 3 evaluations.,CONTRADICTED,HOLD,relation_extraction
VAL-OOD,S1,S1_cd27c35e-3838-2745-e253-b3ba8a1e964c_20565-8_3,"A decreasing progression is demonstrated in the patient's Carbon dioxide, total across the prior 3 evaluations.",CONTRADICTED,HOLD,concept_extraction
VAL-OOD,S1,S1_8bc94087-ab26-aaec-c448-8c016a1567fc_9279-1_0,A decreasing progression is demonstrated in the patient's Respiratory rate across the prior 3 evaluations.,SUPPORTED,HOLD,relation_extraction
VAL-OOD,S1,S1_2afff3af-ca26-6bc7-8d81-5df4722644f2_2085-9_0,A decreasing progression is demonstrated in the patient's Cholesterol in HDL across the prior 3 evaluations.,CONTRADICTED,HOLD,relation_extraction
VAL-OOD,S1,S1_4085fe68-e748-550f-bec1-77cecb8a1198_33914-3_5,A decreasing progression is demonstrated in the patient's Glomerular filtration rate across the prior 3 evaluations.,CONTRADICTED,HOLD,relation_extraction
VAL-OOD,S1,S1_dc4f8811-b951-c43a-d985-7ed4f1e79c05_39156-5_5,A decreasing progression is demonstrated in the patient's Body mass index (BMI) across the prior 3 evaluations.,CONTRADICTED,HOLD,relation_extraction
VAL-OOD,S1,S1_fa56e38d-5de0-89e2-10fe-ee22a1ae6930_5811-5_8,A decreasing progression is demonstrated in the patient's Specific gravity of Urine by Test strip across the prior 3 evaluations.,CONTRADICTED,HOLD,relation_extraction
VAL-OOD,S1,S1_4b7dbb2d-7700-9282-af9a-97ad2f9a0b6f_9279-1_3,A decreasing progression is demonstrated in the patient's Respiratory rate across the prior 3 evaluations.,CONTRADICTED,HOLD,relation_extraction
VAL-OOD,S1,S1_9eefe263-8630-dbaf-6ae5-df45848170a8_39156-5_0,A decreasing progression is demonstrated in the patient's Body mass index (BMI) across the prior 3 evaluations.,CONTRADICTED,HOLD,relation_extraction
VAL-OOD,S1,S1_f1b97c32-2278-d681-7b9b-2d9c9fad9d9f_20565-8_2,"A decreasing progression is demonstrated in the patient's Carbon dioxide, total across the prior 3 evaluations.",CONTRADICTED,HOLD,concept_extraction
VAL-OOD,S1,S1_4e91a238-aeb1-2ca6-c27b-5dd74d730503_4548-4_12,A decreasing progression is demonstrated in the patient's Hemoglobin A1c/Hemoglobin.total in Blood across the prior 3 evaluations.,CONTRADICTED,HOLD,relation_extraction
VAL-OOD,S1,S1_12dc0d0e-b4e2-4a49-f2d3-5ad56cf84a6f_20565-8_10,"A decreasing progression is demonstrated in the patient's Carbon dioxide, total across the prior 3 evaluations.",CONTRADICTED,HOLD,concept_extraction
VAL-OOD,S1,S1_492d3136-b841-bfa2-9cd3-15bf55c7f751_9279-1_4,A decreasing progression is demonstrated in the patient's Respiratory rate across the prior 3 evaluations.,SUPPORTED,HOLD,relation_extraction
VAL-OOD,S1,S1_4085fe68-e748-550f-bec1-77cecb8a1198_6768-6_0,A decreasing progression is demonstrated in the patient's Alkaline phosphatase across the prior 3 evaluations.,CONTRADICTED,HOLD,relation_extraction
VAL-OOD,S1,S1_c720759f-a288-fa5c-1892-ca34ef5f92ac_9279-1_1,A decreasing progression is demonstrated in the patient's Respiratory rate across the prior 3 evaluations.,CONTRADICTED,HOLD,relation_extraction
VAL-OOD,S1,S1_ac3b173e-153a-60e5-2ba9-98f9a41b0901_59460-6_0,A decreasing progression is demonstrated in the patient's Fall risk total across the prior 3 evaluations.,CONTRADICTED,HOLD,relation_extraction
VAL-OOD,S1,S1_18693cbc-d646-af72-23f8-b151866754ab_9279-1_6,A decreasing progression is demonstrated in the patient's Respiratory rate across the prior 3 evaluations.,SUPPORTED,HOLD,relation_extraction
VAL-OOD,S2,S2_2fde87fc-9a99-b25c-f6b0-c93d1e161b77_15,General examination of patient (procedure) took place subsequent to Simvastatin 10 MG Oral Tablet.,SUPPORTED,BLOCK,relation_extraction
VAL-OOD,S2,S2_18693cbc-d646-af72-23f8-b151866754ab_1,Astemizole 10 MG Oral Tablet took place subsequent to Encounter for problem (procedure).,SUPPORTED,BLOCK,relation_extraction
VAL-OOD,S2,S2_8bc94087-ab26-aaec-c448-8c016a1567fc_70,Tobacco smoking status took place earlier than Well child visit (procedure).,SUPPORTED,BLOCK,relation_extraction
VAL-OOD,S2,S2_8bc94087-ab26-aaec-c448-8c016a1567fc_70,Tobacco smoking status took place subsequent to Well child visit (procedure).,CONTRADICTED,PASS,relation_extraction
VAL-OOD,S2,S2_2afff3af-ca26-6bc7-8d81-5df4722644f2_0,General examination of patient (procedure) took place subsequent to Prenatal visit (regime/therapy).,CONTRADICTED,PASS,relation_extraction
VAL-OOD,S2,S2_f89416db-94c1-4f94-d3ed-6189ed887d32_14,Encounter for problem (procedure) took place subsequent to Hospital admission (procedure).,CONTRADICTED,PASS,relation_extraction
VAL-OOD,S2,S2_26d35d86-e218-72c3-e525-dc35ca838390_64,Acetaminophen 325 MG Oral Tablet took place subsequent to Well child visit (procedure).,CONTRADICTED,PASS,relation_extraction
VAL-OOD,S2,S2_0600dbc3-0be0-88ee-f759-92b3e8b13fb6_32,Tobacco smoking status took place earlier than Well child visit (procedure).,SUPPORTED,BLOCK,relation_extraction
VAL-OOD,S2,S2_0600dbc3-0be0-88ee-f759-92b3e8b13fb6_32,Tobacco smoking status took place subsequent to Well child visit (procedure).,CONTRADICTED,PASS,relation_extraction
VAL-OOD,S2,S2_55f397ca-056d-e87c-776a-bae5409c34bc_1,General examination of patient (procedure) took place subsequent to Encounter for symptom (procedure).,SUPPORTED,BLOCK,relation_extraction
VAL-OOD,S2,S2_4e91a238-aeb1-2ca6-c27b-5dd74d730503_9,General examination of patient (procedure) took place subsequent to Encounter for check up (procedure).,SUPPORTED,BLOCK,relation_extraction
VAL-OOD,S2,S2_a7306ef9-2f15-351d-a86f-2eedf4fb96ff_55,Well child visit (procedure) took place subsequent to Encounter for check up (procedure).,SUPPORTED,BLOCK,relation_extraction
VAL-OOD,S2,S2_4e91a238-aeb1-2ca6-c27b-5dd74d730503_6,ferrous sulfate 325 MG Oral Tablet took place earlier than Urgent care clinic (environment).,SUPPORTED,BLOCK,concept_extraction
VAL-OOD,S2,S2_4e91a238-aeb1-2ca6-c27b-5dd74d730503_6,ferrous sulfate 325 MG Oral Tablet took place subsequent to Urgent care clinic (environment).,CONTRADICTED,PASS,concept_extraction
VAL-OOD,S2,S2_48138196-2f91-6098-1083-ed19499dde28_30,Patient Health Questionnaire 2 item (PHQ-2) total score took place subsequent to Encounter for check up (procedure).,CONTRADICTED,PASS,concept_extraction
VAL-OOD,S2,S2_1b9292ca-7868-319c-dbc0-4a4a42024d7b_4,General examination of patient (procedure) took place subsequent to Prenatal initial visit (regime/therapy).,CONTRADICTED,PASS,relation_extraction
VAL-OOD,S2,S2_2fde87fc-9a99-b25c-f6b0-c93d1e161b77_7,General examination of patient (procedure) took place subsequent to Encounter for symptom (procedure).,SUPPORTED,BLOCK,relation_extraction
VAL-OOD,S2,S2_558e0ad4-8f5b-24ba-102d-e32fc61b2365_29,"Protocol for Responding to and Assessing Patients' Assets, Risks, and Experiences took place subsequent to tramadol hydrochloride 50 MG Oral Tablet.",SUPPORTED,BLOCK,concept_extraction
VAL-OOD,S2,S2_558e0ad4-8f5b-24ba-102d-e32fc61b2365_29,"Protocol for Responding to and Assessing Patients' Assets, Risks, and Experiences took place earlier than tramadol hydrochloride 50 MG Oral Tablet.",CONTRADICTED,PASS,concept_extraction
VAL-OOD,S2,S2_059d4a5e-7869-65af-a13d-e49f65e626ee_0,General examination of patient (procedure) took place subsequent to Prenatal visit (regime/therapy).,CONTRADICTED,PASS,relation_extraction
VAL-OOD,S2,S2_dca8a77e-31fa-5cd1-23a9-670b022cbe15_4,Well child visit (procedure) took place subsequent to Encounter for symptom (procedure).,CONTRADICTED,PASS,relation_extraction
VAL-OOD,S2,S2_67224657-6b53-1502-26de-84bd6c31d1b2_12,Encounter for check up (procedure) took place subsequent to General examination of patient (procedure).,CONTRADICTED,PASS,relation_extraction
VAL-OOD,S2,S2_a7306ef9-2f15-351d-a86f-2eedf4fb96ff_9,Well child visit (procedure) took place subsequent to Tobacco smoking status.,SUPPORTED,BLOCK,relation_extraction
VAL-OOD,S2,S2_f1c75e52-1956-a7db-5623-696c75ea49bd_98,Tobacco smoking status took place earlier than Well child visit (procedure).,SUPPORTED,BLOCK,relation_extraction
VAL-OOD,S2,S2_f1c75e52-1956-a7db-5623-696c75ea49bd_98,Tobacco smoking status took place subsequent to Well child visit (procedure).,CONTRADICTED,PASS,relation_extraction
VAL-OOD,S2,S2_2fde87fc-9a99-b25c-f6b0-c93d1e161b77_10,24 HR nicotine 0.292 MG/HR Transdermal System took place subsequent to General examination of patient (procedure).,CONTRADICTED,PASS,relation_extraction
VAL-OOD,S2,S2_0cce6f8e-2868-082b-55c9-abaef0c12a3d_6,lisinopril 10 MG Oral Tablet took place earlier than Follow-up encounter (procedure).,SUPPORTED,BLOCK,relation_extraction
VAL-OOD,S2,S2_c0b49924-7810-29ef-c971-02d175d7bd50_32,Tobacco smoking status took place earlier than Well child visit (procedure).,SUPPORTED,BLOCK,relation_extraction
VAL-OOD,S2,S2_c0b49924-7810-29ef-c971-02d175d7bd50_32,Tobacco smoking status took place subsequent to Well child visit (procedure).,CONTRADICTED,PASS,relation_extraction
VAL-OOD,S2,S2_999be85b-4cce-8605-1a31-d3ab89a1478b_25,Asthma follow-up (regime/therapy) took place subsequent to Encounter for check up (procedure).,SUPPORTED,BLOCK,relation_extraction
VAL-OOD,S2,S2_999be85b-4cce-8605-1a31-d3ab89a1478b_25,Asthma follow-up (regime/therapy) took place earlier than Encounter for check up (procedure).,CONTRADICTED,PASS,relation_extraction
VAL-OOD,S2,S2_39dfa3f0-af3a-7304-b965-7b38c7e45452_23,Well child visit (procedure) took place subsequent to Encounter for check up (procedure).,SUPPORTED,BLOCK,relation_extraction
VAL-OOD,S2,S2_3b956e4e-bd34-0ecc-b0ff-fa9bf7cffea2_15,Encounter for check up (procedure) took place subsequent to Total score.,SUPPORTED,BLOCK,concept_extraction
VAL-OOD,S2,S2_2be1d412-eca7-a732-7523-31c5d9c4642f_11,General examination of patient (procedure) took place subsequent to Simvastatin 10 MG Oral Tablet.,SUPPORTED,BLOCK,relation_extraction
VAL-OOD,S2,S2_4b584028-9e27-ecf0-05a4-6e6a458693b7_25,Patient Health Questionnaire-9: Modified for Teens total score took place subsequent to Generalized anxiety disorder 7 item (GAD-7) total score.,SUPPORTED,BLOCK,concept_extraction
VAL-OOD,S2,S2_381631aa-b9ee-3fef-e263-a08f40809698_1,Emergency room admission (procedure) took place subsequent to Emergency hospital admission (procedure).,SUPPORTED,BLOCK,relation_extraction
VAL-OOD,S2,S2_a303d83e-435d-643a-948a-6b38e7b47dcb_5,Encounter for problem (procedure) took place subsequent to General examination of patient (procedure).,SUPPORTED,BLOCK,relation_extraction
VAL-OOD,S2,S2_a16eda23-b24e-5b3f-ee7e-96578b69e8cb_89,Peanut IgE Ab took place subsequent to Encounter for problem (procedure).,SUPPORTED,BLOCK,relation_extraction
VAL-OOD,S2,S2_69be2004-fee7-e16d-da17-c8048f0129af_55,Encounter for check up (procedure) took place subsequent to Tobacco smoking status.,SUPPORTED,BLOCK,relation_extraction
VAL-OOD,S2,S2_fdfaeb18-0f47-7cb6-a2a9-d71a37bde175_1,General examination of patient (procedure) took place subsequent to Emergency room admission (procedure).,SUPPORTED,BLOCK,relation_extraction
VAL-OOD,S2,S2_2afff3af-ca26-6bc7-8d81-5df4722644f2_22,Generalized anxiety disorder 7 item (GAD-7) total score took place subsequent to Patient Health Questionnaire 2 item (PHQ-2) total score.,CONTRADICTED,PASS,concept_extraction
VAL-OOD,S2,S2_2afff3af-ca26-6bc7-8d81-5df4722644f2_1,General examination of patient (procedure) took place subsequent to Prenatal visit (regime/therapy).,SUPPORTED,BLOCK,relation_extraction
VAL-OOD,S2,S2_52c362d6-af16-7bfd-0c1c-728560edf25f_28,Generalized anxiety disorder 7 item (GAD-7) total score took place subsequent to Patient Health Questionnaire 2 item (PHQ-2) total score.,CONTRADICTED,PASS,concept_extraction
VAL-OOD,S2,S2_bace887c-5e17-a2f3-9357-a302191ef44b_0,General examination of patient (procedure) took place subsequent to Consultation for treatment (procedure).,CONTRADICTED,PASS,relation_extraction
VAL-OOD,S2,S2_fdfaeb18-0f47-7cb6-a2a9-d71a37bde175_29,"Protocol for Responding to and Assessing Patients' Assets, Risks, and Experiences took place subsequent to Tobacco smoking status.",SUPPORTED,BLOCK,relation_extraction
VAL-OOD,S2,S2_fdfaeb18-0f47-7cb6-a2a9-d71a37bde175_29,"Protocol for Responding to and Assessing Patients' Assets, Risks, and Experiences took place earlier than Tobacco smoking status.",CONTRADICTED,PASS,relation_extraction
VAL-OOD,S2,S2_0bafb561-dbd2-bd7f-922c-4005dbbf10c0_35,Well child visit (procedure) took place subsequent to Acetaminophen 160 MG Chewable Tablet.,SUPPORTED,BLOCK,relation_extraction
VAL-OOD,S2,S2_dca8a77e-31fa-5cd1-23a9-670b022cbe15_5,Well child visit (procedure) took place subsequent to Encounter for symptom (procedure).,SUPPORTED,BLOCK,relation_extraction
VAL-OOD,S2,S2_4b7dbb2d-7700-9282-af9a-97ad2f9a0b6f_7,General examination of patient (procedure) took place subsequent to Vitamin B12 5 MG/ML Injectable Solution.,SUPPORTED,BLOCK,relation_extraction
VAL-OOD,S2,S2_0cce6f8e-2868-082b-55c9-abaef0c12a3d_2,General examination of patient (procedure) took place subsequent to Prenatal visit (regime/therapy).,CONTRADICTED,PASS,relation_extraction
VAL-OOD,S2,S2_8dc51bf3-9bb4-0358-8ebc-edd4be2cc5b9_53,Encounter for symptom (procedure) took place subsequent to Encounter for check up (procedure).,SUPPORTED,BLOCK,relation_extraction
VAL-OOD,S2,S2_4b7dbb2d-7700-9282-af9a-97ad2f9a0b6f_1,General examination of patient (procedure) took place subsequent to Encounter for symptom (procedure).,SUPPORTED,BLOCK,relation_extraction
VAL-OOD,S2,S2_12dc0d0e-b4e2-4a49-f2d3-5ad56cf84a6f_57,General examination of patient (procedure) took place subsequent to Encounter for check up (procedure).,SUPPORTED,BLOCK,relation_extraction
VAL-OOD,S2,S2_55f397ca-056d-e87c-776a-bae5409c34bc_26,"Protocol for Responding to and Assessing Patients' Assets, Risks, and Experiences took place earlier than Generalized anxiety disorder 7 item (GAD-7) total score.",SUPPORTED,BLOCK,concept_extraction
VAL-OOD,S2,S2_55f397ca-056d-e87c-776a-bae5409c34bc_26,"Protocol for Responding to and Assessing Patients' Assets, Risks, and Experiences took place subsequent to Generalized anxiety disorder 7 item (GAD-7) total score.",CONTRADICTED,PASS,concept_extraction
VAL-OOD,S2,S2_cf939d95-5c44-3acb-761b-f2fa97fe53cb_3,General examination of patient (procedure) took place subsequent to Prenatal visit (regime/therapy).,SUPPORTED,BLOCK,relation_extraction
VAL-OOD,S2,S2_52c362d6-af16-7bfd-0c1c-728560edf25f_29,Total score took place subsequent to Patient Health Questionnaire 2 item (PHQ-2) total score.,SUPPORTED,BLOCK,concept_extraction
VAL-OOD,S2,S2_d769c958-48e2-d146-9c66-da3d2a0648d6_65,Well child visit (procedure) took place subsequent to Tobacco smoking status.,SUPPORTED,BLOCK,relation_extraction
VAL-OOD,S2,S2_05d82f23-e25f-883c-4654-e50f9630cb94_3,General examination of patient (procedure) took place subsequent to Encounter for problem (procedure).,SUPPORTED,BLOCK,relation_extraction
VAL-OOD,S2,S2_ec77d270-ed7e-d393-c2d5-cad04fb8944d_6,{28 (norethindrone 0.35 MG Oral Tablet) } Pack took place subsequent to General examination of patient (procedure).,CONTRADICTED,PASS,relation_extraction
VAL-OOD,S2,S2_8f2afb80-fce6-738c-c04f-d31a3629a8e8_78,Tobacco smoking status took place earlier than Well child visit (procedure).,SUPPORTED,BLOCK,relation_extraction
VAL-OOD,S2,S2_8f2afb80-fce6-738c-c04f-d31a3629a8e8_78,Tobacco smoking status took place subsequent to Well child visit (procedure).,CONTRADICTED,PASS,relation_extraction
VAL-OOD,S2,S2_b54ec258-afa9-ef86-3979-c471d433e390_2,General examination of patient (procedure) took place subsequent to Admission to surgical department (procedure).,CONTRADICTED,PASS,relation_extraction
VAL-OOD,S2,S2_18e63129-fa81-553c-d1a9-7f474170964b_38,"amLODIPine 2.5 MG Oral Tablet took place earlier than Protocol for Responding to and Assessing Patients' Assets, Risks, and Experiences.",SUPPORTED,BLOCK,relation_extraction
VAL-OOD,S2,S2_18e63129-fa81-553c-d1a9-7f474170964b_38,"amLODIPine 2.5 MG Oral Tablet took place subsequent to Protocol for Responding to and Assessing Patients' Assets, Risks, and Experiences.",CONTRADICTED,PASS,relation_extraction
VAL-OOD,S2,S2_9b51cdee-c6fc-a37a-9b4a-91516e0c822a_11,Simvastatin 20 MG Oral Tablet took place subsequent to General examination of patient (procedure).,SUPPORTED,BLOCK,relation_extraction
VAL-OOD,S2,S2_dc4f8811-b951-c43a-d985-7ed4f1e79c05_0,Well child visit (procedure) took place subsequent to General examination of patient (procedure).,CONTRADICTED,PASS,relation_extraction
VAL-OOD,S2,S2_558e0ad4-8f5b-24ba-102d-e32fc61b2365_30,"Protocol for Responding to and Assessing Patients' Assets, Risks, and Experiences took place earlier than Generalized anxiety disorder 7 item (GAD-7) total score.",SUPPORTED,BLOCK,concept_extraction
VAL-OOD,S2,S2_558e0ad4-8f5b-24ba-102d-e32fc61b2365_30,"Protocol for Responding to and Assessing Patients' Assets, Risks, and Experiences took place subsequent to Generalized anxiety disorder 7 item (GAD-7) total score.",CONTRADICTED,PASS,concept_extraction
VAL-OOD,S2,S2_a84330bb-c2b4-102a-fc0c-e0fe4bd4a68b_0,Encounter for check up (procedure) took place subsequent to General examination of patient (procedure).,CONTRADICTED,PASS,relation_extraction
VAL-OOD,S2,S2_cf939d95-5c44-3acb-761b-f2fa97fe53cb_10,Pregnancy status took place earlier than Prenatal initial visit (regime/therapy).,SUPPORTED,BLOCK,relation_extraction
VAL-OOD,S2,S2_cf939d95-5c44-3acb-761b-f2fa97fe53cb_10,Pregnancy status took place subsequent to Prenatal initial visit (regime/therapy).,CONTRADICTED,PASS,relation_extraction
VAL-OOD,S2,S2_059d4a5e-7869-65af-a13d-e49f65e626ee_1,General examination of patient (procedure) took place subsequent to Prenatal visit (regime/therapy).,SUPPORTED,BLOCK,relation_extraction
VAL-OOD,S2,S2_88e24f16-78a3-6ff2-9bf6-b5131a17e1b5_23,Acetaminophen 21.7 MG/ML / Dextromethorphan Hydrobromide 1 MG/ML / doxylamine succinate 0.417 MG/ML Oral Solution took place subsequent to Encounter for symptom (procedure).,SUPPORTED,BLOCK,relation_extraction
VAL-OOD,S2,S2_88e24f16-78a3-6ff2-9bf6-b5131a17e1b5_23,Acetaminophen 21.7 MG/ML / Dextromethorphan Hydrobromide 1 MG/ML / doxylamine succinate 0.417 MG/ML Oral Solution took place earlier than Encounter for symptom (procedure).,CONTRADICTED,PASS,relation_extraction
VAL-OOD,S2,S2_fdfaeb18-0f47-7cb6-a2a9-d71a37bde175_31,Total score took place subsequent to Generalized anxiety disorder 7 item (GAD-7) total score.,SUPPORTED,BLOCK,concept_extraction
VAL-OOD,S2,S2_671887bb-8702-52bc-1caa-9e44f571f935_88,Tobacco smoking status took place earlier than Emergency room admission (procedure).,SUPPORTED,BLOCK,relation_extraction
VAL-OOD,S2,S2_671887bb-8702-52bc-1caa-9e44f571f935_88,Tobacco smoking status took place subsequent to Emergency room admission (procedure).,CONTRADICTED,PASS,relation_extraction
VAL-OOD,S2,S2_1df1fea5-36a7-c925-195c-d03a69032e71_5,Admission to surgical department (procedure) took place subsequent to General examination of patient (procedure).,SUPPORTED,BLOCK,relation_extraction
VAL-OOD,S2,S2_3aeae8b2-3fe0-c770-23b3-a76cab6d0e74_80,Emergency room admission (procedure) took place subsequent to Acetaminophen 160 MG Chewable Tablet.,CONTRADICTED,PASS,relation_extraction
VAL-OOD,S2,S2_add6e4d9-b887-4b1d-253b-97574bf511ea_54,Tobacco smoking status took place earlier than Patient Health Questionnaire-9: Modified for Teens total score.,SUPPORTED,BLOCK,concept_extraction
VAL-OOD,S2,S2_add6e4d9-b887-4b1d-253b-97574bf511ea_54,Tobacco smoking status took place subsequent to Patient Health Questionnaire-9: Modified for Teens total score.,CONTRADICTED,PASS,concept_extraction
VAL-OOD,S2,S2_8f33048a-181d-effa-7017-35ed5bcf96d8_5,General examination of patient (procedure) took place subsequent to Follow-up encounter (procedure).,SUPPORTED,BLOCK,relation_extraction
VAL-OOD,S2,S2_8f33048a-181d-effa-7017-35ed5bcf96d8_5,General examination of patient (procedure) took place earlier than Follow-up encounter (procedure).,CONTRADICTED,PASS,relation_extraction
VAL-OOD,S2,S2_8d0f8613-b58d-8904-0ddc-6aeea9049906_22,Encounter for check up (procedure) took place subsequent to Well child visit (procedure).,CONTRADICTED,PASS,relation_extraction
VAL-OOD,S2,S2_b180ae2e-febd-087c-eb33-217eeeaf16b7_54,Tobacco smoking status took place earlier than Well child visit (procedure).,SUPPORTED,BLOCK,relation_extraction
VAL-OOD,S2,S2_b180ae2e-febd-087c-eb33-217eeeaf16b7_54,Tobacco smoking status took place subsequent to Well child visit (procedure).,CONTRADICTED,PASS,relation_extraction
VAL-OOD,S2,S2_8f33048a-181d-effa-7017-35ed5bcf96d8_0,Emergency room admission (procedure) took place subsequent to General examination of patient (procedure).,CONTRADICTED,PASS,relation_extraction
VAL-OOD,S2,S2_1e350ee8-0d9f-d194-ea61-d175ce5156e2_9,Encounter for problem (procedure) took place subsequent to Nitroglycerin 0.4 MG/ACTUAT Mucosal Spray.,SUPPORTED,BLOCK,relation_extraction
VAL-OOD,S2,S2_4085fe68-e748-550f-bec1-77cecb8a1198_3,General examination of patient (procedure) took place subsequent to Admission to surgical department (procedure).,SUPPORTED,BLOCK,relation_extraction
VAL-OOD,S2,S2_8bc94087-ab26-aaec-c448-8c016a1567fc_83,Well child visit (procedure) took place subsequent to Tobacco smoking status.,SUPPORTED,BLOCK,relation_extraction
VAL-OOD,S2,S2_2be1d412-eca7-a732-7523-31c5d9c4642f_5,General examination of patient (procedure) took place subsequent to Urgent care clinic (environment).,SUPPORTED,BLOCK,concept_extraction
VAL-OOD,S2,S2_96a807e2-0504-b50d-3c7a-d691d66ca218_27,Encounter for problem (procedure) took place subsequent to HIV 1 Ab.,SUPPORTED,BLOCK,relation_extraction
VAL-OOD,S2,S2_96a807e2-0504-b50d-3c7a-d691d66ca218_27,Encounter for problem (procedure) took place earlier than HIV 1 Ab.,CONTRADICTED,PASS,relation_extraction
VAL-OOD,S2,S2_2be1d412-eca7-a732-7523-31c5d9c4642f_3,Encounter for symptom (procedure) took place subsequent to General examination of patient (procedure).,SUPPORTED,BLOCK,relation_extraction
VAL-OOD,S2,S2_1b1be498-8833-65d6-53f8-b872dc2c7e9a_0,Encounter for symptom (procedure) took place subsequent to General examination of patient (procedure).,CONTRADICTED,PASS,relation_extraction
VAL-OOD,S2,S2_26d35d86-e218-72c3-e525-dc35ca838390_62,Tobacco smoking status took place earlier than Encounter for symptom (procedure).,SUPPORTED,BLOCK,relation_extraction
VAL-OOD,S2,S2_26d35d86-e218-72c3-e525-dc35ca838390_62,Tobacco smoking status took place subsequent to Encounter for symptom (procedure).,CONTRADICTED,PASS,relation_extraction
VAL-OOD,S2,S2_9234d506-8bab-aef8-c3e8-a5d857014018_26,Emergency room admission (procedure) took place subsequent to Encounter for check up (procedure).,CONTRADICTED,PASS,relation_extraction
VAL-OOD,S2,S2_f1c75e52-1956-a7db-5623-696c75ea49bd_87,Well child visit (procedure) took place subsequent to Tobacco smoking status.,SUPPORTED,BLOCK,relation_extraction
VAL-OOD,S2,S2_a121a579-1ee5-f5e7-f923-ee423e1221af_21,Encounter for check up (procedure) took place subsequent to Patient Health Questionnaire 2 item (PHQ-2) total score.,SUPPORTED,BLOCK,concept_extraction
VAL-OOD,S2,S2_a121a579-1ee5-f5e7-f923-ee423e1221af_21,Encounter for check up (procedure) took place earlier than Patient Health Questionnaire 2 item (PHQ-2) total score.,CONTRADICTED,PASS,concept_extraction
VAL-OOD,S2,S2_05d82f23-e25f-883c-4654-e50f9630cb94_0,Encounter for check up (procedure) took place subsequent to General examination of patient (procedure).,CONTRADICTED,PASS,relation_extraction
VAL-OOD,S2,S2_52c362d6-af16-7bfd-0c1c-728560edf25f_26,"Tobacco smoking status took place earlier than Protocol for Responding to and Assessing Patients' Assets, Risks, and Experiences.",SUPPORTED,BLOCK,relation_extraction
VAL-OOD,S2,S2_52c362d6-af16-7bfd-0c1c-728560edf25f_26,"Tobacco smoking status took place subsequent to Protocol for Responding to and Assessing Patients' Assets, Risks, and Experiences.",CONTRADICTED,PASS,relation_extraction
VAL-OOD,S2,S2_52c362d6-af16-7bfd-0c1c-728560edf25f_0,Encounter for symptom (procedure) took place subsequent to General examination of patient (procedure).,CONTRADICTED,PASS,relation_extraction
VAL-OOD,S2,S2_26d35d86-e218-72c3-e525-dc35ca838390_52,Encounter for check up (procedure) took place subsequent to Well child visit (procedure).,CONTRADICTED,PASS,relation_extraction
VAL-OOD,S2,S2_cf939d95-5c44-3acb-761b-f2fa97fe53cb_9,Pregnancy status took place subsequent to Patient encounter procedure (procedure).,SUPPORTED,BLOCK,relation_extraction
VAL-OOD,S2,S2_cf939d95-5c44-3acb-761b-f2fa97fe53cb_9,Pregnancy status took place earlier than Patient encounter procedure (procedure).,CONTRADICTED,PASS,relation_extraction
VAL-OOD,S2,S2_3aeae8b2-3fe0-c770-23b3-a76cab6d0e74_35,Well child visit (procedure) took place subsequent to Acetaminophen 160 MG Chewable Tablet.,SUPPORTED,BLOCK,relation_extraction
VAL-OOD,S2,S2_0600dbc3-0be0-88ee-f759-92b3e8b13fb6_21,Well child visit (procedure) took place subsequent to Tobacco smoking status.,SUPPORTED,BLOCK,relation_extraction
VAL-OOD,S2,S2_20b5f86e-c56c-867d-e53a-7c5d9a809f02_90,Tobacco smoking status took place earlier than Well child visit (procedure).,SUPPORTED,BLOCK,relation_extraction
VAL-OOD,S2,S2_20b5f86e-c56c-867d-e53a-7c5d9a809f02_90,Tobacco smoking status took place subsequent to Well child visit (procedure).,CONTRADICTED,PASS,relation_extraction
VAL-OOD,S2,S2_64910a1e-90fc-dfee-29e5-97f86a6be660_26,Generalized anxiety disorder 7 item (GAD-7) total score took place subsequent to Patient Health Questionnaire 2 item (PHQ-2) total score.,CONTRADICTED,PASS,concept_extraction
VAL-OOD,S2,S2_d8dab272-df03-c1bf-0dbf-4f163227def4_7,General examination of patient (procedure) took place subsequent to Encounter for check up (procedure).,SUPPORTED,BLOCK,relation_extraction
VAL-OOD,S2,S2_ab7f04e1-4167-33b1-eb0b-efe7d1a29989_5,General examination of patient (procedure) took place subsequent to Encounter for problem (procedure).,SUPPORTED,BLOCK,relation_extraction
VAL-OOD,S2,S2_48f6bee6-4128-a40f-1dc5-90e4375c89d3_4,Well child visit (procedure) took place subsequent to General examination of patient (procedure).,CONTRADICTED,PASS,relation_extraction
VAL-OOD,S2,S2_fad006ec-3fa3-256a-d410-934d7204aa24_3,Follow-up encounter (procedure) took place subsequent to Encounter for problem (procedure).,SUPPORTED,BLOCK,relation_extraction
VAL-OOD,S2,S2_fad006ec-3fa3-256a-d410-934d7204aa24_3,Follow-up encounter (procedure) took place earlier than Encounter for problem (procedure).,CONTRADICTED,PASS,relation_extraction
VAL-OOD,S2,S2_f210e2cd-0e3c-b243-a75a-0e4970ed4038_21,Well child visit (procedure) took place subsequent to Tobacco smoking status.,SUPPORTED,BLOCK,relation_extraction
VAL-OOD,S2,S2_b5280785-d647-1ee7-6c20-a175bd717aed_16,"Tobacco smoking status took place earlier than Protocol for Responding to and Assessing Patients' Assets, Risks, and Experiences.",SUPPORTED,BLOCK,relation_extraction
VAL-OOD,S2,S2_b5280785-d647-1ee7-6c20-a175bd717aed_16,"Tobacco smoking status took place subsequent to Protocol for Responding to and Assessing Patients' Assets, Risks, and Experiences.",CONTRADICTED,PASS,relation_extraction
VAL-OOD,S2,S2_18e63129-fa81-553c-d1a9-7f474170964b_42,Patient Health Questionnaire 2 item (PHQ-2) total score took place subsequent to Total score.,CONTRADICTED,PASS,concept_extraction
VAL-OOD,S2,S2_671887bb-8702-52bc-1caa-9e44f571f935_66,Tobacco smoking status took place earlier than Well child visit (procedure).,SUPPORTED,BLOCK,relation_extraction
VAL-OOD,S2,S2_671887bb-8702-52bc-1caa-9e44f571f935_66,Tobacco smoking status took place subsequent to Well child visit (procedure).,CONTRADICTED,PASS,relation_extraction
VAL-OOD,S2,S2_c877a67a-3d7b-a8b7-212e-8fdbd565f99a_24,Emergency room admission (procedure) took place subsequent to Encounter for symptom (procedure).,CONTRADICTED,PASS,relation_extraction
VAL-OOD,S2,S2_ac3b173e-153a-60e5-2ba9-98f9a41b0901_6,Encounter for problem (procedure) took place subsequent to General examination of patient (procedure).,CONTRADICTED,PASS,relation_extraction
VAL-OOD,S2,S2_b4c085cb-69de-91bc-81e5-2696efd5899d_16,Total score took place subsequent to Encounter for check up (procedure).,CONTRADICTED,PASS,concept_extraction
VAL-OOD,S2,S2_bace887c-5e17-a2f3-9357-a302191ef44b_52,"Bacteria identified in Urine by Culture took place subsequent to nitrofurantoin, macrocrystals 25 MG / nitrofurantoin, monohydrate 75 MG Oral Capsule.",CONTRADICTED,PASS,relation_extraction
VAL-OOD,S2,S2_9b51cdee-c6fc-a37a-9b4a-91516e0c822a_8,Encounter for problem (procedure) took place subsequent to General examination of patient (procedure).,CONTRADICTED,PASS,relation_extraction
VAL-OOD,S2,S2_2f199102-8309-e6c4-7d0f-d8f61dbbb039_43,Well child visit (procedure) took place subsequent to Tobacco smoking status.,SUPPORTED,BLOCK,relation_extraction
VAL-OOD,S2,S2_8ddfd245-750f-8c5c-af5f-15ce76af2969_1,Encounter for check up (procedure) took place subsequent to Encounter for symptom (procedure).,SUPPORTED,BLOCK,relation_extraction
VAL-OOD,S2,S2_50c730e1-fcea-aebb-e927-312ca5d5e714_41,Encounter for check up (procedure) took place subsequent to Patient Health Questionnaire 2 item (PHQ-2) total score.,SUPPORTED,BLOCK,concept_extraction
VAL-OOD,S2,S2_50c730e1-fcea-aebb-e927-312ca5d5e714_41,Encounter for check up (procedure) took place earlier than Patient Health Questionnaire 2 item (PHQ-2) total score.,CONTRADICTED,PASS,concept_extraction
VAL-OOD,S2,S2_c0b49924-7810-29ef-c971-02d175d7bd50_90,Tobacco smoking status took place earlier than Well child visit (procedure).,SUPPORTED,BLOCK,relation_extraction
VAL-OOD,S2,S2_c0b49924-7810-29ef-c971-02d175d7bd50_90,Tobacco smoking status took place subsequent to Well child visit (procedure).,CONTRADICTED,PASS,relation_extraction
VAL-OOD,S2,S2_999be85b-4cce-8605-1a31-d3ab89a1478b_4,Encounter for problem (procedure) took place subsequent to Encounter for symptom (procedure).,CONTRADICTED,PASS,relation_extraction
VAL-OOD,S2,S2_91b4e250-d3cb-c15f-f155-853277626129_3,General examination of patient (procedure) took place subsequent to Encounter for problem (procedure).,SUPPORTED,BLOCK,relation_extraction
VAL-OOD,S2,S2_1df1fea5-36a7-c925-195c-d03a69032e71_3,Encounter for check up (procedure) took place subsequent to Encounter for problem (procedure).,SUPPORTED,BLOCK,relation_extraction
VAL-OOD,S2,S2_f89416db-94c1-4f94-d3ed-6189ed887d32_7,Encounter for check up (procedure) took place subsequent to Simvastatin 10 MG Oral Tablet.,SUPPORTED,BLOCK,relation_extraction
VAL-OOD,S2,S2_f1c75e52-1956-a7db-5623-696c75ea49bd_43,Well child visit (procedure) took place subsequent to Tobacco smoking status.,SUPPORTED,BLOCK,relation_extraction
VAL-OOD,S2,S2_ba78623c-3003-bfb2-aa9f-db34def12f80_15,"Protocol for Responding to and Assessing Patients' Assets, Risks, and Experiences took place subsequent to Tobacco smoking status.",SUPPORTED,BLOCK,relation_extraction
VAL-OOD,S2,S2_ba78623c-3003-bfb2-aa9f-db34def12f80_15,"Protocol for Responding to and Assessing Patients' Assets, Risks, and Experiences took place earlier than Tobacco smoking status.",CONTRADICTED,PASS,relation_extraction
VAL-OOD,S2,S2_f1b97c32-2278-d681-7b9b-2d9c9fad9d9f_10,Acetaminophen 325 MG Oral Tablet took place subsequent to General examination of patient (procedure).,CONTRADICTED,PASS,relation_extraction
VAL-OOD,S2,S2_fad006ec-3fa3-256a-d410-934d7204aa24_1,Prenatal visit (regime/therapy) took place subsequent to General examination of patient (procedure).,SUPPORTED,BLOCK,relation_extraction
VAL-OOD,S2,S2_b54ec258-afa9-ef86-3979-c471d433e390_6,ferrous sulfate 325 MG Oral Tablet took place earlier than Encounter for symptom (procedure).,SUPPORTED,BLOCK,relation_extraction
VAL-OOD,S2,S2_b54ec258-afa9-ef86-3979-c471d433e390_6,ferrous sulfate 325 MG Oral Tablet took place subsequent to Encounter for symptom (procedure).,CONTRADICTED,PASS,relation_extraction
VAL-OOD,S2,S2_12dc0d0e-b4e2-4a49-f2d3-5ad56cf84a6f_54,"Protocol for Responding to and Assessing Patients' Assets, Risks, and Experiences took place earlier than Follow-up encounter (procedure).",SUPPORTED,BLOCK,relation_extraction
VAL-OOD,S2,S2_2afff3af-ca26-6bc7-8d81-5df4722644f2_5,Consultation for treatment (procedure) took place subsequent to {5 (dienogest 2 MG / estradiol valerate 2 MG Oral Tablet) / 17 (dienogest 3 MG / estradiol valerate 2 MG Oral Tablet) / 2 (estradiol valerate 1 MG Oral Tablet) / 2 (estradiol valerate 3 MG Oral Tablet) / 2 (inert ingredients 1 MG Oral Tablet) } Pack.,SUPPORTED,BLOCK,relation_extraction
VAL-OOD,S2,S2_1e350ee8-0d9f-d194-ea61-d175ce5156e2_31,"Protocol for Responding to and Assessing Patients' Assets, Risks, and Experiences took place subsequent to Tobacco smoking status.",SUPPORTED,BLOCK,relation_extraction
VAL-OOD,S2,S2_1e350ee8-0d9f-d194-ea61-d175ce5156e2_31,"Protocol for Responding to and Assessing Patients' Assets, Risks, and Experiences took place earlier than Tobacco smoking status.",CONTRADICTED,PASS,relation_extraction
VAL-OOD,S2,S2_999be85b-4cce-8605-1a31-d3ab89a1478b_3,Encounter for problem (procedure) took place subsequent to NDA020800 0.3 ML Epinephrine 1 MG/ML Auto-Injector.,SUPPORTED,BLOCK,relation_extraction
VAL-OOD,S2,S2_69be2004-fee7-e16d-da17-c8048f0129af_12,Ibuprofen 100 MG Oral Tablet took place subsequent to Well child visit (procedure).,CONTRADICTED,PASS,relation_extraction
VAL-OOD,S2,S2_ba78623c-3003-bfb2-aa9f-db34def12f80_16,"Protocol for Responding to and Assessing Patients' Assets, Risks, and Experiences took place earlier than Patient Health Questionnaire 2 item (PHQ-2) total score.",SUPPORTED,BLOCK,concept_extraction
VAL-OOD,S2,S2_ba78623c-3003-bfb2-aa9f-db34def12f80_16,"Protocol for Responding to and Assessing Patients' Assets, Risks, and Experiences took place subsequent to Patient Health Questionnaire 2 item (PHQ-2) total score.",CONTRADICTED,PASS,concept_extraction
VAL-OOD,S2,S2_c877a67a-3d7b-a8b7-212e-8fdbd565f99a_27,Well child visit (procedure) took place subsequent to Encounter for check up (procedure).,SUPPORTED,BLOCK,relation_extraction
VAL-OOD,S2,S2_d769c958-48e2-d146-9c66-da3d2a0648d6_32,Tobacco smoking status took place earlier than Well child visit (procedure).,SUPPORTED,BLOCK,relation_extraction
VAL-OOD,S2,S2_d769c958-48e2-d146-9c66-da3d2a0648d6_32,Tobacco smoking status took place subsequent to Well child visit (procedure).,CONTRADICTED,PASS,relation_extraction
VAL-OOD,S2,S2_2595af4c-f6b6-3761-60ea-4d68138267be_33,Encounter for check up (procedure) took place subsequent to Patient Health Questionnaire-9: Modified for Teens total score.,SUPPORTED,BLOCK,concept_extraction
VAL-OOD,S2,S2_2595af4c-f6b6-3761-60ea-4d68138267be_33,Encounter for check up (procedure) took place earlier than Patient Health Questionnaire-9: Modified for Teens total score.,CONTRADICTED,PASS,concept_extraction
VAL-OOD,S2,S2_c877a67a-3d7b-a8b7-212e-8fdbd565f99a_13,Well child visit (procedure) took place subsequent to Tobacco smoking status.,SUPPORTED,BLOCK,relation_extraction
VAL-OOD,S2,S2_8f33048a-181d-effa-7017-35ed5bcf96d8_2,Encounter for problem (procedure) took place subsequent to Vitamin B12 5 MG/ML Injectable Solution.,CONTRADICTED,PASS,relation_extraction
VAL-OOD,S2,S2_9b51cdee-c6fc-a37a-9b4a-91516e0c822a_0,Prenatal visit (regime/therapy) took place subsequent to General examination of patient (procedure).,CONTRADICTED,PASS,relation_extraction
VAL-OOD,S2,S2_a16eda23-b24e-5b3f-ee7e-96578b69e8cb_21,Well child visit (procedure) took place subsequent to Tobacco smoking status.,SUPPORTED,BLOCK,relation_extraction
VAL-OOD,S2,S2_e69020cc-edfa-b575-66a9-30df9e83e1ec_17,Well child visit (procedure) took place subsequent to Tobacco smoking status.,SUPPORTED,BLOCK,relation_extraction
VAL-OOD,S2,S2_2fde87fc-9a99-b25c-f6b0-c93d1e161b77_13,Follow-up encounter (procedure) took place subsequent to lisinopril 10 MG Oral Tablet.,SUPPORTED,BLOCK,relation_extraction
VAL-OOD,S2,S2_2fde87fc-9a99-b25c-f6b0-c93d1e161b77_13,Follow-up encounter (procedure) took place earlier than lisinopril 10 MG Oral Tablet.,CONTRADICTED,PASS,relation_extraction
VAL-OOD,S2,S2_a16eda23-b24e-5b3f-ee7e-96578b69e8cb_76,Tobacco smoking status took place earlier than Well child visit (procedure).,SUPPORTED,BLOCK,relation_extraction
VAL-OOD,S2,S2_a16eda23-b24e-5b3f-ee7e-96578b69e8cb_76,Tobacco smoking status took place subsequent to Well child visit (procedure).,CONTRADICTED,PASS,relation_extraction
VAL-OOD,S2,S2_12dc0d0e-b4e2-4a49-f2d3-5ad56cf84a6f_5,Follow-up encounter (procedure) took place subsequent to Encounter for problem (procedure).,SUPPORTED,BLOCK,relation_extraction
VAL-OOD,S2,S2_12dc0d0e-b4e2-4a49-f2d3-5ad56cf84a6f_5,Follow-up encounter (procedure) took place earlier than Encounter for problem (procedure).,CONTRADICTED,PASS,relation_extraction
VAL-OOD,S2,S2_ba78623c-3003-bfb2-aa9f-db34def12f80_44,"Protocol for Responding to and Assessing Patients' Assets, Risks, and Experiences took place earlier than Patient Health Questionnaire 2 item (PHQ-2) total score.",SUPPORTED,BLOCK,concept_extraction
VAL-OOD,S2,S2_ba78623c-3003-bfb2-aa9f-db34def12f80_44,"Protocol for Responding to and Assessing Patients' Assets, Risks, and Experiences took place subsequent to Patient Health Questionnaire 2 item (PHQ-2) total score.",CONTRADICTED,PASS,concept_extraction
VAL-OOD,S2,S2_8f2afb80-fce6-738c-c04f-d31a3629a8e8_56,Tobacco smoking status took place earlier than Well child visit (procedure).,SUPPORTED,BLOCK,relation_extraction
VAL-OOD,S2,S2_8f2afb80-fce6-738c-c04f-d31a3629a8e8_56,Tobacco smoking status took place subsequent to Well child visit (procedure).,CONTRADICTED,PASS,relation_extraction
VAL-OOD,S2,S2_64910a1e-90fc-dfee-29e5-97f86a6be660_5,General examination of patient (procedure) took place subsequent to {28 (norethindrone 0.35 MG Oral Tablet) } Pack.,SUPPORTED,BLOCK,relation_extraction
VAL-OOD,S2,S2_1b9292ca-7868-319c-dbc0-4a4a42024d7b_8,General examination of patient (procedure) took place subsequent to Admission to surgical department (procedure).,CONTRADICTED,PASS,relation_extraction
VAL-OOD,S2,S2_1b1be498-8833-65d6-53f8-b872dc2c7e9a_7,Patient encounter procedure (procedure) took place subsequent to Consultation for treatment (procedure).,SUPPORTED,BLOCK,relation_extraction
VAL-OOD,S2,S2_c18cb5a7-08de-d1f9-8d5c-08fb1057df07_9,General examination of patient (procedure) took place subsequent to Acetaminophen 300 MG / Hydrocodone Bitartrate 5 MG Oral Tablet.,SUPPORTED,BLOCK,relation_extraction
VAL-OOD,S2,S2_18693cbc-d646-af72-23f8-b151866754ab_3,Prenatal initial visit (regime/therapy) took place subsequent to General examination of patient (procedure).,SUPPORTED,BLOCK,relation_extraction
VAL-OOD,S2,S2_18693cbc-d646-af72-23f8-b151866754ab_3,Prenatal initial visit (regime/therapy) took place earlier than General examination of patient (procedure).,CONTRADICTED,PASS,relation_extraction
VAL-OOD,S2,S2_cf939d95-5c44-3acb-761b-f2fa97fe53cb_4,General examination of patient (procedure) took place subsequent to Encounter for symptom (procedure).,CONTRADICTED,PASS,relation_extraction
VAL-OOD,S2,S2_48138196-2f91-6098-1083-ed19499dde28_7,Encounter for problem (procedure) took place subsequent to General examination of patient (procedure).,SUPPORTED,BLOCK,relation_extraction
VAL-OOD,S2,S2_a303d83e-435d-643a-948a-6b38e7b47dcb_2,Emergency room admission (procedure) took place subsequent to Acetaminophen 325 MG / oxyCODONE Hydrochloride 5 MG Oral Tablet.,CONTRADICTED,PASS,concept_extraction
VAL-OOD,S2,S2_cd27c35e-3838-2745-e253-b3ba8a1e964c_3,Well child visit (procedure) took place subsequent to Encounter for problem (procedure).,SUPPORTED,BLOCK,relation_extraction
VAL-OOD,S2,S2_2be1d412-eca7-a732-7523-31c5d9c4642f_9,Follow-up encounter (procedure) took place subsequent to General examination of patient (procedure).,SUPPORTED,BLOCK,relation_extraction
VAL-OOD,S2,S2_2be1d412-eca7-a732-7523-31c5d9c4642f_9,Follow-up encounter (procedure) took place earlier than General examination of patient (procedure).,CONTRADICTED,PASS,relation_extraction
VAL-OOD,S2,S2_cc6c7f8f-a67e-b85e-2094-8c0e86fb4d98_31,Encounter for check up (procedure) took place subsequent to Patient Health Questionnaire-9: Modified for Teens total score.,SUPPORTED,BLOCK,concept_extraction
VAL-OOD,S2,S2_cc6c7f8f-a67e-b85e-2094-8c0e86fb4d98_31,Encounter for check up (procedure) took place earlier than Patient Health Questionnaire-9: Modified for Teens total score.,CONTRADICTED,PASS,concept_extraction
VAL-OOD,S2,S2_1b1be498-8833-65d6-53f8-b872dc2c7e9a_6,Patient encounter procedure (procedure) took place subsequent to Consultation for treatment (procedure).,CONTRADICTED,PASS,relation_extraction
VAL-OOD,S2,S2_39dfa3f0-af3a-7304-b965-7b38c7e45452_45,Well child visit (procedure) took place subsequent to Patient Health Questionnaire-9: Modified for Teens total score.,SUPPORTED,BLOCK,concept_extraction
VAL-OOD,S2,S2_39dfa3f0-af3a-7304-b965-7b38c7e45452_45,Well child visit (procedure) took place earlier than Patient Health Questionnaire-9: Modified for Teens total score.,CONTRADICTED,PASS,concept_extraction
VAL-OOD,S2,S2_a397aa78-b663-2abf-3f99-3a0b020021c3_56,Tobacco smoking status took place earlier than Well child visit (procedure).,SUPPORTED,BLOCK,relation_extraction
VAL-OOD,S2,S2_a397aa78-b663-2abf-3f99-3a0b020021c3_56,Tobacco smoking status took place subsequent to Well child visit (procedure).,CONTRADICTED,PASS,relation_extraction
VAL-OOD,S2,S2_f1c75e52-1956-a7db-5623-696c75ea49bd_76,Tobacco smoking status took place earlier than Well child visit (procedure).,SUPPORTED,BLOCK,relation_extraction
VAL-OOD,S2,S2_f1c75e52-1956-a7db-5623-696c75ea49bd_76,Tobacco smoking status took place subsequent to Well child visit (procedure).,CONTRADICTED,PASS,relation_extraction
VAL-OOD,S2,S2_2f199102-8309-e6c4-7d0f-d8f61dbbb039_54,Tobacco smoking status took place earlier than Well child visit (procedure).,SUPPORTED,BLOCK,relation_extraction
VAL-OOD,S2,S2_2f199102-8309-e6c4-7d0f-d8f61dbbb039_54,Tobacco smoking status took place subsequent to Well child visit (procedure).,CONTRADICTED,PASS,relation_extraction
VAL-OOD,S2,S2_0cce6f8e-2868-082b-55c9-abaef0c12a3d_3,General examination of patient (procedure) took place subsequent to Prenatal visit (regime/therapy).,SUPPORTED,BLOCK,relation_extraction
VAL-OOD,S2,S2_2a1d85b1-67ca-9b29-4089-387c281886e8_16,Acetaminophen 21.7 MG/ML / Dextromethorphan Hydrobromide 1 MG/ML / doxylamine succinate 0.417 MG/ML Oral Solution took place earlier than Urgent care clinic (environment).,SUPPORTED,BLOCK,concept_extraction
VAL-OOD,S2,S2_2a1d85b1-67ca-9b29-4089-387c281886e8_16,Acetaminophen 21.7 MG/ML / Dextromethorphan Hydrobromide 1 MG/ML / doxylamine succinate 0.417 MG/ML Oral Solution took place subsequent to Urgent care clinic (environment).,CONTRADICTED,PASS,concept_extraction
VAL-OOD,S2,S2_558e0ad4-8f5b-24ba-102d-e32fc61b2365_6,Follow-up encounter (procedure) took place earlier than General examination of patient (procedure).,SUPPORTED,BLOCK,relation_extraction
VAL-OOD,S2,S2_558e0ad4-8f5b-24ba-102d-e32fc61b2365_6,Follow-up encounter (procedure) took place subsequent to General examination of patient (procedure).,CONTRADICTED,PASS,relation_extraction
VAL-OOD,S2,S2_f89416db-94c1-4f94-d3ed-6189ed887d32_4,General examination of patient (procedure) took place subsequent to Encounter for check up (procedure).,CONTRADICTED,PASS,relation_extraction
VAL-OOD,S2,S2_ec77d270-ed7e-d393-c2d5-cad04fb8944d_23,"Protocol for Responding to and Assessing Patients' Assets, Risks, and Experiences took place subsequent to NDA021457 200 ACTUAT albuterol 0.09 MG/ACTUAT Metered Dose Inhaler.",SUPPORTED,BLOCK,relation_extraction
VAL-OOD,S2,S2_ec77d270-ed7e-d393-c2d5-cad04fb8944d_23,"Protocol for Responding to and Assessing Patients' Assets, Risks, and Experiences took place earlier than NDA021457 200 ACTUAT albuterol 0.09 MG/ACTUAT Metered Dose Inhaler.",CONTRADICTED,PASS,relation_extraction
VAL-OOD,S2,S2_205fe677-6c12-43e8-9145-f21bd8280034_74,Encounter for check up (procedure) took place subsequent to Well child visit (procedure).,CONTRADICTED,PASS,relation_extraction
VAL-OOD,S2,S2_1e350ee8-0d9f-d194-ea61-d175ce5156e2_32,"Protocol for Responding to and Assessing Patients' Assets, Risks, and Experiences took place earlier than Generalized anxiety disorder 7 item (GAD-7) total score.",SUPPORTED,BLOCK,concept_extraction
VAL-OOD,S2,S2_1e350ee8-0d9f-d194-ea61-d175ce5156e2_32,"Protocol for Responding to and Assessing Patients' Assets, Risks, and Experiences took place subsequent to Generalized anxiety disorder 7 item (GAD-7) total score.",CONTRADICTED,PASS,concept_extraction
VAL-OOD,S2,S2_0bafb561-dbd2-bd7f-922c-4005dbbf10c0_68,Tobacco smoking status took place earlier than Well child visit (procedure).,SUPPORTED,BLOCK,relation_extraction
VAL-OOD,S2,S2_0bafb561-dbd2-bd7f-922c-4005dbbf10c0_68,Tobacco smoking status took place subsequent to Well child visit (procedure).,CONTRADICTED,PASS,relation_extraction
VAL-OOD,S2,S2_04464864-a581-493c-5c0a-7f2da0755a0b_37,Well child visit (procedure) took place subsequent to Patient Health Questionnaire-9: Modified for Teens total score.,SUPPORTED,BLOCK,concept_extraction
VAL-OOD,S2,S2_04464864-a581-493c-5c0a-7f2da0755a0b_37,Well child visit (procedure) took place earlier than Patient Health Questionnaire-9: Modified for Teens total score.,CONTRADICTED,PASS,concept_extraction
VAL-OOD,S2,S2_fa56e38d-5de0-89e2-10fe-ee22a1ae6930_7,Emergency room admission (procedure) took place subsequent to General examination of patient (procedure).,SUPPORTED,BLOCK,relation_extraction
VAL-OOD,S2,S2_20b5f86e-c56c-867d-e53a-7c5d9a809f02_35,Well child visit (procedure) took place subsequent to Ibuprofen 100 MG Oral Tablet.,SUPPORTED,BLOCK,relation_extraction
VAL-OOD,S2,S2_20b5f86e-c56c-867d-e53a-7c5d9a809f02_35,Well child visit (procedure) took place earlier than Ibuprofen 100 MG Oral Tablet.,CONTRADICTED,PASS,relation_extraction
VAL-OOD,S2,S2_dca8a77e-31fa-5cd1-23a9-670b022cbe15_32,Tobacco smoking status took place earlier than Well child visit (procedure).,SUPPORTED,BLOCK,relation_extraction
VAL-OOD,S2,S2_dca8a77e-31fa-5cd1-23a9-670b022cbe15_32,Tobacco smoking status took place subsequent to Well child visit (procedure).,CONTRADICTED,PASS,relation_extraction
VAL-OOD,S2,S2_0cce6f8e-2868-082b-55c9-abaef0c12a3d_0,Encounter for problem (procedure) took place subsequent to Well child visit (procedure).,CONTRADICTED,PASS,relation_extraction
VAL-OOD,S2,S2_3b956e4e-bd34-0ecc-b0ff-fa9bf7cffea2_14,Patient Health Questionnaire 2 item (PHQ-2) total score took place subsequent to Total score.,CONTRADICTED,PASS,concept_extraction
VAL-OOD,S2,S2_67224657-6b53-1502-26de-84bd6c31d1b2_2,Acetaminophen 325 MG / oxyCODONE Hydrochloride 5 MG Oral Tablet took place subsequent to General examination of patient (procedure).,CONTRADICTED,PASS,concept_extraction
VAL-OOD,S2,S2_0bbbaeb6-a9c9-67c4-897f-d726de852661_0,General examination of patient (procedure) took place subsequent to Encounter for symptom (procedure).,CONTRADICTED,PASS,relation_extraction
VAL-OOD,S2,S2_a397aa78-b663-2abf-3f99-3a0b020021c3_13,Well child visit (procedure) took place subsequent to Tobacco smoking status.,SUPPORTED,BLOCK,relation_extraction
VAL-OOD,S2,S2_39dfa3f0-af3a-7304-b965-7b38c7e45452_10,Patient Health Questionnaire-9: Modified for Teens total score took place subsequent to Encounter for check up (procedure).,CONTRADICTED,PASS,concept_extraction
VAL-OOD,S2,S2_05d82f23-e25f-883c-4654-e50f9630cb94_1,Encounter for check up (procedure) took place subsequent to General examination of patient (procedure).,SUPPORTED,BLOCK,relation_extraction
VAL-OOD,S2,S2_cd27c35e-3838-2745-e253-b3ba8a1e964c_1,Astemizole 10 MG Oral Tablet took place subsequent to Encounter for problem (procedure).,SUPPORTED,BLOCK,relation_extraction
VAL-OOD,S2,S2_fad006ec-3fa3-256a-d410-934d7204aa24_0,Well child visit (procedure) took place subsequent to General examination of patient (procedure).,CONTRADICTED,PASS,relation_extraction
VAL-OOD,S2,S2_ef393134-8e8f-5507-93a3-fd0064375dee_9,Encounter for problem (procedure) took place subsequent to Admission to surgical department (procedure).,SUPPORTED,BLOCK,relation_extraction
VAL-OOD,S2,S2_2be1d412-eca7-a732-7523-31c5d9c4642f_2,Encounter for problem (procedure) took place subsequent to General examination of patient (procedure).,CONTRADICTED,PASS,relation_extraction
VAL-OOD,S2,S2_1df1fea5-36a7-c925-195c-d03a69032e71_6,Admission to surgical department (procedure) took place subsequent to Encounter for symptom (procedure).,CONTRADICTED,PASS,relation_extraction
VAL-OOD,S2,S2_4085fe68-e748-550f-bec1-77cecb8a1198_53,Follow-up encounter (procedure) took place subsequent to Encounter for check up (procedure).,SUPPORTED,BLOCK,relation_extraction
VAL-OOD,S2,S2_4085fe68-e748-550f-bec1-77cecb8a1198_53,Follow-up encounter (procedure) took place earlier than Encounter for check up (procedure).,CONTRADICTED,PASS,relation_extraction
VAL-OOD,S2,S2_39dfa3f0-af3a-7304-b965-7b38c7e45452_22,Patient Health Questionnaire-9: Modified for Teens total score took place subsequent to Encounter for check up (procedure).,CONTRADICTED,PASS,concept_extraction
VAL-OOD,S2,S2_37880a8f-7419-aa4a-c59f-fe51c956c13e_4,Admission to surgical department (procedure) took place subsequent to General examination of patient (procedure).,CONTRADICTED,PASS,relation_extraction
VAL-OOD,S2,S2_a16eda23-b24e-5b3f-ee7e-96578b69e8cb_87,Encounter for problem (procedure) took place subsequent to Tobacco smoking status.,SUPPORTED,BLOCK,relation_extraction
VAL-OOD,S2,S2_26d35d86-e218-72c3-e525-dc35ca838390_41,Well child visit (procedure) took place subsequent to Encounter for check up (procedure).,SUPPORTED,BLOCK,relation_extraction
VAL-OOD,S2,S2_20b5f86e-c56c-867d-e53a-7c5d9a809f02_21,Well child visit (procedure) took place subsequent to Tobacco smoking status.,SUPPORTED,BLOCK,relation_extraction
VAL-OOD,S2,S2_cc6c7f8f-a67e-b85e-2094-8c0e86fb4d98_20,Tobacco smoking status took place earlier than Well child visit (procedure).,SUPPORTED,BLOCK,relation_extraction
VAL-OOD,S2,S2_cc6c7f8f-a67e-b85e-2094-8c0e86fb4d98_20,Tobacco smoking status took place subsequent to Well child visit (procedure).,CONTRADICTED,PASS,relation_extraction
VAL-OOD,S2,S2_f1c75e52-1956-a7db-5623-696c75ea49bd_32,Tobacco smoking status took place earlier than Well child visit (procedure).,SUPPORTED,BLOCK,relation_extraction
VAL-OOD,S2,S2_f1c75e52-1956-a7db-5623-696c75ea49bd_32,Tobacco smoking status took place subsequent to Well child visit (procedure).,CONTRADICTED,PASS,relation_extraction
VAL-OOD,S2,S2_8ddfd245-750f-8c5c-af5f-15ce76af2969_31,Patient encounter procedure (procedure) took place subsequent to Consultation for treatment (procedure).,SUPPORTED,BLOCK,relation_extraction
VAL-OOD,S2,S2_0cce6f8e-2868-082b-55c9-abaef0c12a3d_9,Acetaminophen 325 MG Oral Tablet took place subsequent to Encounter for symptom (procedure).,SUPPORTED,BLOCK,relation_extraction
VAL-OOD,S2,S2_b54ec258-afa9-ef86-3979-c471d433e390_4,General examination of patient (procedure) took place subsequent to Encounter for problem (procedure).,CONTRADICTED,PASS,relation_extraction
VAL-OOD,S2,S2_48138196-2f91-6098-1083-ed19499dde28_29,"Patient Health Questionnaire 2 item (PHQ-2) total score took place subsequent to Protocol for Responding to and Assessing Patients' Assets, Risks, and Experiences.",SUPPORTED,BLOCK,concept_extraction
VAL-OOD,S2,S2_fa56e38d-5de0-89e2-10fe-ee22a1ae6930_0,General examination of patient (procedure) took place subsequent to Encounter for check up (procedure).,CONTRADICTED,PASS,relation_extraction
VAL-OOD,S2,S2_b5280785-d647-1ee7-6c20-a175bd717aed_5,General examination of patient (procedure) took place subsequent to Well child visit (procedure).,SUPPORTED,BLOCK,relation_extraction
VAL-OOD,S2,S2_1b1be498-8833-65d6-53f8-b872dc2c7e9a_8,Patient encounter procedure (procedure) took place subsequent to General examination of patient (procedure).,CONTRADICTED,PASS,relation_extraction
VAL-OOD,S2,S2_e3094ac1-1829-8980-4fb7-96690b125475_15,"Patient Health Questionnaire 2 item (PHQ-2) total score took place subsequent to Protocol for Responding to and Assessing Patients' Assets, Risks, and Experiences.",SUPPORTED,BLOCK,concept_extraction
VAL-OOD,S2,S2_381631aa-b9ee-3fef-e263-a08f40809698_6,Encounter for problem (procedure) took place subsequent to General examination of patient (procedure).,CONTRADICTED,PASS,relation_extraction
VAL-OOD,S2,S2_2e0b6f71-aeb2-06aa-446d-66538396d635_7,Well child visit (procedure) took place subsequent to Urgent care clinic (environment).,SUPPORTED,BLOCK,concept_extraction
VAL-OOD,S2,S2_381631aa-b9ee-3fef-e263-a08f40809698_10,{28 (norethindrone 0.35 MG Oral Tablet) } Pack took place subsequent to Emergency hospital admission (procedure).,CONTRADICTED,PASS,relation_extraction
VAL-OOD,S2,S2_8dc51bf3-9bb4-0358-8ebc-edd4be2cc5b9_25,Encounter for check up (procedure) took place subsequent to Tobacco smoking status.,SUPPORTED,BLOCK,relation_extraction
VAL-OOD,S2,S2_3793f45c-3b1c-5ab1-6a65-62132ce19689_32,Tobacco smoking status took place earlier than Well child visit (procedure).,SUPPORTED,BLOCK,relation_extraction
VAL-OOD,S2,S2_3793f45c-3b1c-5ab1-6a65-62132ce19689_32,Tobacco smoking status took place subsequent to Well child visit (procedure).,CONTRADICTED,PASS,relation_extraction
VAL-OOD,S2,S2_e3094ac1-1829-8980-4fb7-96690b125475_16,Patient Health Questionnaire 2 item (PHQ-2) total score took place subsequent to Total score.,CONTRADICTED,PASS,concept_extraction
VAL-OOD,S2,S2_4887db4a-ef42-70d0-86b6-ff5786ac381f_1,General examination of patient (procedure) took place subsequent to Encounter for check up (procedure).,SUPPORTED,BLOCK,relation_extraction
VAL-OOD,S2,S2_0a5e04ef-e02f-3415-51cd-6efea2a4f29f_5,Encounter for problem (procedure) took place subsequent to General examination of patient (procedure).,SUPPORTED,BLOCK,relation_extraction
VAL-OOD,S2,S2_ef393134-8e8f-5507-93a3-fd0064375dee_11,Follow-up encounter (procedure) took place subsequent to General examination of patient (procedure).,SUPPORTED,BLOCK,relation_extraction
VAL-OOD,S2,S2_ef393134-8e8f-5507-93a3-fd0064375dee_11,Follow-up encounter (procedure) took place earlier than General examination of patient (procedure).,CONTRADICTED,PASS,relation_extraction
VAL-OOD,S2,S2_cc6c7f8f-a67e-b85e-2094-8c0e86fb4d98_56,Tobacco smoking status took place earlier than Well child visit (procedure).,SUPPORTED,BLOCK,relation_extraction
VAL-OOD,S2,S2_cc6c7f8f-a67e-b85e-2094-8c0e86fb4d98_56,Tobacco smoking status took place subsequent to Well child visit (procedure).,CONTRADICTED,PASS,relation_extraction
VAL-OOD,S2,S2_a81ac007-b80c-ad81-7317-bdc46a57b421_7,General examination of patient (procedure) took place subsequent to Follow-up encounter (procedure).,SUPPORTED,BLOCK,relation_extraction
VAL-OOD,S2,S2_a81ac007-b80c-ad81-7317-bdc46a57b421_7,General examination of patient (procedure) took place earlier than Follow-up encounter (procedure).,CONTRADICTED,PASS,relation_extraction
VAL-OOD,S2,S2_0a5e04ef-e02f-3415-51cd-6efea2a4f29f_9,General examination of patient (procedure) took place subsequent to Acetaminophen 300 MG / Hydrocodone Bitartrate 5 MG Oral Tablet.,SUPPORTED,BLOCK,relation_extraction
VAL-OOD,S2,S2_a81ac007-b80c-ad81-7317-bdc46a57b421_4,General examination of patient (procedure) took place subsequent to Encounter for problem (procedure).,CONTRADICTED,PASS,relation_extraction
VAL-OOD,S2,S2_b180ae2e-febd-087c-eb33-217eeeaf16b7_76,Tobacco smoking status took place earlier than Well child visit (procedure).,SUPPORTED,BLOCK,relation_extraction
VAL-OOD,S2,S2_b180ae2e-febd-087c-eb33-217eeeaf16b7_76,Tobacco smoking status took place subsequent to Well child visit (procedure).,CONTRADICTED,PASS,relation_extraction
VAL-OOD,S2,S2_cc6c7f8f-a67e-b85e-2094-8c0e86fb4d98_45,Encounter for check up (procedure) took place subsequent to Acetaminophen 325 MG Oral Tablet.,SUPPORTED,BLOCK,relation_extraction
VAL-OOD,S2,S2_b4c085cb-69de-91bc-81e5-2696efd5899d_43,"Total score took place subsequent to Protocol for Responding to and Assessing Patients' Assets, Risks, and Experiences.",SUPPORTED,BLOCK,concept_extraction
VAL-OOD,S2,S2_3e74ca38-e134-b00d-6957-cf949b206d79_14,"Protocol for Responding to and Assessing Patients' Assets, Risks, and Experiences took place earlier than Generalized anxiety disorder 7 item (GAD-7) total score.",SUPPORTED,BLOCK,concept_extraction
VAL-OOD,S2,S2_3e74ca38-e134-b00d-6957-cf949b206d79_14,"Protocol for Responding to and Assessing Patients' Assets, Risks, and Experiences took place subsequent to Generalized anxiety disorder 7 item (GAD-7) total score.",CONTRADICTED,PASS,concept_extraction
VAL-OOD,S2,S2_a84330bb-c2b4-102a-fc0c-e0fe4bd4a68b_7,Consultation for treatment (procedure) took place subsequent to amLODIPine 2.5 MG Oral Tablet.,SUPPORTED,BLOCK,relation_extraction
VAL-OOD,S2,S2_a16eda23-b24e-5b3f-ee7e-96578b69e8cb_65,Well child visit (procedure) took place subsequent to Tobacco smoking status.,SUPPORTED,BLOCK,relation_extraction
VAL-OOD,S2,S2_999be85b-4cce-8605-1a31-d3ab89a1478b_1,cetirizine hydrochloride 5 MG Oral Tablet took place subsequent to Encounter for problem (procedure).,SUPPORTED,BLOCK,concept_extraction
VAL-OOD,S2,S2_c18cb5a7-08de-d1f9-8d5c-08fb1057df07_3,Encounter for problem (procedure) took place subsequent to Emergency room admission (procedure).,SUPPORTED,BLOCK,relation_extraction
VAL-OOD,S2,S2_247c449c-50dc-baeb-014e-9cdfe03499a1_1,Encounter for problem (procedure) took place subsequent to diphenhydrAMINE Hydrochloride 25 MG Oral Tablet.,SUPPORTED,BLOCK,concept_extraction
VAL-OOD,S2,S2_91b4e250-d3cb-c15f-f155-853277626129_6,{21 (ethinyl estradiol 0.03 MG / levonorgestrel 0.15 MG Oral Tablet) / 7 (inert ingredients 1 MG Oral Tablet) } Pack took place subsequent to General examination of patient (procedure).,CONTRADICTED,PASS,relation_extraction
VAL-OOD,S2,S2_52c362d6-af16-7bfd-0c1c-728560edf25f_5,Acetaminophen 325 MG Oral Tablet took place subsequent to Encounter for symptom (procedure).,SUPPORTED,BLOCK,relation_extraction
VAL-OOD,S2,S2_fa56e38d-5de0-89e2-10fe-ee22a1ae6930_5,General examination of patient (procedure) took place subsequent to Encounter for check up (procedure).,SUPPORTED,BLOCK,relation_extraction
VAL-OOD,S2,S2_05d82f23-e25f-883c-4654-e50f9630cb94_17,"Protocol for Responding to and Assessing Patients' Assets, Risks, and Experiences took place subsequent to Acetaminophen 300 MG / Hydrocodone Bitartrate 5 MG Oral Tablet.",SUPPORTED,BLOCK,relation_extraction
VAL-OOD,S2,S2_05d82f23-e25f-883c-4654-e50f9630cb94_17,"Protocol for Responding to and Assessing Patients' Assets, Risks, and Experiences took place earlier than Acetaminophen 300 MG / Hydrocodone Bitartrate 5 MG Oral Tablet.",CONTRADICTED,PASS,relation_extraction
VAL-OOD,S2,S2_ba78623c-3003-bfb2-aa9f-db34def12f80_43,"Protocol for Responding to and Assessing Patients' Assets, Risks, and Experiences took place subsequent to Tobacco smoking status.",SUPPORTED,BLOCK,relation_extraction
VAL-OOD,S2,S2_ba78623c-3003-bfb2-aa9f-db34def12f80_43,"Protocol for Responding to and Assessing Patients' Assets, Risks, and Experiences took place earlier than Tobacco smoking status.",CONTRADICTED,PASS,relation_extraction
VAL-OOD,S2,S2_48f6bee6-4128-a40f-1dc5-90e4375c89d3_28,"Protocol for Responding to and Assessing Patients' Assets, Risks, and Experiences took place earlier than Patient Health Questionnaire 2 item (PHQ-2) total score.",SUPPORTED,BLOCK,concept_extraction
VAL-OOD,S2,S2_48f6bee6-4128-a40f-1dc5-90e4375c89d3_28,"Protocol for Responding to and Assessing Patients' Assets, Risks, and Experiences took place subsequent to Patient Health Questionnaire 2 item (PHQ-2) total score.",CONTRADICTED,PASS,concept_extraction
VAL-OOD,S2,S2_b4c085cb-69de-91bc-81e5-2696efd5899d_18,Encounter for check up (procedure) took place subsequent to General examination of patient (procedure).,CONTRADICTED,PASS,relation_extraction
VAL-OOD,S2,S2_ac3b173e-153a-60e5-2ba9-98f9a41b0901_18,Patient Health Questionnaire 2 item (PHQ-2) total score took place subsequent to Total score.,CONTRADICTED,PASS,concept_extraction
VAL-OOD,S2,S2_492d3136-b841-bfa2-9cd3-15bf55c7f751_9,Encounter for check up (procedure) took place subsequent to Tobacco smoking status.,SUPPORTED,BLOCK,relation_extraction
VAL-OOD,S2,S2_c877a67a-3d7b-a8b7-212e-8fdbd565f99a_23,Emergency room admission (procedure) took place subsequent to Tobacco smoking status.,SUPPORTED,BLOCK,relation_extraction
VAL-OOD,S2,S2_cd27c35e-3838-2745-e253-b3ba8a1e964c_7,Encounter for check up (procedure) took place subsequent to General examination of patient (procedure).,SUPPORTED,BLOCK,relation_extraction
VAL-OOD,S2,S2_4b584028-9e27-ecf0-05a4-6e6a458693b7_24,Tobacco smoking status took place earlier than Generalized anxiety disorder 7 item (GAD-7) total score.,SUPPORTED,BLOCK,concept_extraction
VAL-OOD,S2,S2_4b584028-9e27-ecf0-05a4-6e6a458693b7_24,Tobacco smoking status took place subsequent to Generalized anxiety disorder 7 item (GAD-7) total score.,CONTRADICTED,PASS,concept_extraction
VAL-OOD,S2,S2_04464864-a581-493c-5c0a-7f2da0755a0b_1,Consultation for treatment (procedure) took place subsequent to {7 (ethinyl estradiol 0.01 MG Oral Tablet) / 84 (ethinyl estradiol 0.03 MG / levonorgestrel 0.15 MG Oral Tablet) } Pack.,SUPPORTED,BLOCK,relation_extraction
VAL-OOD,S2,S2_8f2afb80-fce6-738c-c04f-d31a3629a8e8_43,Emergency room admission (procedure) took place subsequent to Tobacco smoking status.,SUPPORTED,BLOCK,relation_extraction
VAL-OOD,S2,S2_1b9292ca-7868-319c-dbc0-4a4a42024d7b_6,Prenatal visit (regime/therapy) took place subsequent to Encounter for problem (procedure).,CONTRADICTED,PASS,relation_extraction
VAL-OOD,S3,S3_e3094ac1-1829-8980-4fb7-96690b125475_72514-3_2,The current measurement of Pain severity - 0-10 verbal numeric rating is greater than the value from the prior evaluation.,CONTRADICTED,PASS,relation_extraction
VAL-OOD,S3,S3_059d4a5e-7869-65af-a13d-e49f65e626ee_2069-3_3,The current measurement of Chloride is greater than the value from the prior evaluation.,SUPPORTED,BLOCK,relation_extraction
VAL-OOD,S3,S3_9b51cdee-c6fc-a37a-9b4a-91516e0c822a_2069-3_3,The current measurement of Chloride is greater than the value from the prior evaluation.,SUPPORTED,BLOCK,relation_extraction
VAL-OOD,S3,S3_55f397ca-056d-e87c-776a-bae5409c34bc_6690-2_0,The current measurement of Leukocytes is greater than the value from the prior evaluation.,CONTRADICTED,PASS,relation_extraction
VAL-OOD,S3,S3_12dc0d0e-b4e2-4a49-f2d3-5ad56cf84a6f_20565-8_2,"The current measurement of Carbon dioxide, total is greater than the value from the prior evaluation.",SUPPORTED,BLOCK,concept_extraction
VAL-OOD,S3,S3_c877a67a-3d7b-a8b7-212e-8fdbd565f99a_29463-7_2,The current measurement of Body Weight is greater than the value from the prior evaluation.,SUPPORTED,BLOCK,relation_extraction
VAL-OOD,S3,S3_059d4a5e-7869-65af-a13d-e49f65e626ee_6768-6_3,The current measurement of Alkaline phosphatase is greater than the value from the prior evaluation.,CONTRADICTED,PASS,relation_extraction
VAL-OOD,S3,S3_a81ac007-b80c-ad81-7317-bdc46a57b421_6298-4_4,The current measurement of Potassium is greater than the value from the prior evaluation.,SUPPORTED,BLOCK,relation_extraction
VAL-OOD,S3,S3_1b9292ca-7868-319c-dbc0-4a4a42024d7b_8867-4_0,The current measurement of Heart rate is greater than the value from the prior evaluation.,SUPPORTED,BLOCK,relation_extraction
VAL-OOD,S3,S3_940b8423-478a-5013-c62e-d1c20601d662_59576-9_2,The current measurement of Body mass index (BMI) is greater than the value from the prior evaluation.,SUPPORTED,BLOCK,concept_extraction
VAL-OOD,S3,S3_a16eda23-b24e-5b3f-ee7e-96578b69e8cb_8867-4_2,The current measurement of Heart rate is greater than the value from the prior evaluation.,CONTRADICTED,PASS,relation_extraction
VAL-OOD,S3,S3_12dc0d0e-b4e2-4a49-f2d3-5ad56cf84a6f_1742-6_4,The current measurement of Alanine aminotransferase is greater than the value from the prior evaluation.,CONTRADICTED,PASS,relation_extraction
VAL-OOD,S3,S3_50c730e1-fcea-aebb-e927-312ca5d5e714_2947-0_1,The current measurement of Sodium is greater than the value from the prior evaluation.,CONTRADICTED,PASS,relation_extraction
VAL-OOD,S3,S3_4b7dbb2d-7700-9282-af9a-97ad2f9a0b6f_2947-0_2,The current measurement of Sodium is greater than the value from the prior evaluation.,SUPPORTED,BLOCK,relation_extraction
VAL-OOD,S3,S3_08006612-13e0-e3bd-78d2-d3ef0c9e5368_29463-7_0,The current measurement of Body Weight is greater than the value from the prior evaluation.,SUPPORTED,BLOCK,relation_extraction
VAL-OOD,S3,S3_50c730e1-fcea-aebb-e927-312ca5d5e714_20505-4_2,The current measurement of Bilirubin.total is greater than the value from the prior evaluation.,SUPPORTED,BLOCK,concept_extraction
VAL-OOD,S3,S3_8ddfd245-750f-8c5c-af5f-15ce76af2969_2160-0_10,The current measurement of Creatinine is greater than the value from the prior evaluation.,CONTRADICTED,PASS,relation_extraction
VAL-OOD,S3,S3_2a1d85b1-67ca-9b29-4089-387c281886e8_6299-2_4,The current measurement of Urea nitrogen is greater than the value from the prior evaluation.,CONTRADICTED,PASS,relation_extraction
VAL-OOD,S3,S3_484d6b59-2220-b932-c0ce-dbd955779f46_72514-3_0,The current measurement of Pain severity - 0-10 verbal numeric rating is greater than the value from the prior evaluation.,SUPPORTED,BLOCK,relation_extraction
VAL-OOD,S3,S3_2afff3af-ca26-6bc7-8d81-5df4722644f2_29463-7_0,The current measurement of Body Weight is greater than the value from the prior evaluation.,SUPPORTED,BLOCK,relation_extraction
VAL-OOD,S3,S3_8ddfd245-750f-8c5c-af5f-15ce76af2969_2093-3_1,The current measurement of Cholesterol is greater than the value from the prior evaluation.,SUPPORTED,BLOCK,relation_extraction
VAL-OOD,S3,S3_9b51cdee-c6fc-a37a-9b4a-91516e0c822a_2093-3_0,The current measurement of Cholesterol is greater than the value from the prior evaluation.,CONTRADICTED,PASS,relation_extraction
VAL-OOD,S3,S3_ef393134-8e8f-5507-93a3-fd0064375dee_8867-4_1,The current measurement of Heart rate is greater than the value from the prior evaluation.,SUPPORTED,BLOCK,relation_extraction
VAL-OOD,S3,S3_0bafb561-dbd2-bd7f-922c-4005dbbf10c0_29463-7_4,The current measurement of Body Weight is greater than the value from the prior evaluation.,SUPPORTED,BLOCK,relation_extraction
VAL-OOD,S3,S3_2fde87fc-9a99-b25c-f6b0-c93d1e161b77_49765-1_4,The current measurement of Calcium is greater than the value from the prior evaluation.,CONTRADICTED,PASS,relation_extraction
VAL-OOD,S3,S3_b54ec258-afa9-ef86-3979-c471d433e390_2069-3_2,The current measurement of Chloride is greater than the value from the prior evaluation.,SUPPORTED,BLOCK,relation_extraction
VAL-OOD,S3,S3_4e91a238-aeb1-2ca6-c27b-5dd74d730503_5803-2_0,The current measurement of pH of Urine by Test strip is greater than the value from the prior evaluation.,SUPPORTED,BLOCK,relation_extraction
VAL-OOD,S3,S3_0600dbc3-0be0-88ee-f759-92b3e8b13fb6_789-8_0,The current measurement of Erythrocytes is greater than the value from the prior evaluation.,SUPPORTED,BLOCK,relation_extraction
VAL-OOD,S3,S3_e790d37e-d213-e04f-9c67-3accf9c5031e_3094-0_14,The current measurement of Urea nitrogen is greater than the value from the prior evaluation.,SUPPORTED,BLOCK,concept_extraction
VAL-OOD,S3,S3_0cce6f8e-2868-082b-55c9-abaef0c12a3d_5797-6_3,The current measurement of Ketones is greater than the value from the prior evaluation.,CONTRADICTED,PASS,relation_extraction
VAL-OOD,S3,S3_67224657-6b53-1502-26de-84bd6c31d1b2_787-2_4,The current measurement of MCV is greater than the value from the prior evaluation.,SUPPORTED,BLOCK,relation_extraction
VAL-OOD,S3,S3_9b51cdee-c6fc-a37a-9b4a-91516e0c822a_6298-4_1,The current measurement of Potassium is greater than the value from the prior evaluation.,SUPPORTED,BLOCK,relation_extraction
VAL-OOD,S3,S3_2be1d412-eca7-a732-7523-31c5d9c4642f_6298-4_4,The current measurement of Potassium is greater than the value from the prior evaluation.,CONTRADICTED,PASS,relation_extraction
VAL-OOD,S3,S3_4887db4a-ef42-70d0-86b6-ff5786ac381f_32207-3_0,The current measurement of Platelet distribution width is greater than the value from the prior evaluation.,SUPPORTED,BLOCK,relation_extraction
VAL-OOD,S3,S3_8b28039b-9ecb-14f7-1493-1c87bfe10855_2502-3_1,The current measurement of Iron saturation is greater than the value from the prior evaluation.,CONTRADICTED,PASS,relation_extraction
VAL-OOD,S3,S3_4085fe68-e748-550f-bec1-77cecb8a1198_6298-4_0,The current measurement of Potassium is greater than the value from the prior evaluation.,SUPPORTED,BLOCK,relation_extraction
VAL-OOD,S3,S3_525780ac-18a1-1c07-6c4a-5eb3c8dbd175_82667-7_1,The current measurement of Total score is greater than the value from the prior evaluation.,CONTRADICTED,PASS,relation_extraction
VAL-OOD,S3,S3_a303d83e-435d-643a-948a-6b38e7b47dcb_2093-3_3,The current measurement of Cholesterol is greater than the value from the prior evaluation.,SUPPORTED,BLOCK,relation_extraction
VAL-OOD,S3,S3_484d6b59-2220-b932-c0ce-dbd955779f46_8867-4_3,The current measurement of Heart rate is greater than the value from the prior evaluation.,CONTRADICTED,PASS,relation_extraction
VAL-OOD,S3,S3_05d82f23-e25f-883c-4654-e50f9630cb94_2085-9_0,The current measurement of Cholesterol in HDL is greater than the value from the prior evaluation.,CONTRADICTED,PASS,relation_extraction
VAL-OOD,S3,S3_0e228e65-cc4e-dd45-015c-db4fa9249bc0_2339-0_1,The current measurement of Glucose is greater than the value from the prior evaluation.,CONTRADICTED,PASS,relation_extraction
VAL-OOD,S3,S3_be0d1aa6-e965-4d57-01e3-e7c6d0172b0b_29463-7_1,The current measurement of Body Weight is greater than the value from the prior evaluation.,SUPPORTED,BLOCK,relation_extraction
VAL-OOD,S3,S3_a303d83e-435d-643a-948a-6b38e7b47dcb_10834-0_1,The current measurement of Globulin is greater than the value from the prior evaluation.,SUPPORTED,BLOCK,relation_extraction
VAL-OOD,S3,S3_48138196-2f91-6098-1083-ed19499dde28_788-0_0,The current measurement of Erythrocyte is greater than the value from the prior evaluation.,SUPPORTED,BLOCK,relation_extraction
VAL-OOD,S3,S3_f89416db-94c1-4f94-d3ed-6189ed887d32_1920-8_0,The current measurement of Aspartate aminotransferase is greater than the value from the prior evaluation.,CONTRADICTED,PASS,relation_extraction
VAL-OOD,S3,S3_2be1d412-eca7-a732-7523-31c5d9c4642f_20565-8_1,"The current measurement of Carbon dioxide, total is greater than the value from the prior evaluation.",SUPPORTED,BLOCK,concept_extraction
VAL-OOD,S3,S3_0e228e65-cc4e-dd45-015c-db4fa9249bc0_55758-7_5,The current measurement of Patient Health Questionnaire 2 item (PHQ-2) total score is greater than the value from the prior evaluation.,SUPPORTED,BLOCK,relation_extraction
VAL-OOD,S3,S3_587b3fa1-9015-f70b-ccf3-fc68d5df2402_2339-0_1,The current measurement of Glucose is greater than the value from the prior evaluation.,CONTRADICTED,PASS,relation_extraction
VAL-OOD,S3,S3_dc4f8811-b951-c43a-d985-7ed4f1e79c05_32207-3_0,The current measurement of Platelet distribution width is greater than the value from the prior evaluation.,SUPPORTED,BLOCK,relation_extraction
VAL-OOD,S3,S3_d769c958-48e2-d146-9c66-da3d2a0648d6_77606-2_2,The current measurement of Weight-for-length Per age and sex is greater than the value from the prior evaluation.,SUPPORTED,BLOCK,relation_extraction
VAL-OOD,S3,S3_247c449c-50dc-baeb-014e-9cdfe03499a1_9279-1_1,The current measurement of Respiratory rate is greater than the value from the prior evaluation.,CONTRADICTED,PASS,relation_extraction
VAL-OOD,S3,S3_8ddfd245-750f-8c5c-af5f-15ce76af2969_9279-1_2,The current measurement of Respiratory rate is greater than the value from the prior evaluation.,SUPPORTED,BLOCK,relation_extraction
VAL-OOD,S3,S3_2fde87fc-9a99-b25c-f6b0-c93d1e161b77_2947-0_0,The current measurement of Sodium is greater than the value from the prior evaluation.,SUPPORTED,BLOCK,relation_extraction
VAL-OOD,S3,S3_4e91a238-aeb1-2ca6-c27b-5dd74d730503_6298-4_3,The current measurement of Potassium is greater than the value from the prior evaluation.,CONTRADICTED,PASS,relation_extraction
VAL-OOD,S3,S3_3aeae8b2-3fe0-c770-23b3-a76cab6d0e74_9279-1_5,The current measurement of Respiratory rate is greater than the value from the prior evaluation.,SUPPORTED,BLOCK,relation_extraction
VAL-OOD,S3,S3_be0d1aa6-e965-4d57-01e3-e7c6d0172b0b_9843-4_2,The current measurement of Head Occipital-frontal circumference is greater than the value from the prior evaluation.,SUPPORTED,BLOCK,relation_extraction
VAL-OOD,S3,S3_ef393134-8e8f-5507-93a3-fd0064375dee_29463-7_0,The current measurement of Body Weight is greater than the value from the prior evaluation.,SUPPORTED,BLOCK,relation_extraction
VAL-OOD,S3,S3_f1c75e52-1956-a7db-5623-696c75ea49bd_9843-4_4,The current measurement of Head Occipital-frontal circumference is greater than the value from the prior evaluation.,SUPPORTED,BLOCK,relation_extraction
VAL-OOD,S3,S3_e790d37e-d213-e04f-9c67-3accf9c5031e_1751-7_3,The current measurement of Albumin is greater than the value from the prior evaluation.,SUPPORTED,BLOCK,relation_extraction
VAL-OOD,S3,S3_12dc0d0e-b4e2-4a49-f2d3-5ad56cf84a6f_4548-4_4,The current measurement of Hemoglobin A1c/Hemoglobin.total in Blood is greater than the value from the prior evaluation.,SUPPORTED,BLOCK,relation_extraction
VAL-OOD,S3,S3_0600dbc3-0be0-88ee-f759-92b3e8b13fb6_29463-7_3,The current measurement of Body Weight is greater than the value from the prior evaluation.,SUPPORTED,BLOCK,relation_extraction
VAL-OOD,S3,S3_37880a8f-7419-aa4a-c59f-fe51c956c13e_5811-5_4,The current measurement of Specific gravity of Urine by Test strip is greater than the value from the prior evaluation.,CONTRADICTED,PASS,relation_extraction
VAL-OOD,S3,S3_9eefe263-8630-dbaf-6ae5-df45848170a8_6768-6_2,The current measurement of Alkaline phosphatase is greater than the value from the prior evaluation.,SUPPORTED,BLOCK,relation_extraction
VAL-OOD,S3,S3_a303d83e-435d-643a-948a-6b38e7b47dcb_72514-3_1,The current measurement of Pain severity - 0-10 verbal numeric rating is greater than the value from the prior evaluation.,SUPPORTED,BLOCK,relation_extraction
VAL-OOD,S3,S3_48138196-2f91-6098-1083-ed19499dde28_2857-1_2,The current measurement of Prostate specific Ag is greater than the value from the prior evaluation.,CONTRADICTED,PASS,relation_extraction
VAL-OOD,S3,S3_c18cb5a7-08de-d1f9-8d5c-08fb1057df07_8867-4_4,The current measurement of Heart rate is greater than the value from the prior evaluation.,CONTRADICTED,PASS,relation_extraction
VAL-OOD,S3,S3_dc4f8811-b951-c43a-d985-7ed4f1e79c05_55758-7_6,The current measurement of Patient Health Questionnaire 2 item (PHQ-2) total score is greater than the value from the prior evaluation.,CONTRADICTED,PASS,relation_extraction
VAL-OOD,S3,S3_0e228e65-cc4e-dd45-015c-db4fa9249bc0_33914-3_4,The current measurement of Glomerular filtration rate is greater than the value from the prior evaluation.,CONTRADICTED,PASS,relation_extraction
VAL-OOD,S3,S3_26d35d86-e218-72c3-e525-dc35ca838390_59576-9_2,The current measurement of Body mass index (BMI) is greater than the value from the prior evaluation.,CONTRADICTED,PASS,concept_extraction
VAL-OOD,S3,S3_0e228e65-cc4e-dd45-015c-db4fa9249bc0_2093-3_3,The current measurement of Cholesterol is greater than the value from the prior evaluation.,SUPPORTED,BLOCK,relation_extraction
VAL-OOD,S3,S3_4085fe68-e748-550f-bec1-77cecb8a1198_9279-1_1,The current measurement of Respiratory rate is greater than the value from the prior evaluation.,SUPPORTED,BLOCK,relation_extraction
VAL-OOD,S3,S3_059d4a5e-7869-65af-a13d-e49f65e626ee_2069-3_2,The current measurement of Chloride is greater than the value from the prior evaluation.,CONTRADICTED,PASS,relation_extraction
VAL-OOD,S3,S3_50c730e1-fcea-aebb-e927-312ca5d5e714_17861-6_2,The current measurement of Calcium is greater than the value from the prior evaluation.,SUPPORTED,BLOCK,concept_extraction
VAL-OOD,S3,S3_d8dab272-df03-c1bf-0dbf-4f163227def4_787-2_0,The current measurement of MCV is greater than the value from the prior evaluation.,SUPPORTED,BLOCK,relation_extraction
VAL-OOD,S3,S3_37880a8f-7419-aa4a-c59f-fe51c956c13e_33914-3_2,The current measurement of Glomerular filtration rate is greater than the value from the prior evaluation.,CONTRADICTED,PASS,relation_extraction
VAL-OOD,S3,S3_9b51cdee-c6fc-a37a-9b4a-91516e0c822a_32623-1_0,The current measurement of Platelet is greater than the value from the prior evaluation.,SUPPORTED,BLOCK,relation_extraction
VAL-OOD,S3,S3_48138196-2f91-6098-1083-ed19499dde28_5811-5_1,The current measurement of Specific gravity of Urine by Test strip is greater than the value from the prior evaluation.,CONTRADICTED,PASS,relation_extraction
VAL-OOD,S3,S3_1b9292ca-7868-319c-dbc0-4a4a42024d7b_38483-4_6,The current measurement of Creatinine is greater than the value from the prior evaluation.,CONTRADICTED,PASS,concept_extraction
VAL-OOD,S3,S3_18e63129-fa81-553c-d1a9-7f474170964b_787-2_0,The current measurement of MCV is greater than the value from the prior evaluation.,SUPPORTED,BLOCK,relation_extraction
VAL-OOD,S3,S3_c877a67a-3d7b-a8b7-212e-8fdbd565f99a_72514-3_2,The current measurement of Pain severity - 0-10 verbal numeric rating is greater than the value from the prior evaluation.,SUPPORTED,BLOCK,relation_extraction
VAL-OOD,S3,S3_2fde87fc-9a99-b25c-f6b0-c93d1e161b77_55758-7_6,The current measurement of Patient Health Questionnaire 2 item (PHQ-2) total score is greater than the value from the prior evaluation.,SUPPORTED,BLOCK,relation_extraction
VAL-OOD,S3,S3_6a16a5b7-faf8-49ff-e642-7e8af31f986f_4548-4_1,The current measurement of Hemoglobin A1c/Hemoglobin.total in Blood is greater than the value from the prior evaluation.,CONTRADICTED,PASS,relation_extraction
VAL-OOD,S3,S3_6a16a5b7-faf8-49ff-e642-7e8af31f986f_6298-4_0,The current measurement of Potassium is greater than the value from the prior evaluation.,CONTRADICTED,PASS,relation_extraction
VAL-OOD,S3,S3_4e91a238-aeb1-2ca6-c27b-5dd74d730503_72514-3_4,The current measurement of Pain severity - 0-10 verbal numeric rating is greater than the value from the prior evaluation.,SUPPORTED,BLOCK,relation_extraction
VAL-OOD,S3,S3_be0d1aa6-e965-4d57-01e3-e7c6d0172b0b_77606-2_1,The current measurement of Weight-for-length Per age and sex is greater than the value from the prior evaluation.,SUPPORTED,BLOCK,relation_extraction
VAL-OOD,S3,S3_2595af4c-f6b6-3761-60ea-4d68138267be_8867-4_3,The current measurement of Heart rate is greater than the value from the prior evaluation.,SUPPORTED,BLOCK,relation_extraction
VAL-OOD,S3,S3_37880a8f-7419-aa4a-c59f-fe51c956c13e_2075-0_0,The current measurement of Chloride is greater than the value from the prior evaluation.,SUPPORTED,BLOCK,concept_extraction
VAL-OOD,S3,S3_558e0ad4-8f5b-24ba-102d-e32fc61b2365_20565-8_4,"The current measurement of Carbon dioxide, total is greater than the value from the prior evaluation.",SUPPORTED,BLOCK,concept_extraction
VAL-OOD,S3,S3_9eefe263-8630-dbaf-6ae5-df45848170a8_70274-6_2,The current measurement of Generalized anxiety disorder 7 item (GAD-7) total score is greater than the value from the prior evaluation.,CONTRADICTED,PASS,relation_extraction
VAL-OOD,S3,S3_b54ec258-afa9-ef86-3979-c471d433e390_2339-0_2,The current measurement of Glucose is greater than the value from the prior evaluation.,SUPPORTED,BLOCK,relation_extraction
VAL-OOD,S3,S3_1b9292ca-7868-319c-dbc0-4a4a42024d7b_9279-1_5,The current measurement of Respiratory rate is greater than the value from the prior evaluation.,CONTRADICTED,PASS,relation_extraction
VAL-OOD,S3,S3_2fde87fc-9a99-b25c-f6b0-c93d1e161b77_789-8_1,The current measurement of Erythrocytes is greater than the value from the prior evaluation.,CONTRADICTED,PASS,relation_extraction
VAL-OOD,S3,S3_2fde87fc-9a99-b25c-f6b0-c93d1e161b77_2947-0_1,The current measurement of Sodium is greater than the value from the prior evaluation.,SUPPORTED,BLOCK,relation_extraction
VAL-OOD,S3,S3_50c730e1-fcea-aebb-e927-312ca5d5e714_8867-4_2,The current measurement of Heart rate is greater than the value from the prior evaluation.,SUPPORTED,BLOCK,relation_extraction
VAL-OOD,S3,S3_2a1d85b1-67ca-9b29-4089-387c281886e8_20565-8_2,"The current measurement of Carbon dioxide, total is greater than the value from the prior evaluation.",SUPPORTED,BLOCK,concept_extraction
VAL-OOD,S3,S3_cd27c35e-3838-2745-e253-b3ba8a1e964c_75626-2_1,The current measurement of Total score is greater than the value from the prior evaluation.,SUPPORTED,BLOCK,concept_extraction
VAL-OOD,S3,S3_4e91a238-aeb1-2ca6-c27b-5dd74d730503_8867-4_3,The current measurement of Heart rate is greater than the value from the prior evaluation.,SUPPORTED,BLOCK,relation_extraction
VAL-OOD,S3,S3_940b8423-478a-5013-c62e-d1c20601d662_39156-5_4,The current measurement of Body mass index (BMI) is greater than the value from the prior evaluation.,SUPPORTED,BLOCK,relation_extraction
VAL-OOD,S3,S3_0cce6f8e-2868-082b-55c9-abaef0c12a3d_3094-0_1,The current measurement of Urea nitrogen is greater than the value from the prior evaluation.,CONTRADICTED,PASS,concept_extraction
VAL-OOD,S3,S3_999be85b-4cce-8605-1a31-d3ab89a1478b_59576-9_5,The current measurement of Body mass index (BMI) is greater than the value from the prior evaluation.,CONTRADICTED,PASS,concept_extraction
VAL-OOD,S3,S3_247c449c-50dc-baeb-014e-9cdfe03499a1_787-2_0,The current measurement of MCV is greater than the value from the prior evaluation.,SUPPORTED,BLOCK,relation_extraction
VAL-OOD,S3,S3_20b5f86e-c56c-867d-e53a-7c5d9a809f02_9279-1_0,The current measurement of Respiratory rate is greater than the value from the prior evaluation.,SUPPORTED,BLOCK,relation_extraction
VAL-OOD,S3,S3_48138196-2f91-6098-1083-ed19499dde28_1975-2_0,The current measurement of Bilirubin.total is greater than the value from the prior evaluation.,CONTRADICTED,PASS,relation_extraction
VAL-OOD,S3,S3_dc8cf1af-3006-be4e-eee7-17139f849c02_8867-4_1,The current measurement of Heart rate is greater than the value from the prior evaluation.,CONTRADICTED,PASS,relation_extraction
VAL-OOD,S3,S3_2afff3af-ca26-6bc7-8d81-5df4722644f2_72514-3_2,The current measurement of Pain severity - 0-10 verbal numeric rating is greater than the value from the prior evaluation.,SUPPORTED,BLOCK,relation_extraction
VAL-OOD,S3,S3_f89416db-94c1-4f94-d3ed-6189ed887d32_29463-7_6,The current measurement of Body Weight is greater than the value from the prior evaluation.,SUPPORTED,BLOCK,relation_extraction
VAL-OOD,S3,S3_0bbbaeb6-a9c9-67c4-897f-d726de852661_70274-6_0,The current measurement of Generalized anxiety disorder 7 item (GAD-7) total score is greater than the value from the prior evaluation.,SUPPORTED,BLOCK,relation_extraction
VAL-OOD,S3,S3_2be1d412-eca7-a732-7523-31c5d9c4642f_786-4_0,The current measurement of MCHC is greater than the value from the prior evaluation.,SUPPORTED,BLOCK,relation_extraction
VAL-OOD,S3,S3_b54ec258-afa9-ef86-3979-c471d433e390_38483-4_1,The current measurement of Creatinine is greater than the value from the prior evaluation.,CONTRADICTED,PASS,concept_extraction
VAL-OOD,S3,S3_67224657-6b53-1502-26de-84bd6c31d1b2_2345-7_1,The current measurement of Glucose is greater than the value from the prior evaluation.,SUPPORTED,BLOCK,concept_extraction
VAL-OOD,S3,S3_a397aa78-b663-2abf-3f99-3a0b020021c3_785-6_0,The current measurement of MCH is greater than the value from the prior evaluation.,SUPPORTED,BLOCK,relation_extraction
VAL-OOD,S3,S3_b4c085cb-69de-91bc-81e5-2696efd5899d_70274-6_2,The current measurement of Generalized anxiety disorder 7 item (GAD-7) total score is greater than the value from the prior evaluation.,SUPPORTED,BLOCK,relation_extraction
VAL-OOD,S3,S3_e790d37e-d213-e04f-9c67-3accf9c5031e_19123-9_3,The current measurement of Magnesium is greater than the value from the prior evaluation.,SUPPORTED,BLOCK,relation_extraction
VAL-OOD,S3,S3_671887bb-8702-52bc-1caa-9e44f571f935_29463-7_0,The current measurement of Body Weight is greater than the value from the prior evaluation.,SUPPORTED,BLOCK,relation_extraction
VAL-OOD,S3,S3_b54ec258-afa9-ef86-3979-c471d433e390_2069-3_1,The current measurement of Chloride is greater than the value from the prior evaluation.,CONTRADICTED,PASS,relation_extraction
VAL-OOD,S3,S3_587b3fa1-9015-f70b-ccf3-fc68d5df2402_38483-4_5,The current measurement of Creatinine is greater than the value from the prior evaluation.,CONTRADICTED,PASS,concept_extraction
VAL-OOD,S3,S3_50c730e1-fcea-aebb-e927-312ca5d5e714_75626-2_1,The current measurement of Total score is greater than the value from the prior evaluation.,CONTRADICTED,PASS,concept_extraction
VAL-OOD,S3,S3_fa56e38d-5de0-89e2-10fe-ee22a1ae6930_2028-9_4,"The current measurement of Carbon dioxide, total is greater than the value from the prior evaluation.",SUPPORTED,BLOCK,relation_extraction
VAL-OOD,S3,S3_9b51cdee-c6fc-a37a-9b4a-91516e0c822a_14959-1_2,The current measurement of Microalbumin/Creatinine is greater than the value from the prior evaluation.,SUPPORTED,BLOCK,relation_extraction
VAL-OOD,S3,S3_9b51cdee-c6fc-a37a-9b4a-91516e0c822a_5792-7_2,The current measurement of Glucose is greater than the value from the prior evaluation.,SUPPORTED,BLOCK,concept_extraction
VAL-OOD,S3,S3_0e228e65-cc4e-dd45-015c-db4fa9249bc0_2069-3_0,The current measurement of Chloride is greater than the value from the prior evaluation.,CONTRADICTED,PASS,relation_extraction
VAL-OOD,S3,S3_20b5f86e-c56c-867d-e53a-7c5d9a809f02_9843-4_2,The current measurement of Head Occipital-frontal circumference is greater than the value from the prior evaluation.,SUPPORTED,BLOCK,relation_extraction
VAL-OOD,S3,S3_50c730e1-fcea-aebb-e927-312ca5d5e714_20565-8_2,"The current measurement of Carbon dioxide, total is greater than the value from the prior evaluation.",SUPPORTED,BLOCK,concept_extraction
VAL-OOD,S3,S3_4e91a238-aeb1-2ca6-c27b-5dd74d730503_9279-1_4,The current measurement of Respiratory rate is greater than the value from the prior evaluation.,SUPPORTED,BLOCK,relation_extraction
VAL-OOD,S3,S3_1e350ee8-0d9f-d194-ea61-d175ce5156e2_70274-6_1,The current measurement of Generalized anxiety disorder 7 item (GAD-7) total score is greater than the value from the prior evaluation.,CONTRADICTED,PASS,relation_extraction
VAL-OOD,S3,S3_ba78623c-3003-bfb2-aa9f-db34def12f80_2571-8_0,The current measurement of Triglyceride is greater than the value from the prior evaluation.,SUPPORTED,BLOCK,relation_extraction
VAL-OOD,S3,S3_2a1d85b1-67ca-9b29-4089-387c281886e8_2069-3_3,The current measurement of Chloride is greater than the value from the prior evaluation.,CONTRADICTED,PASS,relation_extraction
VAL-OOD,S3,S3_3aeae8b2-3fe0-c770-23b3-a76cab6d0e74_8867-4_1,The current measurement of Heart rate is greater than the value from the prior evaluation.,SUPPORTED,BLOCK,relation_extraction
VAL-OOD,S3,S3_587b3fa1-9015-f70b-ccf3-fc68d5df2402_29463-7_0,The current measurement of Body Weight is greater than the value from the prior evaluation.,SUPPORTED,BLOCK,relation_extraction
VAL-OOD,S3,S3_940b8423-478a-5013-c62e-d1c20601d662_82667-7_0,The current measurement of Total score is greater than the value from the prior evaluation.,SUPPORTED,BLOCK,relation_extraction
VAL-OOD,S3,S3_e790d37e-d213-e04f-9c67-3accf9c5031e_718-7_1,The current measurement of Hemoglobin is greater than the value from the prior evaluation.,SUPPORTED,BLOCK,relation_extraction
VAL-OOD,S3,S3_fa56e38d-5de0-89e2-10fe-ee22a1ae6930_70274-6_0,The current measurement of Generalized anxiety disorder 7 item (GAD-7) total score is greater than the value from the prior evaluation.,CONTRADICTED,PASS,relation_extraction
VAL-OOD,S3,S3_48138196-2f91-6098-1083-ed19499dde28_5811-5_0,The current measurement of Specific gravity of Urine by Test strip is greater than the value from the prior evaluation.,SUPPORTED,BLOCK,relation_extraction
VAL-OOD,S3,S3_0cce6f8e-2868-082b-55c9-abaef0c12a3d_785-6_0,The current measurement of MCH is greater than the value from the prior evaluation.,CONTRADICTED,PASS,relation_extraction
VAL-OOD,S3,S3_b54ec258-afa9-ef86-3979-c471d433e390_2571-8_1,The current measurement of Triglyceride is greater than the value from the prior evaluation.,CONTRADICTED,PASS,relation_extraction
VAL-OOD,S3,S3_1b9292ca-7868-319c-dbc0-4a4a42024d7b_2085-9_1,The current measurement of Cholesterol in HDL is greater than the value from the prior evaluation.,SUPPORTED,BLOCK,relation_extraction
VAL-OOD,S3,S3_8f33048a-181d-effa-7017-35ed5bcf96d8_786-4_0,The current measurement of MCHC is greater than the value from the prior evaluation.,SUPPORTED,BLOCK,relation_extraction
VAL-OOD,S3,S3_9b51cdee-c6fc-a37a-9b4a-91516e0c822a_33914-3_4,The current measurement of Glomerular filtration rate is greater than the value from the prior evaluation.,SUPPORTED,BLOCK,relation_extraction
VAL-OOD,S3,S3_52c362d6-af16-7bfd-0c1c-728560edf25f_29463-7_0,The current measurement of Body Weight is greater than the value from the prior evaluation.,SUPPORTED,BLOCK,relation_extraction
VAL-OOD,S3,S3_0e228e65-cc4e-dd45-015c-db4fa9249bc0_55758-7_0,The current measurement of Patient Health Questionnaire 2 item (PHQ-2) total score is greater than the value from the prior evaluation.,SUPPORTED,BLOCK,relation_extraction
VAL-OOD,S3,S3_3aeae8b2-3fe0-c770-23b3-a76cab6d0e74_8302-2_0,The current measurement of Body Height is greater than the value from the prior evaluation.,SUPPORTED,BLOCK,relation_extraction
VAL-OOD,S3,S3_67224657-6b53-1502-26de-84bd6c31d1b2_789-8_0,The current measurement of Erythrocytes is greater than the value from the prior evaluation.,CONTRADICTED,PASS,relation_extraction
VAL-OOD,S3,S3_587b3fa1-9015-f70b-ccf3-fc68d5df2402_38483-4_0,The current measurement of Creatinine is greater than the value from the prior evaluation.,SUPPORTED,BLOCK,concept_extraction
VAL-OOD,S3,S3_0a5e04ef-e02f-3415-51cd-6efea2a4f29f_55758-7_3,The current measurement of Patient Health Questionnaire 2 item (PHQ-2) total score is greater than the value from the prior evaluation.,SUPPORTED,BLOCK,relation_extraction
VAL-OOD,S3,S3_a121a579-1ee5-f5e7-f923-ee423e1221af_785-6_0,The current measurement of MCH is greater than the value from the prior evaluation.,CONTRADICTED,PASS,relation_extraction
VAL-OOD,S3,S3_1b9292ca-7868-319c-dbc0-4a4a42024d7b_2339-0_3,The current measurement of Glucose is greater than the value from the prior evaluation.,SUPPORTED,BLOCK,relation_extraction
VAL-OOD,S3,S3_a303d83e-435d-643a-948a-6b38e7b47dcb_75626-2_5,The current measurement of Total score is greater than the value from the prior evaluation.,CONTRADICTED,PASS,concept_extraction
VAL-OOD,S3,S3_9eefe263-8630-dbaf-6ae5-df45848170a8_29463-7_3,The current measurement of Body Weight is greater than the value from the prior evaluation.,SUPPORTED,BLOCK,relation_extraction
VAL-OOD,S3,S3_37880a8f-7419-aa4a-c59f-fe51c956c13e_2571-8_1,The current measurement of Triglyceride is greater than the value from the prior evaluation.,SUPPORTED,BLOCK,relation_extraction
VAL-OOD,S3,S3_67224657-6b53-1502-26de-84bd6c31d1b2_6768-6_0,The current measurement of Alkaline phosphatase is greater than the value from the prior evaluation.,CONTRADICTED,PASS,relation_extraction
VAL-OOD,S3,S3_fad006ec-3fa3-256a-d410-934d7204aa24_4544-3_0,The current measurement of Hematocrit is greater than the value from the prior evaluation.,SUPPORTED,BLOCK,relation_extraction
VAL-OOD,S3,S3_2be1d412-eca7-a732-7523-31c5d9c4642f_2093-3_3,The current measurement of Cholesterol is greater than the value from the prior evaluation.,CONTRADICTED,PASS,relation_extraction
VAL-OOD,S3,S3_fa56e38d-5de0-89e2-10fe-ee22a1ae6930_6298-4_3,The current measurement of Potassium is greater than the value from the prior evaluation.,SUPPORTED,BLOCK,relation_extraction
VAL-OOD,S3,S3_69be2004-fee7-e16d-da17-c8048f0129af_4544-3_0,The current measurement of Hematocrit is greater than the value from the prior evaluation.,CONTRADICTED,PASS,relation_extraction
VAL-OOD,S3,S3_d769c958-48e2-d146-9c66-da3d2a0648d6_8302-2_0,The current measurement of Body Height is greater than the value from the prior evaluation.,SUPPORTED,BLOCK,relation_extraction
VAL-OOD,S3,S3_ab7f04e1-4167-33b1-eb0b-efe7d1a29989_2085-9_0,The current measurement of Cholesterol in HDL is greater than the value from the prior evaluation.,SUPPORTED,BLOCK,relation_extraction
VAL-OOD,S3,S3_c720759f-a288-fa5c-1892-ca34ef5f92ac_4544-3_0,The current measurement of Hematocrit is greater than the value from the prior evaluation.,CONTRADICTED,PASS,relation_extraction
VAL-OOD,S3,S3_0bafb561-dbd2-bd7f-922c-4005dbbf10c0_9279-1_0,The current measurement of Respiratory rate is greater than the value from the prior evaluation.,CONTRADICTED,PASS,relation_extraction
VAL-OOD,S3,S3_69be2004-fee7-e16d-da17-c8048f0129af_59576-9_2,The current measurement of Body mass index (BMI) is greater than the value from the prior evaluation.,CONTRADICTED,PASS,concept_extraction
VAL-OOD,S3,S3_bace887c-5e17-a2f3-9357-a302191ef44b_785-6_1,The current measurement of MCH is greater than the value from the prior evaluation.,SUPPORTED,BLOCK,relation_extraction
VAL-OOD,S3,S3_9eefe263-8630-dbaf-6ae5-df45848170a8_10834-0_1,The current measurement of Globulin is greater than the value from the prior evaluation.,CONTRADICTED,PASS,relation_extraction
VAL-OOD,S3,S3_0cce6f8e-2868-082b-55c9-abaef0c12a3d_2571-8_1,The current measurement of Triglyceride is greater than the value from the prior evaluation.,SUPPORTED,BLOCK,relation_extraction
VAL-OOD,S3,S3_12dc0d0e-b4e2-4a49-f2d3-5ad56cf84a6f_2947-0_1,The current measurement of Sodium is greater than the value from the prior evaluation.,SUPPORTED,BLOCK,relation_extraction
VAL-OOD,S3,S3_26d35d86-e218-72c3-e525-dc35ca838390_39156-5_1,The current measurement of Body mass index (BMI) is greater than the value from the prior evaluation.,CONTRADICTED,PASS,relation_extraction
VAL-OOD,S3,S3_f1c75e52-1956-a7db-5623-696c75ea49bd_39156-5_0,The current measurement of Body mass index (BMI) is greater than the value from the prior evaluation.,CONTRADICTED,PASS,relation_extraction
VAL-OOD,S3,S3_0a5e04ef-e02f-3415-51cd-6efea2a4f29f_2339-0_1,The current measurement of Glucose is greater than the value from the prior evaluation.,CONTRADICTED,PASS,relation_extraction
VAL-OOD,S3,S3_e69020cc-edfa-b575-66a9-30df9e83e1ec_70274-6_4,The current measurement of Generalized anxiety disorder 7 item (GAD-7) total score is greater than the value from the prior evaluation.,SUPPORTED,BLOCK,relation_extraction
VAL-OOD,S3,S3_999be85b-4cce-8605-1a31-d3ab89a1478b_72514-3_5,The current measurement of Pain severity - 0-10 verbal numeric rating is greater than the value from the prior evaluation.,CONTRADICTED,PASS,relation_extraction
VAL-OOD,S3,S3_e69020cc-edfa-b575-66a9-30df9e83e1ec_788-0_0,The current measurement of Erythrocyte is greater than the value from the prior evaluation.,CONTRADICTED,PASS,relation_extraction
VAL-OOD,S3,S3_587b3fa1-9015-f70b-ccf3-fc68d5df2402_49765-1_4,The current measurement of Calcium is greater than the value from the prior evaluation.,CONTRADICTED,PASS,relation_extraction
VAL-OOD,S3,S3_2595af4c-f6b6-3761-60ea-4d68138267be_9279-1_5,The current measurement of Respiratory rate is greater than the value from the prior evaluation.,SUPPORTED,BLOCK,relation_extraction
VAL-OOD,S3,S3_3aeae8b2-3fe0-c770-23b3-a76cab6d0e74_32207-3_1,The current measurement of Platelet distribution width is greater than the value from the prior evaluation.,CONTRADICTED,PASS,relation_extraction
VAL-OOD,S3,S3_1b9292ca-7868-319c-dbc0-4a4a42024d7b_6299-2_4,The current measurement of Urea nitrogen is greater than the value from the prior evaluation.,SUPPORTED,BLOCK,relation_extraction
VAL-OOD,S3,S3_12dc0d0e-b4e2-4a49-f2d3-5ad56cf84a6f_20565-8_1,"The current measurement of Carbon dioxide, total is greater than the value from the prior evaluation.",CONTRADICTED,PASS,concept_extraction
VAL-OOD,S3,S3_a303d83e-435d-643a-948a-6b38e7b47dcb_2951-2_0,The current measurement of Sodium is greater than the value from the prior evaluation.,CONTRADICTED,PASS,concept_extraction
VAL-OOD,S3,S3_ba78623c-3003-bfb2-aa9f-db34def12f80_2085-9_1,The current measurement of Cholesterol in HDL is greater than the value from the prior evaluation.,SUPPORTED,BLOCK,relation_extraction
VAL-OOD,S3,S3_0e228e65-cc4e-dd45-015c-db4fa9249bc0_72514-3_0,The current measurement of Pain severity - 0-10 verbal numeric rating is greater than the value from the prior evaluation.,SUPPORTED,BLOCK,relation_extraction
VAL-OOD,S3,S3_f89416db-94c1-4f94-d3ed-6189ed887d32_2571-8_0,The current measurement of Triglyceride is greater than the value from the prior evaluation.,SUPPORTED,BLOCK,relation_extraction
VAL-OOD,S3,S3_fa56e38d-5de0-89e2-10fe-ee22a1ae6930_82667-7_2,The current measurement of Total score is greater than the value from the prior evaluation.,SUPPORTED,BLOCK,relation_extraction
VAL-OOD,S3,S3_ef393134-8e8f-5507-93a3-fd0064375dee_55758-7_7,The current measurement of Patient Health Questionnaire 2 item (PHQ-2) total score is greater than the value from the prior evaluation.,SUPPORTED,BLOCK,relation_extraction
VAL-OOD,S3,S3_587b3fa1-9015-f70b-ccf3-fc68d5df2402_55758-7_0,The current measurement of Patient Health Questionnaire 2 item (PHQ-2) total score is greater than the value from the prior evaluation.,CONTRADICTED,PASS,relation_extraction
VAL-OOD,S3,S3_c18cb5a7-08de-d1f9-8d5c-08fb1057df07_9279-1_4,The current measurement of Respiratory rate is greater than the value from the prior evaluation.,SUPPORTED,BLOCK,relation_extraction
VAL-OOD,S3,S3_8f2afb80-fce6-738c-c04f-d31a3629a8e8_39156-5_2,The current measurement of Body mass index (BMI) is greater than the value from the prior evaluation.,CONTRADICTED,PASS,relation_extraction
VAL-OOD,S3,S3_2f199102-8309-e6c4-7d0f-d8f61dbbb039_77606-2_0,The current measurement of Weight-for-length Per age and sex is greater than the value from the prior evaluation.,CONTRADICTED,PASS,relation_extraction
VAL-OOD,S3,S3_cd27c35e-3838-2745-e253-b3ba8a1e964c_6690-2_0,The current measurement of Leukocytes is greater than the value from the prior evaluation.,CONTRADICTED,PASS,relation_extraction
VAL-OOD,S3,S3_a303d83e-435d-643a-948a-6b38e7b47dcb_55758-7_6,The current measurement of Patient Health Questionnaire 2 item (PHQ-2) total score is greater than the value from the prior evaluation.,CONTRADICTED,PASS,relation_extraction
VAL-OOD,S3,S3_0e228e65-cc4e-dd45-015c-db4fa9249bc0_6299-2_4,The current measurement of Urea nitrogen is greater than the value from the prior evaluation.,CONTRADICTED,PASS,relation_extraction
VAL-OOD,S3,S3_12dc0d0e-b4e2-4a49-f2d3-5ad56cf84a6f_49765-1_4,The current measurement of Calcium is greater than the value from the prior evaluation.,SUPPORTED,BLOCK,relation_extraction
VAL-OOD,S3,S3_059d4a5e-7869-65af-a13d-e49f65e626ee_9279-1_4,The current measurement of Respiratory rate is greater than the value from the prior evaluation.,CONTRADICTED,PASS,relation_extraction
VAL-OOD,S3,S3_2fde87fc-9a99-b25c-f6b0-c93d1e161b77_33914-3_4,The current measurement of Glomerular filtration rate is greater than the value from the prior evaluation.,CONTRADICTED,PASS,relation_extraction
VAL-OOD,S3,S3_48138196-2f91-6098-1083-ed19499dde28_6690-2_2,The current measurement of Leukocytes is greater than the value from the prior evaluation.,SUPPORTED,BLOCK,relation_extraction
VAL-OOD,S3,S3_50c730e1-fcea-aebb-e927-312ca5d5e714_72514-3_0,The current measurement of Pain severity - 0-10 verbal numeric rating is greater than the value from the prior evaluation.,SUPPORTED,BLOCK,relation_extraction
VAL-OOD,S3,S3_2f199102-8309-e6c4-7d0f-d8f61dbbb039_72514-3_2,The current measurement of Pain severity - 0-10 verbal numeric rating is greater than the value from the prior evaluation.,SUPPORTED,BLOCK,relation_extraction
VAL-OOD,S3,S3_b54ec258-afa9-ef86-3979-c471d433e390_20565-8_2,"The current measurement of Carbon dioxide, total is greater than the value from the prior evaluation.",SUPPORTED,BLOCK,concept_extraction
VAL-OOD,S3,S3_4887db4a-ef42-70d0-86b6-ff5786ac381f_2571-8_0,The current measurement of Triglyceride is greater than the value from the prior evaluation.,SUPPORTED,BLOCK,relation_extraction
VAL-OOD,S3,S3_39dfa3f0-af3a-7304-b965-7b38c7e45452_6690-2_0,The current measurement of Leukocytes is greater than the value from the prior evaluation.,CONTRADICTED,PASS,relation_extraction
VAL-OOD,S3,S3_96a807e2-0504-b50d-3c7a-d691d66ca218_29463-7_0,The current measurement of Body Weight is greater than the value from the prior evaluation.,SUPPORTED,BLOCK,relation_extraction
VAL-OOD,S3,S3_587b3fa1-9015-f70b-ccf3-fc68d5df2402_8867-4_1,The current measurement of Heart rate is greater than the value from the prior evaluation.,CONTRADICTED,PASS,relation_extraction
VAL-OOD,S3,S3_04464864-a581-493c-5c0a-7f2da0755a0b_70274-6_0,The current measurement of Generalized anxiety disorder 7 item (GAD-7) total score is greater than the value from the prior evaluation.,SUPPORTED,BLOCK,relation_extraction
VAL-OOD,S3,S3_55f397ca-056d-e87c-776a-bae5409c34bc_4548-4_3,The current measurement of Hemoglobin A1c/Hemoglobin.total in Blood is greater than the value from the prior evaluation.,SUPPORTED,BLOCK,relation_extraction
VAL-OOD,S3,S3_88e24f16-78a3-6ff2-9bf6-b5131a17e1b5_9279-1_0,The current measurement of Respiratory rate is greater than the value from the prior evaluation.,SUPPORTED,BLOCK,relation_extraction
VAL-OOD,S3,S3_12dc0d0e-b4e2-4a49-f2d3-5ad56cf84a6f_9279-1_2,The current measurement of Respiratory rate is greater than the value from the prior evaluation.,CONTRADICTED,PASS,relation_extraction
VAL-OOD,S3,S3_88e24f16-78a3-6ff2-9bf6-b5131a17e1b5_89204-2_1,The current measurement of Patient Health Questionnaire-9: Modified for Teens total score is greater than the value from the prior evaluation.,CONTRADICTED,PASS,relation_extraction
VAL-OOD,S3,S3_999be85b-4cce-8605-1a31-d3ab89a1478b_9279-1_4,The current measurement of Respiratory rate is greater than the value from the prior evaluation.,SUPPORTED,BLOCK,relation_extraction
VAL-OOD,S3,S3_b4c085cb-69de-91bc-81e5-2696efd5899d_2085-9_1,The current measurement of Cholesterol in HDL is greater than the value from the prior evaluation.,SUPPORTED,BLOCK,relation_extraction
VAL-OOD,S3,S3_96a807e2-0504-b50d-3c7a-d691d66ca218_55758-7_4,The current measurement of Patient Health Questionnaire 2 item (PHQ-2) total score is greater than the value from the prior evaluation.,SUPPORTED,BLOCK,relation_extraction
VAL-OOD,S3,S3_88e24f16-78a3-6ff2-9bf6-b5131a17e1b5_72514-3_1,The current measurement of Pain severity - 0-10 verbal numeric rating is greater than the value from the prior evaluation.,CONTRADICTED,PASS,relation_extraction
VAL-OOD,S3,S3_2fde87fc-9a99-b25c-f6b0-c93d1e161b77_2093-3_1,The current measurement of Cholesterol is greater than the value from the prior evaluation.,SUPPORTED,BLOCK,relation_extraction
VAL-OOD,S3,S3_671887bb-8702-52bc-1caa-9e44f571f935_8867-4_4,The current measurement of Heart rate is greater than the value from the prior evaluation.,SUPPORTED,BLOCK,relation_extraction
VAL-OOD,S3,S3_b54ec258-afa9-ef86-3979-c471d433e390_2947-0_1,The current measurement of Sodium is greater than the value from the prior evaluation.,SUPPORTED,BLOCK,relation_extraction
VAL-OOD,S3,S3_0e228e65-cc4e-dd45-015c-db4fa9249bc0_6298-4_3,The current measurement of Potassium is greater than the value from the prior evaluation.,SUPPORTED,BLOCK,relation_extraction
VAL-OOD,S3,S3_940b8423-478a-5013-c62e-d1c20601d662_70274-6_4,The current measurement of Generalized anxiety disorder 7 item (GAD-7) total score is greater than the value from the prior evaluation.,SUPPORTED,BLOCK,relation_extraction
VAL-OOD,S3,S3_b54ec258-afa9-ef86-3979-c471d433e390_72514-3_4,The current measurement of Pain severity - 0-10 verbal numeric rating is greater than the value from the prior evaluation.,CONTRADICTED,PASS,relation_extraction
VAL-OOD,S3,S3_05d82f23-e25f-883c-4654-e50f9630cb94_788-0_0,The current measurement of Erythrocyte is greater than the value from the prior evaluation.,SUPPORTED,BLOCK,relation_extraction
VAL-OOD,S3,S3_26d35d86-e218-72c3-e525-dc35ca838390_8302-2_2,The current measurement of Body Height is greater than the value from the prior evaluation.,SUPPORTED,BLOCK,relation_extraction
VAL-OOD,S3,S3_bace887c-5e17-a2f3-9357-a302191ef44b_4544-3_1,The current measurement of Hematocrit is greater than the value from the prior evaluation.,SUPPORTED,BLOCK,relation_extraction
VAL-OOD,S3,S3_8d0f8613-b58d-8904-0ddc-6aeea9049906_55758-7_1,The current measurement of Patient Health Questionnaire 2 item (PHQ-2) total score is greater than the value from the prior evaluation.,SUPPORTED,BLOCK,relation_extraction
VAL-OOD,S3,S3_08006612-13e0-e3bd-78d2-d3ef0c9e5368_29463-7_3,The current measurement of Body Weight is greater than the value from the prior evaluation.,SUPPORTED,BLOCK,relation_extraction
VAL-OOD,S3,S3_059d4a5e-7869-65af-a13d-e49f65e626ee_18262-6_3,The current measurement of Cholesterol in LDL is greater than the value from the prior evaluation.,SUPPORTED,BLOCK,relation_extraction
VAL-OOD,S3,S3_ac3b173e-153a-60e5-2ba9-98f9a41b0901_82667-7_0,The current measurement of Total score is greater than the value from the prior evaluation.,CONTRADICTED,PASS,relation_extraction
VAL-OOD,S3,S3_e69020cc-edfa-b575-66a9-30df9e83e1ec_718-7_0,The current measurement of Hemoglobin is greater than the value from the prior evaluation.,SUPPORTED,BLOCK,relation_extraction
VAL-OOD,S3,S3_0a5e04ef-e02f-3415-51cd-6efea2a4f29f_2947-0_4,The current measurement of Sodium is greater than the value from the prior evaluation.,CONTRADICTED,PASS,relation_extraction
VAL-OOD,S3,S3_558e0ad4-8f5b-24ba-102d-e32fc61b2365_8867-4_2,The current measurement of Heart rate is greater than the value from the prior evaluation.,SUPPORTED,BLOCK,relation_extraction
VAL-OOD,S3,S3_05d82f23-e25f-883c-4654-e50f9630cb94_70274-6_4,The current measurement of Generalized anxiety disorder 7 item (GAD-7) total score is greater than the value from the prior evaluation.,SUPPORTED,BLOCK,relation_extraction
VAL-OOD,S3,S3_0a5e04ef-e02f-3415-51cd-6efea2a4f29f_6298-4_1,The current measurement of Potassium is greater than the value from the prior evaluation.,SUPPORTED,BLOCK,relation_extraction
VAL-OOD,S3,S3_d769c958-48e2-d146-9c66-da3d2a0648d6_8867-4_4,The current measurement of Heart rate is greater than the value from the prior evaluation.,CONTRADICTED,PASS,relation_extraction
VAL-OOD,S3,S3_4085fe68-e748-550f-bec1-77cecb8a1198_49765-1_4,The current measurement of Calcium is greater than the value from the prior evaluation.,CONTRADICTED,PASS,relation_extraction
VAL-OOD,S3,S3_2e0b6f71-aeb2-06aa-446d-66538396d635_55758-7_1,The current measurement of Patient Health Questionnaire 2 item (PHQ-2) total score is greater than the value from the prior evaluation.,SUPPORTED,BLOCK,relation_extraction
VAL-OOD,S3,S3_8b28039b-9ecb-14f7-1493-1c87bfe10855_2885-2_1,The current measurement of Protein is greater than the value from the prior evaluation.,CONTRADICTED,PASS,relation_extraction
VAL-OOD,S3,S3_2fde87fc-9a99-b25c-f6b0-c93d1e161b77_2085-9_3,The current measurement of Cholesterol in HDL is greater than the value from the prior evaluation.,CONTRADICTED,PASS,relation_extraction
VAL-OOD,S3,S3_558e0ad4-8f5b-24ba-102d-e32fc61b2365_32207-3_0,The current measurement of Platelet distribution width is greater than the value from the prior evaluation.,CONTRADICTED,PASS,relation_extraction
VAL-OOD,S3,S3_f1b97c32-2278-d681-7b9b-2d9c9fad9d9f_38483-4_0,The current measurement of Creatinine is greater than the value from the prior evaluation.,SUPPORTED,BLOCK,concept_extraction
VAL-OOD,S3,S3_a81ac007-b80c-ad81-7317-bdc46a57b421_2069-3_2,The current measurement of Chloride is greater than the value from the prior evaluation.,SUPPORTED,BLOCK,relation_extraction
VAL-OOD,S3,S3_67224657-6b53-1502-26de-84bd6c31d1b2_3094-0_1,The current measurement of Urea nitrogen is greater than the value from the prior evaluation.,SUPPORTED,BLOCK,concept_extraction
VAL-OOD,S3,S3_08006612-13e0-e3bd-78d2-d3ef0c9e5368_72514-3_2,The current measurement of Pain severity - 0-10 verbal numeric rating is greater than the value from the prior evaluation.,CONTRADICTED,PASS,relation_extraction
VAL-OOD,S3,S3_8b28039b-9ecb-14f7-1493-1c87bfe10855_3094-0_19,The current measurement of Urea nitrogen is greater than the value from the prior evaluation.,CONTRADICTED,PASS,concept_extraction
VAL-OOD,S3,S3_ec77d270-ed7e-d393-c2d5-cad04fb8944d_785-6_1,The current measurement of MCH is greater than the value from the prior evaluation.,SUPPORTED,BLOCK,relation_extraction
VAL-OOD,S3,S3_3aeae8b2-3fe0-c770-23b3-a76cab6d0e74_4544-3_0,The current measurement of Hematocrit is greater than the value from the prior evaluation.,CONTRADICTED,PASS,relation_extraction
VAL-OOD,S3,S3_1e350ee8-0d9f-d194-ea61-d175ce5156e2_32207-3_0,The current measurement of Platelet distribution width is greater than the value from the prior evaluation.,SUPPORTED,BLOCK,relation_extraction
VAL-OOD,S3,S3_3793f45c-3b1c-5ab1-6a65-62132ce19689_77606-2_1,The current measurement of Weight-for-length Per age and sex is greater than the value from the prior evaluation.,SUPPORTED,BLOCK,relation_extraction
VAL-OOD,S3,S3_67224657-6b53-1502-26de-84bd6c31d1b2_10834-0_4,The current measurement of Globulin is greater than the value from the prior evaluation.,SUPPORTED,BLOCK,relation_extraction
VAL-OOD,S3,S3_381631aa-b9ee-3fef-e263-a08f40809698_39156-5_4,The current measurement of Body mass index (BMI) is greater than the value from the prior evaluation.,SUPPORTED,BLOCK,relation_extraction
VAL-OOD,S3,S3_2e0b6f71-aeb2-06aa-446d-66538396d635_75626-2_0,The current measurement of Total score is greater than the value from the prior evaluation.,CONTRADICTED,PASS,concept_extraction
VAL-OOD,S3,S3_a81ac007-b80c-ad81-7317-bdc46a57b421_72514-3_0,The current measurement of Pain severity - 0-10 verbal numeric rating is greater than the value from the prior evaluation.,SUPPORTED,BLOCK,relation_extraction
VAL-OOD,S3,S3_0a5e04ef-e02f-3415-51cd-6efea2a4f29f_18262-6_0,The current measurement of Cholesterol in LDL is greater than the value from the prior evaluation.,SUPPORTED,BLOCK,relation_extraction
VAL-OOD,S3,S3_37880a8f-7419-aa4a-c59f-fe51c956c13e_9279-1_2,The current measurement of Respiratory rate is greater than the value from the prior evaluation.,CONTRADICTED,PASS,relation_extraction
VAL-OOD,S3,S3_a81ac007-b80c-ad81-7317-bdc46a57b421_6299-2_1,The current measurement of Urea nitrogen is greater than the value from the prior evaluation.,SUPPORTED,BLOCK,relation_extraction
VAL-OOD,S3,S3_fa56e38d-5de0-89e2-10fe-ee22a1ae6930_2075-0_1,The current measurement of Chloride is greater than the value from the prior evaluation.,CONTRADICTED,PASS,concept_extraction
VAL-OOD,S3,S3_67224657-6b53-1502-26de-84bd6c31d1b2_5804-0_2,The current measurement of Protein is greater than the value from the prior evaluation.,SUPPORTED,BLOCK,concept_extraction
VAL-OOD,S3,S3_e69020cc-edfa-b575-66a9-30df9e83e1ec_9279-1_7,The current measurement of Respiratory rate is greater than the value from the prior evaluation.,SUPPORTED,BLOCK,relation_extraction
VAL-OOD,S3,S3_671887bb-8702-52bc-1caa-9e44f571f935_9843-4_0,The current measurement of Head Occipital-frontal circumference is greater than the value from the prior evaluation.,SUPPORTED,BLOCK,relation_extraction
VAL-OOD,S3,S3_0e228e65-cc4e-dd45-015c-db4fa9249bc0_2093-3_0,The current measurement of Cholesterol is greater than the value from the prior evaluation.,CONTRADICTED,PASS,relation_extraction
VAL-OOD,S3,S3_fa56e38d-5de0-89e2-10fe-ee22a1ae6930_20565-8_3,"The current measurement of Carbon dioxide, total is greater than the value from the prior evaluation.",SUPPORTED,BLOCK,concept_extraction
VAL-OOD,S3,S3_2afff3af-ca26-6bc7-8d81-5df4722644f2_39156-5_1,The current measurement of Body mass index (BMI) is greater than the value from the prior evaluation.,SUPPORTED,BLOCK,relation_extraction
VAL-OOD,S3,S3_91b4e250-d3cb-c15f-f155-853277626129_20565-8_0,"The current measurement of Carbon dioxide, total is greater than the value from the prior evaluation.",SUPPORTED,BLOCK,concept_extraction
VAL-OOD,S3,S3_2be1d412-eca7-a732-7523-31c5d9c4642f_49765-1_3,The current measurement of Calcium is greater than the value from the prior evaluation.,SUPPORTED,BLOCK,relation_extraction
VAL-OOD,S3,S3_1e350ee8-0d9f-d194-ea61-d175ce5156e2_788-0_0,The current measurement of Erythrocyte is greater than the value from the prior evaluation.,CONTRADICTED,PASS,relation_extraction
VAL-OOD,S3,S3_999be85b-4cce-8605-1a31-d3ab89a1478b_32207-3_0,The current measurement of Platelet distribution width is greater than the value from the prior evaluation.,CONTRADICTED,PASS,relation_extraction
VAL-OOD,S3,S3_e790d37e-d213-e04f-9c67-3accf9c5031e_2069-3_4,The current measurement of Chloride is greater than the value from the prior evaluation.,CONTRADICTED,PASS,relation_extraction
VAL-OOD,S3,S3_48f6bee6-4128-a40f-1dc5-90e4375c89d3_2069-3_0,The current measurement of Chloride is greater than the value from the prior evaluation.,CONTRADICTED,PASS,relation_extraction
VAL-OOD,S3,S3_48f6bee6-4128-a40f-1dc5-90e4375c89d3_785-6_0,The current measurement of MCH is greater than the value from the prior evaluation.,CONTRADICTED,PASS,relation_extraction
VAL-OOD,S3,S3_cd27c35e-3838-2745-e253-b3ba8a1e964c_49765-1_3,The current measurement of Calcium is greater than the value from the prior evaluation.,CONTRADICTED,PASS,relation_extraction
VAL-OOD,S3,S3_12dc0d0e-b4e2-4a49-f2d3-5ad56cf84a6f_2093-3_3,The current measurement of Cholesterol is greater than the value from the prior evaluation.,SUPPORTED,BLOCK,relation_extraction
VAL-OOD,S3,S3_1b1be498-8833-65d6-53f8-b872dc2c7e9a_8867-4_0,The current measurement of Heart rate is greater than the value from the prior evaluation.,CONTRADICTED,PASS,relation_extraction
VAL-OOD,S3,S3_e790d37e-d213-e04f-9c67-3accf9c5031e_786-4_3,The current measurement of MCHC is greater than the value from the prior evaluation.,SUPPORTED,BLOCK,relation_extraction
VAL-OOD,S3,S3_940b8423-478a-5013-c62e-d1c20601d662_72514-3_4,The current measurement of Pain severity - 0-10 verbal numeric rating is greater than the value from the prior evaluation.,CONTRADICTED,PASS,relation_extraction
VAL-OOD,S3,S3_37880a8f-7419-aa4a-c59f-fe51c956c13e_20565-8_0,"The current measurement of Carbon dioxide, total is greater than the value from the prior evaluation.",SUPPORTED,BLOCK,concept_extraction
VAL-OOD,S3,S3_ed70a6af-baef-8594-7320-f35d0807c63b_788-0_0,The current measurement of Erythrocyte is greater than the value from the prior evaluation.,SUPPORTED,BLOCK,relation_extraction
VAL-OOD,S3,S3_fa56e38d-5de0-89e2-10fe-ee22a1ae6930_4544-3_0,The current measurement of Hematocrit is greater than the value from the prior evaluation.,CONTRADICTED,PASS,relation_extraction
VAL-OOD,S3,S3_8f33048a-181d-effa-7017-35ed5bcf96d8_8867-4_3,The current measurement of Heart rate is greater than the value from the prior evaluation.,SUPPORTED,BLOCK,relation_extraction
VAL-OOD,S3,S3_a303d83e-435d-643a-948a-6b38e7b47dcb_72514-3_3,The current measurement of Pain severity - 0-10 verbal numeric rating is greater than the value from the prior evaluation.,SUPPORTED,BLOCK,relation_extraction
VAL-OOD,S3,S3_12e7fda3-ae22-df05-399a-a4908a5dfec0_2069-3_3,The current measurement of Chloride is greater than the value from the prior evaluation.,CONTRADICTED,PASS,relation_extraction
VAL-OOD,S3,S3_55f397ca-056d-e87c-776a-bae5409c34bc_6298-4_0,The current measurement of Potassium is greater than the value from the prior evaluation.,CONTRADICTED,PASS,relation_extraction
VAL-OOD,S3,S3_67224657-6b53-1502-26de-84bd6c31d1b2_17861-6_4,The current measurement of Calcium is greater than the value from the prior evaluation.,CONTRADICTED,PASS,concept_extraction
VAL-OOD,S3,S3_52c362d6-af16-7bfd-0c1c-728560edf25f_4544-3_0,The current measurement of Hematocrit is greater than the value from the prior evaluation.,SUPPORTED,BLOCK,relation_extraction
VAL-OOD,S3,S3_0a5e04ef-e02f-3415-51cd-6efea2a4f29f_2093-3_2,The current measurement of Cholesterol is greater than the value from the prior evaluation.,CONTRADICTED,PASS,relation_extraction
VAL-OOD,S3,S3_2afff3af-ca26-6bc7-8d81-5df4722644f2_2571-8_1,The current measurement of Triglyceride is greater than the value from the prior evaluation.,CONTRADICTED,PASS,relation_extraction
VAL-OOD,S3,S3_37880a8f-7419-aa4a-c59f-fe51c956c13e_44261-6_0,The current measurement of Patient Health Questionnaire 9 item (PHQ-9) total score is greater than the value from the prior evaluation.,CONTRADICTED,PASS,relation_extraction
VAL-OOD,S3,S3_50c730e1-fcea-aebb-e927-312ca5d5e714_4548-4_1,The current measurement of Hemoglobin A1c/Hemoglobin.total in Blood is greater than the value from the prior evaluation.,CONTRADICTED,PASS,relation_extraction
VAL-OOD,S3,S3_f1b97c32-2278-d681-7b9b-2d9c9fad9d9f_70274-6_0,The current measurement of Generalized anxiety disorder 7 item (GAD-7) total score is greater than the value from the prior evaluation.,SUPPORTED,BLOCK,relation_extraction
VAL-OOD,S3,S3_8f2afb80-fce6-738c-c04f-d31a3629a8e8_9279-1_4,The current measurement of Respiratory rate is greater than the value from the prior evaluation.,SUPPORTED,BLOCK,relation_extraction
VAL-OOD,S3,S3_a397aa78-b663-2abf-3f99-3a0b020021c3_39156-5_4,The current measurement of Body mass index (BMI) is greater than the value from the prior evaluation.,CONTRADICTED,PASS,relation_extraction
VAL-OOD,S3,S3_2afff3af-ca26-6bc7-8d81-5df4722644f2_39156-5_2,The current measurement of Body mass index (BMI) is greater than the value from the prior evaluation.,SUPPORTED,BLOCK,relation_extraction
VAL-OOD,S3,S3_d8dab272-df03-c1bf-0dbf-4f163227def4_9279-1_0,The current measurement of Respiratory rate is greater than the value from the prior evaluation.,CONTRADICTED,PASS,relation_extraction
VAL-OOD,S3,S3_8b28039b-9ecb-14f7-1493-1c87bfe10855_2085-9_3,The current measurement of Cholesterol in HDL is greater than the value from the prior evaluation.,SUPPORTED,BLOCK,relation_extraction
VAL-OOD,S3,S3_059d4a5e-7869-65af-a13d-e49f65e626ee_49765-1_2,The current measurement of Calcium is greater than the value from the prior evaluation.,CONTRADICTED,PASS,relation_extraction
VAL-OOD,S3,S3_37880a8f-7419-aa4a-c59f-fe51c956c13e_20565-8_2,"The current measurement of Carbon dioxide, total is greater than the value from the prior evaluation.",CONTRADICTED,PASS,concept_extraction
VAL-OOD,S3,S3_8ddfd245-750f-8c5c-af5f-15ce76af2969_718-7_4,The current measurement of Hemoglobin is greater than the value from the prior evaluation.,CONTRADICTED,PASS,relation_extraction
VAL-OOD,S3,S3_2be1d412-eca7-a732-7523-31c5d9c4642f_1742-6_1,The current measurement of Alanine aminotransferase is greater than the value from the prior evaluation.,SUPPORTED,BLOCK,relation_extraction
VAL-OOD,S3,S3_e790d37e-d213-e04f-9c67-3accf9c5031e_29463-7_3,The current measurement of Body Weight is greater than the value from the prior evaluation.,SUPPORTED,BLOCK,relation_extraction
VAL-OOD,S3,S3_ed70a6af-baef-8594-7320-f35d0807c63b_718-7_0,The current measurement of Hemoglobin is greater than the value from the prior evaluation.,SUPPORTED,BLOCK,relation_extraction
VAL-OOD,S3,S3_55f397ca-056d-e87c-776a-bae5409c34bc_82667-7_0,The current measurement of Total score is greater than the value from the prior evaluation.,CONTRADICTED,PASS,relation_extraction
VAL-OOD,S3,S3_0a5e04ef-e02f-3415-51cd-6efea2a4f29f_2085-9_1,The current measurement of Cholesterol in HDL is greater than the value from the prior evaluation.,SUPPORTED,BLOCK,relation_extraction
VAL-OOD,S3,S3_4085fe68-e748-550f-bec1-77cecb8a1198_1742-6_4,The current measurement of Alanine aminotransferase is greater than the value from the prior evaluation.,CONTRADICTED,PASS,relation_extraction
VAL-OOD,S3,S3_2be1d412-eca7-a732-7523-31c5d9c4642f_10834-0_0,The current measurement of Globulin is greater than the value from the prior evaluation.,SUPPORTED,BLOCK,relation_extraction
VAL-OOD,S3,S3_b5280785-d647-1ee7-6c20-a175bd717aed_785-6_0,The current measurement of MCH is greater than the value from the prior evaluation.,SUPPORTED,BLOCK,relation_extraction
VAL-OOD,S3,S3_37880a8f-7419-aa4a-c59f-fe51c956c13e_8867-4_2,The current measurement of Heart rate is greater than the value from the prior evaluation.,SUPPORTED,BLOCK,relation_extraction
VAL-OOD,S3,S3_8b28039b-9ecb-14f7-1493-1c87bfe10855_55758-7_0,The current measurement of Patient Health Questionnaire 2 item (PHQ-2) total score is greater than the value from the prior evaluation.,SUPPORTED,BLOCK,relation_extraction
VAL-OOD,S3,S3_0cce6f8e-2868-082b-55c9-abaef0c12a3d_2075-0_1,The current measurement of Chloride is greater than the value from the prior evaluation.,CONTRADICTED,PASS,concept_extraction
VAL-OOD,S3,S3_0a5e04ef-e02f-3415-51cd-6efea2a4f29f_18262-6_2,The current measurement of Cholesterol in LDL is greater than the value from the prior evaluation.,CONTRADICTED,PASS,relation_extraction
VAL-OOD,S3,S3_67224657-6b53-1502-26de-84bd6c31d1b2_29463-7_16,The current measurement of Body Weight is greater than the value from the prior evaluation.,CONTRADICTED,PASS,relation_extraction
VAL-OOD,S3,S3_04464864-a581-493c-5c0a-7f2da0755a0b_8302-2_0,The current measurement of Body Height is greater than the value from the prior evaluation.,SUPPORTED,BLOCK,relation_extraction
VAL-OOD,S3,S3_f89416db-94c1-4f94-d3ed-6189ed887d32_785-6_0,The current measurement of MCH is greater than the value from the prior evaluation.,CONTRADICTED,PASS,relation_extraction
VAL-OOD,S3,S3_999be85b-4cce-8605-1a31-d3ab89a1478b_6206-7_0,The current measurement of Peanut IgE Ab is greater than the value from the prior evaluation.,CONTRADICTED,PASS,concept_extraction
VAL-OOD,S3,S3_37880a8f-7419-aa4a-c59f-fe51c956c13e_5797-6_2,The current measurement of Ketones is greater than the value from the prior evaluation.,CONTRADICTED,PASS,relation_extraction
VAL-OOD,S3,S3_0a5e04ef-e02f-3415-51cd-6efea2a4f29f_4548-4_2,The current measurement of Hemoglobin A1c/Hemoglobin.total in Blood is greater than the value from the prior evaluation.,SUPPORTED,BLOCK,relation_extraction
VAL-OOD,S3,S3_9b51cdee-c6fc-a37a-9b4a-91516e0c822a_8867-4_4,The current measurement of Heart rate is greater than the value from the prior evaluation.,SUPPORTED,BLOCK,relation_extraction
VAL-OOD,S3,S3_492d3136-b841-bfa2-9cd3-15bf55c7f751_785-6_0,The current measurement of MCH is greater than the value from the prior evaluation.,SUPPORTED,BLOCK,relation_extraction
VAL-OOD,S3,S3_492d3136-b841-bfa2-9cd3-15bf55c7f751_8302-2_1,The current measurement of Body Height is greater than the value from the prior evaluation.,SUPPORTED,BLOCK,relation_extraction
VAL-OOD,S3,S3_50c730e1-fcea-aebb-e927-312ca5d5e714_8867-4_0,The current measurement of Heart rate is greater than the value from the prior evaluation.,SUPPORTED,BLOCK,relation_extraction
VAL-OOD,S3,S3_fa56e38d-5de0-89e2-10fe-ee22a1ae6930_2823-3_4,The current measurement of Potassium is greater than the value from the prior evaluation.,CONTRADICTED,PASS,concept_extraction
VAL-OOD,S3,S3_f89416db-94c1-4f94-d3ed-6189ed887d32_10834-0_3,The current measurement of Globulin is greater than the value from the prior evaluation.,SUPPORTED,BLOCK,relation_extraction
VAL-OOD,S3,S3_9eefe263-8630-dbaf-6ae5-df45848170a8_6299-2_4,The current measurement of Urea nitrogen is greater than the value from the prior evaluation.,SUPPORTED,BLOCK,relation_extraction
VAL-OOD,S3,S3_12e7fda3-ae22-df05-399a-a4908a5dfec0_44261-6_0,The current measurement of Patient Health Questionnaire 9 item (PHQ-9) total score is greater than the value from the prior evaluation.,SUPPORTED,BLOCK,relation_extraction
VAL-OOD,S3,S3_a303d83e-435d-643a-948a-6b38e7b47dcb_55758-7_7,The current measurement of Patient Health Questionnaire 2 item (PHQ-2) total score is greater than the value from the prior evaluation.,SUPPORTED,BLOCK,relation_extraction
VAL-OOD,S3,S3_4085fe68-e748-550f-bec1-77cecb8a1198_72514-3_4,The current measurement of Pain severity - 0-10 verbal numeric rating is greater than the value from the prior evaluation.,CONTRADICTED,PASS,relation_extraction
VAL-OOD,S3,S3_3e74ca38-e134-b00d-6957-cf949b206d79_39156-5_2,The current measurement of Body mass index (BMI) is greater than the value from the prior evaluation.,SUPPORTED,BLOCK,relation_extraction
VAL-OOD,S3,S3_059d4a5e-7869-65af-a13d-e49f65e626ee_70274-6_0,The current measurement of Generalized anxiety disorder 7 item (GAD-7) total score is greater than the value from the prior evaluation.,CONTRADICTED,PASS,relation_extraction
VAL-OOD,S3,S3_0e228e65-cc4e-dd45-015c-db4fa9249bc0_2339-0_4,The current measurement of Glucose is greater than the value from the prior evaluation.,SUPPORTED,BLOCK,relation_extraction
VAL-OOD,S3,S3_940b8423-478a-5013-c62e-d1c20601d662_6690-2_1,The current measurement of Leukocytes is greater than the value from the prior evaluation.,SUPPORTED,BLOCK,relation_extraction
VAL-OOD,S3,S3_f89416db-94c1-4f94-d3ed-6189ed887d32_55758-7_0,The current measurement of Patient Health Questionnaire 2 item (PHQ-2) total score is greater than the value from the prior evaluation.,SUPPORTED,BLOCK,relation_extraction
VAL-OOD,S3,S3_64910a1e-90fc-dfee-29e5-97f86a6be660_2947-0_0,The current measurement of Sodium is greater than the value from the prior evaluation.,SUPPORTED,BLOCK,relation_extraction
VAL-OOD,S3,S3_0cce6f8e-2868-082b-55c9-abaef0c12a3d_8867-4_0,The current measurement of Heart rate is greater than the value from the prior evaluation.,SUPPORTED,BLOCK,relation_extraction
VAL-OOD,S3,S3_381631aa-b9ee-3fef-e263-a08f40809698_2339-0_4,The current measurement of Glucose is greater than the value from the prior evaluation.,CONTRADICTED,PASS,relation_extraction
VAL-OOD,S3,S3_4b7dbb2d-7700-9282-af9a-97ad2f9a0b6f_79893-4_4,The current measurement of Left eye Intraocular pressure is greater than the value from the prior evaluation.,SUPPORTED,BLOCK,relation_extraction
VAL-OOD,S3,S3_0e228e65-cc4e-dd45-015c-db4fa9249bc0_59460-6_4,The current measurement of Fall risk total is greater than the value from the prior evaluation.,SUPPORTED,BLOCK,relation_extraction
VAL-OOD,S3,S3_ab7f04e1-4167-33b1-eb0b-efe7d1a29989_8867-4_2,The current measurement of Heart rate is greater than the value from the prior evaluation.,SUPPORTED,BLOCK,relation_extraction
VAL-OOD,S3,S3_484d6b59-2220-b932-c0ce-dbd955779f46_9279-1_3,The current measurement of Respiratory rate is greater than the value from the prior evaluation.,SUPPORTED,BLOCK,relation_extraction
VAL-OOD,S3,S3_fad006ec-3fa3-256a-d410-934d7204aa24_18262-6_0,The current measurement of Cholesterol in LDL is greater than the value from the prior evaluation.,CONTRADICTED,PASS,relation_extraction
VAL-OOD,S3,S3_059d4a5e-7869-65af-a13d-e49f65e626ee_1920-8_4,The current measurement of Aspartate aminotransferase is greater than the value from the prior evaluation.,CONTRADICTED,PASS,relation_extraction
VAL-OOD,S3,S3_059d4a5e-7869-65af-a13d-e49f65e626ee_1742-6_0,The current measurement of Alanine aminotransferase is greater than the value from the prior evaluation.,CONTRADICTED,PASS,relation_extraction
VAL-OOD,S3,S3_8d0f8613-b58d-8904-0ddc-6aeea9049906_32207-3_0,The current measurement of Platelet distribution width is greater than the value from the prior evaluation.,CONTRADICTED,PASS,relation_extraction
VAL-OOD,S3,S3_b54ec258-afa9-ef86-3979-c471d433e390_8867-4_0,The current measurement of Heart rate is greater than the value from the prior evaluation.,SUPPORTED,BLOCK,relation_extraction
VAL-OOD,S3,S3_999be85b-4cce-8605-1a31-d3ab89a1478b_89204-2_0,The current measurement of Patient Health Questionnaire-9: Modified for Teens total score is greater than the value from the prior evaluation.,SUPPORTED,BLOCK,relation_extraction
VAL-OOD,S3,S3_3b302cba-42de-c636-0d2c-9504d0e425ac_786-4_0,The current measurement of MCHC is greater than the value from the prior evaluation.,SUPPORTED,BLOCK,relation_extraction
VAL-OOD,S3,S3_3b302cba-42de-c636-0d2c-9504d0e425ac_787-2_0,The current measurement of MCV is greater than the value from the prior evaluation.,CONTRADICTED,PASS,relation_extraction
VAL-OOD,S3,S3_2afff3af-ca26-6bc7-8d81-5df4722644f2_29463-7_1,The current measurement of Body Weight is greater than the value from the prior evaluation.,SUPPORTED,BLOCK,relation_extraction
VAL-OOD,S3,S3_8b28039b-9ecb-14f7-1493-1c87bfe10855_79893-4_0,The current measurement of Left eye Intraocular pressure is greater than the value from the prior evaluation.,SUPPORTED,BLOCK,relation_extraction
VAL-OOD,S3,S3_18e63129-fa81-553c-d1a9-7f474170964b_49765-1_2,The current measurement of Calcium is greater than the value from the prior evaluation.,SUPPORTED,BLOCK,relation_extraction
VAL-OOD,S3,S3_a303d83e-435d-643a-948a-6b38e7b47dcb_2093-3_0,The current measurement of Cholesterol is greater than the value from the prior evaluation.,SUPPORTED,BLOCK,relation_extraction
VAL-OOD,S3,S3_2fde87fc-9a99-b25c-f6b0-c93d1e161b77_38483-4_0,The current measurement of Creatinine is greater than the value from the prior evaluation.,CONTRADICTED,PASS,concept_extraction
VAL-OOD,S3,S3_3aeae8b2-3fe0-c770-23b3-a76cab6d0e74_9843-4_2,The current measurement of Head Occipital-frontal circumference is greater than the value from the prior evaluation.,SUPPORTED,BLOCK,relation_extraction
VAL-OOD,S3,S3_f1b97c32-2278-d681-7b9b-2d9c9fad9d9f_2339-0_0,The current measurement of Glucose is greater than the value from the prior evaluation.,SUPPORTED,BLOCK,relation_extraction
VAL-OOD,S3,S3_d8dab272-df03-c1bf-0dbf-4f163227def4_70274-6_1,The current measurement of Generalized anxiety disorder 7 item (GAD-7) total score is greater than the value from the prior evaluation.,SUPPORTED,BLOCK,relation_extraction
VAL-OOD,S3,S3_2f199102-8309-e6c4-7d0f-d8f61dbbb039_789-8_0,The current measurement of Erythrocytes is greater than the value from the prior evaluation.,SUPPORTED,BLOCK,relation_extraction
VAL-OOD,S3,S3_04464864-a581-493c-5c0a-7f2da0755a0b_55758-7_2,The current measurement of Patient Health Questionnaire 2 item (PHQ-2) total score is greater than the value from the prior evaluation.,CONTRADICTED,PASS,relation_extraction
VAL-OOD,S3,S3_26d35d86-e218-72c3-e525-dc35ca838390_29463-7_4,The current measurement of Body Weight is greater than the value from the prior evaluation.,SUPPORTED,BLOCK,relation_extraction
VAL-OOD,S3,S3_c18cb5a7-08de-d1f9-8d5c-08fb1057df07_789-8_0,The current measurement of Erythrocytes is greater than the value from the prior evaluation.,SUPPORTED,BLOCK,relation_extraction
VAL-OOD,S3,S3_fdfaeb18-0f47-7cb6-a2a9-d71a37bde175_6298-4_0,The current measurement of Potassium is greater than the value from the prior evaluation.,CONTRADICTED,PASS,relation_extraction
VAL-OOD,S3,S3_9eefe263-8630-dbaf-6ae5-df45848170a8_6298-4_0,The current measurement of Potassium is greater than the value from the prior evaluation.,SUPPORTED,BLOCK,relation_extraction
VAL-OOD,S3,S3_e69020cc-edfa-b575-66a9-30df9e83e1ec_8867-4_0,The current measurement of Heart rate is greater than the value from the prior evaluation.,CONTRADICTED,PASS,relation_extraction
VAL-OOD,S3,S3_08006612-13e0-e3bd-78d2-d3ef0c9e5368_32623-1_0,The current measurement of Platelet is greater than the value from the prior evaluation.,CONTRADICTED,PASS,relation_extraction
VAL-OOD,S3,S3_e790d37e-d213-e04f-9c67-3accf9c5031e_785-6_1,The current measurement of MCH is greater than the value from the prior evaluation.,SUPPORTED,BLOCK,relation_extraction
VAL-OOD,S3,S3_69be2004-fee7-e16d-da17-c8048f0129af_8867-4_2,The current measurement of Heart rate is greater than the value from the prior evaluation.,SUPPORTED,BLOCK,relation_extraction
VAL-OOD,S3,S3_587b3fa1-9015-f70b-ccf3-fc68d5df2402_2093-3_1,The current measurement of Cholesterol is greater than the value from the prior evaluation.,SUPPORTED,BLOCK,relation_extraction
VAL-OOD,S3,S3_2fde87fc-9a99-b25c-f6b0-c93d1e161b77_2885-2_4,The current measurement of Protein is greater than the value from the prior evaluation.,SUPPORTED,BLOCK,relation_extraction
VAL-OOD,S3,S3_587b3fa1-9015-f70b-ccf3-fc68d5df2402_4548-4_0,The current measurement of Hemoglobin A1c/Hemoglobin.total in Blood is greater than the value from the prior evaluation.,CONTRADICTED,PASS,relation_extraction
VAL-OOD,S3,S3_88e24f16-78a3-6ff2-9bf6-b5131a17e1b5_8867-4_3,The current measurement of Heart rate is greater than the value from the prior evaluation.,SUPPORTED,BLOCK,relation_extraction
VAL-OOD,S3,S3_1b9292ca-7868-319c-dbc0-4a4a42024d7b_2069-3_1,The current measurement of Chloride is greater than the value from the prior evaluation.,SUPPORTED,BLOCK,relation_extraction
VAL-OOD,S3,S3_8b28039b-9ecb-14f7-1493-1c87bfe10855_785-6_1,The current measurement of MCH is greater than the value from the prior evaluation.,CONTRADICTED,PASS,relation_extraction
VAL-OOD,S3,S3_88e24f16-78a3-6ff2-9bf6-b5131a17e1b5_59576-9_3,The current measurement of Body mass index (BMI) is greater than the value from the prior evaluation.,CONTRADICTED,PASS,concept_extraction
VAL-OOD,S3,S3_dc4f8811-b951-c43a-d985-7ed4f1e79c05_70274-6_3,The current measurement of Generalized anxiety disorder 7 item (GAD-7) total score is greater than the value from the prior evaluation.,CONTRADICTED,PASS,relation_extraction
VAL-OOD,S3,S3_c18cb5a7-08de-d1f9-8d5c-08fb1057df07_2085-9_1,The current measurement of Cholesterol in HDL is greater than the value from the prior evaluation.,SUPPORTED,BLOCK,relation_extraction
VAL-OOD,S3,S3_88e24f16-78a3-6ff2-9bf6-b5131a17e1b5_8302-2_3,The current measurement of Body Height is greater than the value from the prior evaluation.,SUPPORTED,BLOCK,relation_extraction
VAL-OOD,S3,S3_50c730e1-fcea-aebb-e927-312ca5d5e714_2075-0_3,The current measurement of Chloride is greater than the value from the prior evaluation.,CONTRADICTED,PASS,concept_extraction
VAL-OOD,S3,S3_4887db4a-ef42-70d0-86b6-ff5786ac381f_1975-2_1,The current measurement of Bilirubin.total is greater than the value from the prior evaluation.,CONTRADICTED,PASS,relation_extraction
VAL-OOD,S3,S3_a397aa78-b663-2abf-3f99-3a0b020021c3_29463-7_4,The current measurement of Body Weight is greater than the value from the prior evaluation.,SUPPORTED,BLOCK,relation_extraction
VAL-OOD,S3,S3_9234d506-8bab-aef8-c3e8-a5d857014018_787-2_0,The current measurement of MCV is greater than the value from the prior evaluation.,CONTRADICTED,PASS,relation_extraction
VAL-OOD,S3,S3_e3094ac1-1829-8980-4fb7-96690b125475_39156-5_1,The current measurement of Body mass index (BMI) is greater than the value from the prior evaluation.,SUPPORTED,BLOCK,relation_extraction
VAL-OOD,S3,S3_a121a579-1ee5-f5e7-f923-ee423e1221af_72514-3_5,The current measurement of Pain severity - 0-10 verbal numeric rating is greater than the value from the prior evaluation.,CONTRADICTED,PASS,relation_extraction
VAL-OOD,S3,S3_4085fe68-e748-550f-bec1-77cecb8a1198_18262-6_1,The current measurement of Cholesterol in LDL is greater than the value from the prior evaluation.,CONTRADICTED,PASS,relation_extraction
VAL-OOD,S3,S3_f89416db-94c1-4f94-d3ed-6189ed887d32_8867-4_5,The current measurement of Heart rate is greater than the value from the prior evaluation.,SUPPORTED,BLOCK,relation_extraction
VAL-OOD,S3,S3_18e63129-fa81-553c-d1a9-7f474170964b_70274-6_2,The current measurement of Generalized anxiety disorder 7 item (GAD-7) total score is greater than the value from the prior evaluation.,CONTRADICTED,PASS,relation_extraction
VAL-OOD,S3,S3_f1b97c32-2278-d681-7b9b-2d9c9fad9d9f_2947-0_4,The current measurement of Sodium is greater than the value from the prior evaluation.,CONTRADICTED,PASS,relation_extraction
VAL-OOD,S3,S3_ec77d270-ed7e-d393-c2d5-cad04fb8944d_4544-3_0,The current measurement of Hematocrit is greater than the value from the prior evaluation.,SUPPORTED,BLOCK,relation_extraction
VAL-OOD,S3,S3_18693cbc-d646-af72-23f8-b151866754ab_55758-7_2,The current measurement of Patient Health Questionnaire 2 item (PHQ-2) total score is greater than the value from the prior evaluation.,CONTRADICTED,PASS,relation_extraction
VAL-OOD,S3,S3_67224657-6b53-1502-26de-84bd6c31d1b2_2823-3_3,The current measurement of Potassium is greater than the value from the prior evaluation.,SUPPORTED,BLOCK,concept_extraction
VAL-OOD,S3,S3_a121a579-1ee5-f5e7-f923-ee423e1221af_32207-3_0,The current measurement of Platelet distribution width is greater than the value from the prior evaluation.,CONTRADICTED,PASS,relation_extraction
VAL-OOD,S3,S3_ed70a6af-baef-8594-7320-f35d0807c63b_8867-4_1,The current measurement of Heart rate is greater than the value from the prior evaluation.,SUPPORTED,BLOCK,relation_extraction
VAL-OOD,S3,S3_fa56e38d-5de0-89e2-10fe-ee22a1ae6930_2028-9_3,"The current measurement of Carbon dioxide, total is greater than the value from the prior evaluation.",SUPPORTED,BLOCK,relation_extraction
VAL-OOD,S3,S3_a303d83e-435d-643a-948a-6b38e7b47dcb_3173-2_1,The current measurement of aPTT in Blood by Coagulation assay is greater than the value from the prior evaluation.,CONTRADICTED,PASS,relation_extraction
VAL-OOD,S3,S3_4887db4a-ef42-70d0-86b6-ff5786ac381f_10834-0_2,The current measurement of Globulin is greater than the value from the prior evaluation.,CONTRADICTED,PASS,relation_extraction
VAL-OOD,S3,S3_69be2004-fee7-e16d-da17-c8048f0129af_8302-2_3,The current measurement of Body Height is greater than the value from the prior evaluation.,SUPPORTED,BLOCK,relation_extraction
VAL-OOD,S3,S3_2fde87fc-9a99-b25c-f6b0-c93d1e161b77_1920-8_1,The current measurement of Aspartate aminotransferase is greater than the value from the prior evaluation.,CONTRADICTED,PASS,relation_extraction
VAL-OOD,S3,S3_0600dbc3-0be0-88ee-f759-92b3e8b13fb6_29463-7_4,The current measurement of Body Weight is greater than the value from the prior evaluation.,SUPPORTED,BLOCK,relation_extraction
VAL-OOD,S3,S3_1e350ee8-0d9f-d194-ea61-d175ce5156e2_2069-3_0,The current measurement of Chloride is greater than the value from the prior evaluation.,SUPPORTED,BLOCK,relation_extraction
VAL-OOD,S3,S3_b5280785-d647-1ee7-6c20-a175bd717aed_9279-1_0,The current measurement of Respiratory rate is greater than the value from the prior evaluation.,SUPPORTED,BLOCK,relation_extraction
VAL-OOD,S3,S3_05d82f23-e25f-883c-4654-e50f9630cb94_38483-4_2,The current measurement of Creatinine is greater than the value from the prior evaluation.,CONTRADICTED,PASS,concept_extraction
VAL-OOD,S3,S3_e790d37e-d213-e04f-9c67-3accf9c5031e_20565-8_2,"The current measurement of Carbon dioxide, total is greater than the value from the prior evaluation.",SUPPORTED,BLOCK,concept_extraction
VAL-OOD,S3,S3_525780ac-18a1-1c07-6c4a-5eb3c8dbd175_718-7_0,The current measurement of Hemoglobin is greater than the value from the prior evaluation.,SUPPORTED,BLOCK,relation_extraction
VAL-OOD,S3,S3_96a807e2-0504-b50d-3c7a-d691d66ca218_9279-1_1,The current measurement of Respiratory rate is greater than the value from the prior evaluation.,SUPPORTED,BLOCK,relation_extraction
VAL-OOD,S3,S3_67224657-6b53-1502-26de-84bd6c31d1b2_786-4_2,The current measurement of MCHC is greater than the value from the prior evaluation.,SUPPORTED,BLOCK,relation_extraction
VAL-OOD,S3,S3_12e7fda3-ae22-df05-399a-a4908a5dfec0_18262-6_2,The current measurement of Cholesterol in LDL is greater than the value from the prior evaluation.,CONTRADICTED,PASS,relation_extraction
VAL-OOD,S3,S3_8b28039b-9ecb-14f7-1493-1c87bfe10855_6690-2_1,The current measurement of Leukocytes is greater than the value from the prior evaluation.,CONTRADICTED,PASS,relation_extraction
VAL-OOD,S3,S3_3b956e4e-bd34-0ecc-b0ff-fa9bf7cffea2_39156-5_0,The current measurement of Body mass index (BMI) is greater than the value from the prior evaluation.,CONTRADICTED,PASS,relation_extraction
VAL-OOD,S3,S3_37880a8f-7419-aa4a-c59f-fe51c956c13e_2823-3_4,The current measurement of Potassium is greater than the value from the prior evaluation.,SUPPORTED,BLOCK,concept_extraction
VAL-OOD,S3,S3_059d4a5e-7869-65af-a13d-e49f65e626ee_18262-6_0,The current measurement of Cholesterol in LDL is greater than the value from the prior evaluation.,CONTRADICTED,PASS,relation_extraction
VAL-OOD,S3,S3_b54ec258-afa9-ef86-3979-c471d433e390_55758-7_0,The current measurement of Patient Health Questionnaire 2 item (PHQ-2) total score is greater than the value from the prior evaluation.,SUPPORTED,BLOCK,relation_extraction
VAL-OOD,S3,S3_0e228e65-cc4e-dd45-015c-db4fa9249bc0_4544-3_0,The current measurement of Hematocrit is greater than the value from the prior evaluation.,SUPPORTED,BLOCK,relation_extraction
VAL-OOD,S3,S3_8f2afb80-fce6-738c-c04f-d31a3629a8e8_29463-7_1,The current measurement of Body Weight is greater than the value from the prior evaluation.,SUPPORTED,BLOCK,relation_extraction
VAL-OOD,S3,S3_2fde87fc-9a99-b25c-f6b0-c93d1e161b77_1742-6_4,The current measurement of Alanine aminotransferase is greater than the value from the prior evaluation.,SUPPORTED,BLOCK,relation_extraction
VAL-OOD,S3,S3_05d82f23-e25f-883c-4654-e50f9630cb94_2069-3_2,The current measurement of Chloride is greater than the value from the prior evaluation.,SUPPORTED,BLOCK,relation_extraction
VAL-OOD,S3,S3_999be85b-4cce-8605-1a31-d3ab89a1478b_32623-1_0,The current measurement of Platelet is greater than the value from the prior evaluation.,CONTRADICTED,PASS,relation_extraction
VAL-OOD,S3,S3_9b51cdee-c6fc-a37a-9b4a-91516e0c822a_20505-4_1,The current measurement of Bilirubin.total is greater than the value from the prior evaluation.,SUPPORTED,BLOCK,concept_extraction
VAL-OOD,S3,S3_fdfaeb18-0f47-7cb6-a2a9-d71a37bde175_70274-6_0,The current measurement of Generalized anxiety disorder 7 item (GAD-7) total score is greater than the value from the prior evaluation.,SUPPORTED,BLOCK,relation_extraction
VAL-OOD,S3,S3_8f33048a-181d-effa-7017-35ed5bcf96d8_9279-1_4,The current measurement of Respiratory rate is greater than the value from the prior evaluation.,SUPPORTED,BLOCK,relation_extraction
VAL-OOD,S3,S3_39dfa3f0-af3a-7304-b965-7b38c7e45452_72514-3_2,The current measurement of Pain severity - 0-10 verbal numeric rating is greater than the value from the prior evaluation.,CONTRADICTED,PASS,relation_extraction
VAL-OOD,S3,S3_fa56e38d-5de0-89e2-10fe-ee22a1ae6930_6299-2_3,The current measurement of Urea nitrogen is greater than the value from the prior evaluation.,SUPPORTED,BLOCK,relation_extraction
VAL-OOD,S3,S3_a303d83e-435d-643a-948a-6b38e7b47dcb_4548-4_0,The current measurement of Hemoglobin A1c/Hemoglobin.total in Blood is greater than the value from the prior evaluation.,CONTRADICTED,PASS,relation_extraction
VAL-OOD,S3,S3_8b28039b-9ecb-14f7-1493-1c87bfe10855_38483-4_1,The current measurement of Creatinine is greater than the value from the prior evaluation.,CONTRADICTED,PASS,concept_extraction
VAL-OOD,S3,S3_0bafb561-dbd2-bd7f-922c-4005dbbf10c0_8867-4_2,The current measurement of Heart rate is greater than the value from the prior evaluation.,SUPPORTED,BLOCK,relation_extraction
VAL-OOD,S3,S3_f1b97c32-2278-d681-7b9b-2d9c9fad9d9f_8867-4_4,The current measurement of Heart rate is greater than the value from the prior evaluation.,CONTRADICTED,PASS,relation_extraction
VAL-OOD,S3,S3_2a1d85b1-67ca-9b29-4089-387c281886e8_8867-4_0,The current measurement of Heart rate is greater than the value from the prior evaluation.,SUPPORTED,BLOCK,relation_extraction
VAL-OOD,S3,S3_b4c085cb-69de-91bc-81e5-2696efd5899d_6690-2_0,The current measurement of Leukocytes is greater than the value from the prior evaluation.,CONTRADICTED,PASS,relation_extraction
VAL-OOD,S3,S3_1b1be498-8833-65d6-53f8-b872dc2c7e9a_786-4_0,The current measurement of MCHC is greater than the value from the prior evaluation.,SUPPORTED,BLOCK,relation_extraction
VAL-OOD,S3,S3_50c730e1-fcea-aebb-e927-312ca5d5e714_9279-1_3,The current measurement of Respiratory rate is greater than the value from the prior evaluation.,CONTRADICTED,PASS,relation_extraction
VAL-OOD,S3,S3_a7306ef9-2f15-351d-a86f-2eedf4fb96ff_59576-9_2,The current measurement of Body mass index (BMI) is greater than the value from the prior evaluation.,CONTRADICTED,PASS,concept_extraction
VAL-OOD,S3,S3_48138196-2f91-6098-1083-ed19499dde28_59460-6_0,The current measurement of Fall risk total is greater than the value from the prior evaluation.,SUPPORTED,BLOCK,relation_extraction
VAL-OOD,S3,S3_a84330bb-c2b4-102a-fc0c-e0fe4bd4a68b_8310-5_0,The current measurement of Body temperature is greater than the value from the prior evaluation.,CONTRADICTED,PASS,relation_extraction
VAL-OOD,S3,S3_ef393134-8e8f-5507-93a3-fd0064375dee_786-4_0,The current measurement of MCHC is greater than the value from the prior evaluation.,CONTRADICTED,PASS,relation_extraction
VAL-OOD,S3,S3_ec77d270-ed7e-d393-c2d5-cad04fb8944d_29463-7_3,The current measurement of Body Weight is greater than the value from the prior evaluation.,SUPPORTED,BLOCK,relation_extraction
VAL-OOD,S3,S3_2be1d412-eca7-a732-7523-31c5d9c4642f_1975-2_1,The current measurement of Bilirubin.total is greater than the value from the prior evaluation.,SUPPORTED,BLOCK,relation_extraction
VAL-OOD,S3,S3_4085fe68-e748-550f-bec1-77cecb8a1198_72514-3_0,The current measurement of Pain severity - 0-10 verbal numeric rating is greater than the value from the prior evaluation.,SUPPORTED,BLOCK,relation_extraction
VAL-OOD,S3,S3_18e63129-fa81-553c-d1a9-7f474170964b_72514-3_0,The current measurement of Pain severity - 0-10 verbal numeric rating is greater than the value from the prior evaluation.,CONTRADICTED,PASS,relation_extraction
VAL-OOD,S3,S3_add6e4d9-b887-4b1d-253b-97574bf511ea_72514-3_3,The current measurement of Pain severity - 0-10 verbal numeric rating is greater than the value from the prior evaluation.,CONTRADICTED,PASS,relation_extraction
VAL-OOD,S3,S3_3aeae8b2-3fe0-c770-23b3-a76cab6d0e74_32623-1_1,The current measurement of Platelet is greater than the value from the prior evaluation.,CONTRADICTED,PASS,relation_extraction
VAL-OOD,S3,S3_1e350ee8-0d9f-d194-ea61-d175ce5156e2_4548-4_1,The current measurement of Hemoglobin A1c/Hemoglobin.total in Blood is greater than the value from the prior evaluation.,CONTRADICTED,PASS,relation_extraction
VAL-OOD,S3,S3_0cce6f8e-2868-082b-55c9-abaef0c12a3d_72514-3_5,The current measurement of Pain severity - 0-10 verbal numeric rating is greater than the value from the prior evaluation.,CONTRADICTED,PASS,relation_extraction
VAL-OOD,S3,S3_91b4e250-d3cb-c15f-f155-853277626129_55758-7_4,The current measurement of Patient Health Questionnaire 2 item (PHQ-2) total score is greater than the value from the prior evaluation.,SUPPORTED,BLOCK,relation_extraction
VAL-OOD,S3,S3_ed70a6af-baef-8594-7320-f35d0807c63b_9279-1_0,The current measurement of Respiratory rate is greater than the value from the prior evaluation.,CONTRADICTED,PASS,relation_extraction
VAL-OOD,S3,S3_a81ac007-b80c-ad81-7317-bdc46a57b421_6299-2_4,The current measurement of Urea nitrogen is greater than the value from the prior evaluation.,SUPPORTED,BLOCK,relation_extraction
VAL-OOD,S3,S3_96a807e2-0504-b50d-3c7a-d691d66ca218_32207-3_0,The current measurement of Platelet distribution width is greater than the value from the prior evaluation.,SUPPORTED,BLOCK,relation_extraction
VAL-OOD,S3,S3_2be1d412-eca7-a732-7523-31c5d9c4642f_70274-6_4,The current measurement of Generalized anxiety disorder 7 item (GAD-7) total score is greater than the value from the prior evaluation.,SUPPORTED,BLOCK,relation_extraction
VAL-OOD,S3,S3_0e228e65-cc4e-dd45-015c-db4fa9249bc0_59460-6_3,The current measurement of Fall risk total is greater than the value from the prior evaluation.,CONTRADICTED,PASS,relation_extraction
VAL-OOD,S3,S3_ab7f04e1-4167-33b1-eb0b-efe7d1a29989_32623-1_0,The current measurement of Platelet is greater than the value from the prior evaluation.,SUPPORTED,BLOCK,relation_extraction
VAL-OOD,S3,S3_2be1d412-eca7-a732-7523-31c5d9c4642f_2069-3_3,The current measurement of Chloride is greater than the value from the prior evaluation.,SUPPORTED,BLOCK,relation_extraction
VAL-OOD,S3,S3_88e24f16-78a3-6ff2-9bf6-b5131a17e1b5_39156-5_4,The current measurement of Body mass index (BMI) is greater than the value from the prior evaluation.,SUPPORTED,BLOCK,relation_extraction
VAL-OOD,S3,S3_a16eda23-b24e-5b3f-ee7e-96578b69e8cb_59576-9_1,The current measurement of Body mass index (BMI) is greater than the value from the prior evaluation.,SUPPORTED,BLOCK,concept_extraction
VAL-OOD,S3,S3_e790d37e-d213-e04f-9c67-3accf9c5031e_2093-3_2,The current measurement of Cholesterol is greater than the value from the prior evaluation.,SUPPORTED,BLOCK,relation_extraction
VAL-OOD,S3,S3_a16eda23-b24e-5b3f-ee7e-96578b69e8cb_9843-4_2,The current measurement of Head Occipital-frontal circumference is greater than the value from the prior evaluation.,SUPPORTED,BLOCK,relation_extraction
VAL-OOD,S3,S3_a16eda23-b24e-5b3f-ee7e-96578b69e8cb_9843-4_0,The current measurement of Head Occipital-frontal circumference is greater than the value from the prior evaluation.,SUPPORTED,BLOCK,relation_extraction
VAL-OOD,S3,S3_96a807e2-0504-b50d-3c7a-d691d66ca218_8867-4_1,The current measurement of Heart rate is greater than the value from the prior evaluation.,SUPPORTED,BLOCK,relation_extraction
VAL-OOD,S3,S3_2afff3af-ca26-6bc7-8d81-5df4722644f2_2085-9_1,The current measurement of Cholesterol in HDL is greater than the value from the prior evaluation.,SUPPORTED,BLOCK,relation_extraction
VAL-OOD,S3,S3_18e63129-fa81-553c-d1a9-7f474170964b_6299-2_0,The current measurement of Urea nitrogen is greater than the value from the prior evaluation.,CONTRADICTED,PASS,relation_extraction
VAL-OOD,S3,S3_2f199102-8309-e6c4-7d0f-d8f61dbbb039_39156-5_3,The current measurement of Body mass index (BMI) is greater than the value from the prior evaluation.,CONTRADICTED,PASS,relation_extraction
VAL-OOD,S3,S3_0cce6f8e-2868-082b-55c9-abaef0c12a3d_70274-6_4,The current measurement of Generalized anxiety disorder 7 item (GAD-7) total score is greater than the value from the prior evaluation.,SUPPORTED,BLOCK,relation_extraction
VAL-OOD,S3,S3_67224657-6b53-1502-26de-84bd6c31d1b2_8867-4_5,The current measurement of Heart rate is greater than the value from the prior evaluation.,SUPPORTED,BLOCK,relation_extraction
VAL-OOD,S3,S3_c720759f-a288-fa5c-1892-ca34ef5f92ac_55758-7_3,The current measurement of Patient Health Questionnaire 2 item (PHQ-2) total score is greater than the value from the prior evaluation.,SUPPORTED,BLOCK,relation_extraction
VAL-OOD,S3,S3_0e228e65-cc4e-dd45-015c-db4fa9249bc0_2885-2_3,The current measurement of Protein is greater than the value from the prior evaluation.,CONTRADICTED,PASS,relation_extraction
VAL-OOD,S3,S3_ec77d270-ed7e-d393-c2d5-cad04fb8944d_32623-1_0,The current measurement of Platelet is greater than the value from the prior evaluation.,SUPPORTED,BLOCK,relation_extraction
VAL-OOD,S3,S3_a81ac007-b80c-ad81-7317-bdc46a57b421_49765-1_3,The current measurement of Calcium is greater than the value from the prior evaluation.,SUPPORTED,BLOCK,relation_extraction
VAL-OOD,S3,S3_add6e4d9-b887-4b1d-253b-97574bf511ea_29463-7_1,The current measurement of Body Weight is greater than the value from the prior evaluation.,SUPPORTED,BLOCK,relation_extraction
VAL-OOD,S3,S3_04464864-a581-493c-5c0a-7f2da0755a0b_59576-9_2,The current measurement of Body mass index (BMI) is greater than the value from the prior evaluation.,SUPPORTED,BLOCK,concept_extraction
VAL-OOD,S3,S3_8ddfd245-750f-8c5c-af5f-15ce76af2969_2339-0_0,The current measurement of Glucose is greater than the value from the prior evaluation.,CONTRADICTED,PASS,relation_extraction
VAL-OOD,S3,S3_48138196-2f91-6098-1083-ed19499dde28_789-8_0,The current measurement of Erythrocytes is greater than the value from the prior evaluation.,SUPPORTED,BLOCK,relation_extraction
VAL-OOD,S3,S3_05d82f23-e25f-883c-4654-e50f9630cb94_49765-1_1,The current measurement of Calcium is greater than the value from the prior evaluation.,CONTRADICTED,PASS,relation_extraction
VAL-OOD,S3,S3_b5280785-d647-1ee7-6c20-a175bd717aed_55758-7_1,The current measurement of Patient Health Questionnaire 2 item (PHQ-2) total score is greater than the value from the prior evaluation.,SUPPORTED,BLOCK,relation_extraction
VAL-OOD,S3,S3_2be1d412-eca7-a732-7523-31c5d9c4642f_72514-3_2,The current measurement of Pain severity - 0-10 verbal numeric rating is greater than the value from the prior evaluation.,SUPPORTED,BLOCK,relation_extraction
VAL-OOD,S3,S3_2fde87fc-9a99-b25c-f6b0-c93d1e161b77_8867-4_4,The current measurement of Heart rate is greater than the value from the prior evaluation.,CONTRADICTED,PASS,relation_extraction
VAL-OOD,S3,S3_bace887c-5e17-a2f3-9357-a302191ef44b_789-8_1,The current measurement of Erythrocytes is greater than the value from the prior evaluation.,SUPPORTED,BLOCK,relation_extraction
VAL-OOD,S3,S3_0bafb561-dbd2-bd7f-922c-4005dbbf10c0_8302-2_3,The current measurement of Body Height is greater than the value from the prior evaluation.,SUPPORTED,BLOCK,relation_extraction
VAL-OOD,S3,S3_a16eda23-b24e-5b3f-ee7e-96578b69e8cb_72514-3_8,The current measurement of Pain severity - 0-10 verbal numeric rating is greater than the value from the prior evaluation.,SUPPORTED,BLOCK,relation_extraction
VAL-OOD,S3,S3_50c730e1-fcea-aebb-e927-312ca5d5e714_2075-0_0,The current measurement of Chloride is greater than the value from the prior evaluation.,SUPPORTED,BLOCK,concept_extraction
VAL-OOD,S3,S3_a303d83e-435d-643a-948a-6b38e7b47dcb_2744-1_1,The current measurement of pH of Arterial blood is greater than the value from the prior evaluation.,SUPPORTED,BLOCK,relation_extraction
VAL-OOD,S3,S3_12e7fda3-ae22-df05-399a-a4908a5dfec0_2339-0_1,The current measurement of Glucose is greater than the value from the prior evaluation.,SUPPORTED,BLOCK,relation_extraction
VAL-OOD,S3,S3_fad006ec-3fa3-256a-d410-934d7204aa24_55758-7_4,The current measurement of Patient Health Questionnaire 2 item (PHQ-2) total score is greater than the value from the prior evaluation.,SUPPORTED,BLOCK,relation_extraction
VAL-OOD,S3,S3_4e91a238-aeb1-2ca6-c27b-5dd74d730503_70274-6_1,The current measurement of Generalized anxiety disorder 7 item (GAD-7) total score is greater than the value from the prior evaluation.,CONTRADICTED,PASS,relation_extraction
VAL-OOD,S3,S3_48138196-2f91-6098-1083-ed19499dde28_2339-0_0,The current measurement of Glucose is greater than the value from the prior evaluation.,CONTRADICTED,PASS,relation_extraction
VAL-OOD,S3,S3_ab7f04e1-4167-33b1-eb0b-efe7d1a29989_785-6_0,The current measurement of MCH is greater than the value from the prior evaluation.,CONTRADICTED,PASS,relation_extraction
VAL-OOD,S3,S3_8dc51bf3-9bb4-0358-8ebc-edd4be2cc5b9_59576-9_1,The current measurement of Body mass index (BMI) is greater than the value from the prior evaluation.,SUPPORTED,BLOCK,concept_extraction
VAL-OOD,S3,S3_2fde87fc-9a99-b25c-f6b0-c93d1e161b77_788-0_0,The current measurement of Erythrocyte is greater than the value from the prior evaluation.,CONTRADICTED,PASS,relation_extraction
VAL-OOD,S3,S3_8b28039b-9ecb-14f7-1493-1c87bfe10855_789-8_2,The current measurement of Erythrocytes is greater than the value from the prior evaluation.,CONTRADICTED,PASS,relation_extraction
VAL-OOD,S3,S3_2be1d412-eca7-a732-7523-31c5d9c4642f_718-7_0,The current measurement of Hemoglobin is greater than the value from the prior evaluation.,SUPPORTED,BLOCK,relation_extraction
VAL-OOD,S3,S3_c0b49924-7810-29ef-c971-02d175d7bd50_72514-3_3,The current measurement of Pain severity - 0-10 verbal numeric rating is greater than the value from the prior evaluation.,SUPPORTED,BLOCK,relation_extraction
VAL-OOD,S3,S3_9b51cdee-c6fc-a37a-9b4a-91516e0c822a_2085-9_1,The current measurement of Cholesterol in HDL is greater than the value from the prior evaluation.,CONTRADICTED,PASS,relation_extraction
VAL-OOD,S3,S3_37880a8f-7419-aa4a-c59f-fe51c956c13e_38483-4_1,The current measurement of Creatinine is greater than the value from the prior evaluation.,SUPPORTED,BLOCK,concept_extraction
VAL-OOD,S3,S3_cc6c7f8f-a67e-b85e-2094-8c0e86fb4d98_8867-4_1,The current measurement of Heart rate is greater than the value from the prior evaluation.,SUPPORTED,BLOCK,relation_extraction
VAL-OOD,S3,S3_1b9292ca-7868-319c-dbc0-4a4a42024d7b_55758-7_2,The current measurement of Patient Health Questionnaire 2 item (PHQ-2) total score is greater than the value from the prior evaluation.,SUPPORTED,BLOCK,relation_extraction
VAL-OOD,S3,S3_4e91a238-aeb1-2ca6-c27b-5dd74d730503_20505-4_3,The current measurement of Bilirubin.total is greater than the value from the prior evaluation.,CONTRADICTED,PASS,concept_extraction
VAL-OOD,S3,S3_69be2004-fee7-e16d-da17-c8048f0129af_39156-5_0,The current measurement of Body mass index (BMI) is greater than the value from the prior evaluation.,SUPPORTED,BLOCK,relation_extraction
VAL-OOD,S3,S3_a7306ef9-2f15-351d-a86f-2eedf4fb96ff_39156-5_0,The current measurement of Body mass index (BMI) is greater than the value from the prior evaluation.,CONTRADICTED,PASS,relation_extraction
VAL-OOD,S3,S3_50c730e1-fcea-aebb-e927-312ca5d5e714_2160-0_2,The current measurement of Creatinine is greater than the value from the prior evaluation.,SUPPORTED,BLOCK,relation_extraction
VAL-OOD,S3,S3_2e0b6f71-aeb2-06aa-446d-66538396d635_72514-3_3,The current measurement of Pain severity - 0-10 verbal numeric rating is greater than the value from the prior evaluation.,CONTRADICTED,PASS,relation_extraction
VAL-OOD,S3,S3_492d3136-b841-bfa2-9cd3-15bf55c7f751_89204-2_3,The current measurement of Patient Health Questionnaire-9: Modified for Teens total score is greater than the value from the prior evaluation.,SUPPORTED,BLOCK,relation_extraction
VAL-OOD,S3,S3_8b28039b-9ecb-14f7-1493-1c87bfe10855_1975-2_2,The current measurement of Bilirubin.total is greater than the value from the prior evaluation.,CONTRADICTED,PASS,relation_extraction
VAL-OOD,S3,S3_247c449c-50dc-baeb-014e-9cdfe03499a1_32207-3_0,The current measurement of Platelet distribution width is greater than the value from the prior evaluation.,SUPPORTED,BLOCK,relation_extraction
VAL-OOD,S3,S3_8b28039b-9ecb-14f7-1493-1c87bfe10855_718-7_0,The current measurement of Hemoglobin is greater than the value from the prior evaluation.,CONTRADICTED,PASS,relation_extraction
VAL-OOD,S3,S3_8b28039b-9ecb-14f7-1493-1c87bfe10855_2951-2_25,The current measurement of Sodium is greater than the value from the prior evaluation.,CONTRADICTED,PASS,concept_extraction
VAL-OOD,S3,S3_8ddfd245-750f-8c5c-af5f-15ce76af2969_1751-7_1,The current measurement of Albumin is greater than the value from the prior evaluation.,CONTRADICTED,PASS,relation_extraction
VAL-OOD,S3,S3_8ddfd245-750f-8c5c-af5f-15ce76af2969_718-7_1,The current measurement of Hemoglobin is greater than the value from the prior evaluation.,CONTRADICTED,PASS,relation_extraction
VAL-OOD,S3,S3_2595af4c-f6b6-3761-60ea-4d68138267be_8302-2_3,The current measurement of Body Height is greater than the value from the prior evaluation.,SUPPORTED,BLOCK,relation_extraction
VAL-OOD,S3,S3_8b28039b-9ecb-14f7-1493-1c87bfe10855_787-2_2,The current measurement of MCV is greater than the value from the prior evaluation.,CONTRADICTED,PASS,relation_extraction
VAL-OOD,S3,S3_b180ae2e-febd-087c-eb33-217eeeaf16b7_8302-2_3,The current measurement of Body Height is greater than the value from the prior evaluation.,SUPPORTED,BLOCK,relation_extraction
VAL-OOD,S3,S3_587b3fa1-9015-f70b-ccf3-fc68d5df2402_9279-1_5,The current measurement of Respiratory rate is greater than the value from the prior evaluation.,SUPPORTED,BLOCK,relation_extraction
VAL-OOD,S3,S3_999be85b-4cce-8605-1a31-d3ab89a1478b_786-4_0,The current measurement of MCHC is greater than the value from the prior evaluation.,CONTRADICTED,PASS,relation_extraction
VAL-OOD,S3,S3_67224657-6b53-1502-26de-84bd6c31d1b2_1742-6_1,The current measurement of Alanine aminotransferase is greater than the value from the prior evaluation.,SUPPORTED,BLOCK,relation_extraction
VAL-OOD,S3,S3_8ddfd245-750f-8c5c-af5f-15ce76af2969_2345-7_14,The current measurement of Glucose is greater than the value from the prior evaluation.,SUPPORTED,BLOCK,concept_extraction
VAL-OOD,S3,S3_12e7fda3-ae22-df05-399a-a4908a5dfec0_38483-4_2,The current measurement of Creatinine is greater than the value from the prior evaluation.,CONTRADICTED,PASS,concept_extraction
VAL-OOD,S3,S3_f210e2cd-0e3c-b243-a75a-0e4970ed4038_9843-4_2,The current measurement of Head Occipital-frontal circumference is greater than the value from the prior evaluation.,SUPPORTED,BLOCK,relation_extraction
VAL-OOD,S3,S3_4887db4a-ef42-70d0-86b6-ff5786ac381f_6298-4_2,The current measurement of Potassium is greater than the value from the prior evaluation.,CONTRADICTED,PASS,relation_extraction
VAL-OOD,S3,S3_12e7fda3-ae22-df05-399a-a4908a5dfec0_2339-0_3,The current measurement of Glucose is greater than the value from the prior evaluation.,CONTRADICTED,PASS,relation_extraction
VAL-OOD,S3,S3_26d35d86-e218-72c3-e525-dc35ca838390_788-0_0,The current measurement of Erythrocyte is greater than the value from the prior evaluation.,SUPPORTED,BLOCK,relation_extraction
VAL-OOD,S3,S3_cc6c7f8f-a67e-b85e-2094-8c0e86fb4d98_9279-1_7,The current measurement of Respiratory rate is greater than the value from the prior evaluation.,CONTRADICTED,PASS,relation_extraction
VAL-OOD,S3,S3_2fde87fc-9a99-b25c-f6b0-c93d1e161b77_787-2_1,The current measurement of MCV is greater than the value from the prior evaluation.,SUPPORTED,BLOCK,relation_extraction
VAL-OOD,S3,S3_9234d506-8bab-aef8-c3e8-a5d857014018_29463-7_2,The current measurement of Body Weight is greater than the value from the prior evaluation.,SUPPORTED,BLOCK,relation_extraction
VAL-OOD,S3,S3_8d0f8613-b58d-8904-0ddc-6aeea9049906_72514-3_5,The current measurement of Pain severity - 0-10 verbal numeric rating is greater than the value from the prior evaluation.,SUPPORTED,BLOCK,relation_extraction
VAL-OOD,S3,S3_8ddfd245-750f-8c5c-af5f-15ce76af2969_33914-3_9,The current measurement of Glomerular filtration rate is greater than the value from the prior evaluation.,CONTRADICTED,PASS,relation_extraction
VAL-OOD,S3,S3_50c730e1-fcea-aebb-e927-312ca5d5e714_4548-4_0,The current measurement of Hemoglobin A1c/Hemoglobin.total in Blood is greater than the value from the prior evaluation.,SUPPORTED,BLOCK,relation_extraction
VAL-OOD,S3,S3_08006612-13e0-e3bd-78d2-d3ef0c9e5368_70274-6_0,The current measurement of Generalized anxiety disorder 7 item (GAD-7) total score is greater than the value from the prior evaluation.,CONTRADICTED,PASS,relation_extraction
VAL-OOD,S3,S3_1b9292ca-7868-319c-dbc0-4a4a42024d7b_2069-3_0,The current measurement of Chloride is greater than the value from the prior evaluation.,CONTRADICTED,PASS,relation_extraction
VAL-OOD,S3,S3_4e91a238-aeb1-2ca6-c27b-5dd74d730503_4548-4_1,The current measurement of Hemoglobin A1c/Hemoglobin.total in Blood is greater than the value from the prior evaluation.,SUPPORTED,BLOCK,relation_extraction
VAL-OOD,S3,S3_48138196-2f91-6098-1083-ed19499dde28_2885-2_0,The current measurement of Protein is greater than the value from the prior evaluation.,SUPPORTED,BLOCK,relation_extraction
VAL-OOD,S3,S3_b180ae2e-febd-087c-eb33-217eeeaf16b7_77606-2_2,The current measurement of Weight-for-length Per age and sex is greater than the value from the prior evaluation.,CONTRADICTED,PASS,relation_extraction
VAL-OOD,S3,S3_4085fe68-e748-550f-bec1-77cecb8a1198_70274-6_0,The current measurement of Generalized anxiety disorder 7 item (GAD-7) total score is greater than the value from the prior evaluation.,CONTRADICTED,PASS,relation_extraction
VAL-OOD,S3,S3_9b51cdee-c6fc-a37a-9b4a-91516e0c822a_8867-4_0,The current measurement of Heart rate is greater than the value from the prior evaluation.,SUPPORTED,BLOCK,relation_extraction
VAL-OOD,S3,S3_05d82f23-e25f-883c-4654-e50f9630cb94_6299-2_0,The current measurement of Urea nitrogen is greater than the value from the prior evaluation.,SUPPORTED,BLOCK,relation_extraction
VAL-OOD,S3,S3_a303d83e-435d-643a-948a-6b38e7b47dcb_33914-3_0,The current measurement of Glomerular filtration rate is greater than the value from the prior evaluation.,SUPPORTED,BLOCK,relation_extraction
VAL-OOD,S3,S3_bace887c-5e17-a2f3-9357-a302191ef44b_4544-3_0,The current measurement of Hematocrit is greater than the value from the prior evaluation.,CONTRADICTED,PASS,relation_extraction
VAL-OOD,S3,S3_fa56e38d-5de0-89e2-10fe-ee22a1ae6930_55758-7_7,The current measurement of Patient Health Questionnaire 2 item (PHQ-2) total score is greater than the value from the prior evaluation.,SUPPORTED,BLOCK,relation_extraction
VAL-OOD,S3,S3_12dc0d0e-b4e2-4a49-f2d3-5ad56cf84a6f_2339-0_5,The current measurement of Glucose is greater than the value from the prior evaluation.,SUPPORTED,BLOCK,relation_extraction
VAL-OOD,S3,S3_67224657-6b53-1502-26de-84bd6c31d1b2_39156-5_15,The current measurement of Body mass index (BMI) is greater than the value from the prior evaluation.,CONTRADICTED,PASS,relation_extraction
VAL-OOD,S3,S3_dc4f8811-b951-c43a-d985-7ed4f1e79c05_29463-7_5,The current measurement of Body Weight is greater than the value from the prior evaluation.,SUPPORTED,BLOCK,relation_extraction
VAL-OOD,S3,S3_381631aa-b9ee-3fef-e263-a08f40809698_55758-7_0,The current measurement of Patient Health Questionnaire 2 item (PHQ-2) total score is greater than the value from the prior evaluation.,CONTRADICTED,PASS,relation_extraction
VAL-OOD,S3,S3_381631aa-b9ee-3fef-e263-a08f40809698_8867-4_4,The current measurement of Heart rate is greater than the value from the prior evaluation.,CONTRADICTED,PASS,relation_extraction
VAL-OOD,S3,S3_9eefe263-8630-dbaf-6ae5-df45848170a8_9279-1_1,The current measurement of Respiratory rate is greater than the value from the prior evaluation.,CONTRADICTED,PASS,relation_extraction
VAL-OOD,S3,S3_940b8423-478a-5013-c62e-d1c20601d662_8867-4_4,The current measurement of Heart rate is greater than the value from the prior evaluation.,CONTRADICTED,PASS,relation_extraction
VAL-OOD,S3,S3_4085fe68-e748-550f-bec1-77cecb8a1198_6299-2_0,The current measurement of Urea nitrogen is greater than the value from the prior evaluation.,CONTRADICTED,PASS,relation_extraction
VAL-OOD,S3,S3_96a807e2-0504-b50d-3c7a-d691d66ca218_789-8_0,The current measurement of Erythrocytes is greater than the value from the prior evaluation.,SUPPORTED,BLOCK,relation_extraction
VAL-OOD,S3,S3_381631aa-b9ee-3fef-e263-a08f40809698_70274-6_2,The current measurement of Generalized anxiety disorder 7 item (GAD-7) total score is greater than the value from the prior evaluation.,SUPPORTED,BLOCK,relation_extraction
VAL-OOD,S3,S3_9eefe263-8630-dbaf-6ae5-df45848170a8_5804-0_4,The current measurement of Protein is greater than the value from the prior evaluation.,SUPPORTED,BLOCK,concept_extraction
VAL-OOD,S3,S3_f1b97c32-2278-d681-7b9b-2d9c9fad9d9f_38483-4_1,The current measurement of Creatinine is greater than the value from the prior evaluation.,CONTRADICTED,PASS,concept_extraction
VAL-OOD,S3,S3_0a5e04ef-e02f-3415-51cd-6efea2a4f29f_49765-1_3,The current measurement of Calcium is greater than the value from the prior evaluation.,CONTRADICTED,PASS,relation_extraction
VAL-OOD,S3,S3_8ddfd245-750f-8c5c-af5f-15ce76af2969_49765-1_0,The current measurement of Calcium is greater than the value from the prior evaluation.,CONTRADICTED,PASS,relation_extraction
VAL-OOD,S3,S3_059d4a5e-7869-65af-a13d-e49f65e626ee_72106-8_0,The current measurement of Total score is greater than the value from the prior evaluation.,CONTRADICTED,PASS,concept_extraction
VAL-OOD,S3,S3_9eefe263-8630-dbaf-6ae5-df45848170a8_55758-7_7,The current measurement of Patient Health Questionnaire 2 item (PHQ-2) total score is greater than the value from the prior evaluation.,SUPPORTED,BLOCK,relation_extraction
VAL-OOD,S3,S3_ac3b173e-153a-60e5-2ba9-98f9a41b0901_2571-8_0,The current measurement of Triglyceride is greater than the value from the prior evaluation.,SUPPORTED,BLOCK,relation_extraction
VAL-OOD,S3,S3_1e350ee8-0d9f-d194-ea61-d175ce5156e2_2947-0_1,The current measurement of Sodium is greater than the value from the prior evaluation.,SUPPORTED,BLOCK,relation_extraction
VAL-OOD,S3,S3_ac3b173e-153a-60e5-2ba9-98f9a41b0901_59460-6_3,The current measurement of Fall risk total is greater than the value from the prior evaluation.,SUPPORTED,BLOCK,relation_extraction
VAL-OOD,S3,S3_8f33048a-181d-effa-7017-35ed5bcf96d8_8867-4_0,The current measurement of Heart rate is greater than the value from the prior evaluation.,SUPPORTED,BLOCK,relation_extraction
VAL-OOD,S3,S3_be0d1aa6-e965-4d57-01e3-e7c6d0172b0b_8867-4_2,The current measurement of Heart rate is greater than the value from the prior evaluation.,SUPPORTED,BLOCK,relation_extraction
VAL-OOD,S3,S3_08006612-13e0-e3bd-78d2-d3ef0c9e5368_8867-4_2,The current measurement of Heart rate is greater than the value from the prior evaluation.,SUPPORTED,BLOCK,relation_extraction
VAL-OOD,S3,S3_059d4a5e-7869-65af-a13d-e49f65e626ee_2947-0_0,The current measurement of Sodium is greater than the value from the prior evaluation.,SUPPORTED,BLOCK,relation_extraction
VAL-OOD,S3,S3_2be1d412-eca7-a732-7523-31c5d9c4642f_2085-9_0,The current measurement of Cholesterol in HDL is greater than the value from the prior evaluation.,CONTRADICTED,PASS,relation_extraction
VAL-OOD,S3,S3_fa56e38d-5de0-89e2-10fe-ee22a1ae6930_2345-7_2,The current measurement of Glucose is greater than the value from the prior evaluation.,CONTRADICTED,PASS,concept_extraction
VAL-OOD,S3,S3_8f2afb80-fce6-738c-c04f-d31a3629a8e8_9843-4_1,The current measurement of Head Occipital-frontal circumference is greater than the value from the prior evaluation.,SUPPORTED,BLOCK,relation_extraction
VAL-OOD,S3,S3_12dc0d0e-b4e2-4a49-f2d3-5ad56cf84a6f_55758-7_5,The current measurement of Patient Health Questionnaire 2 item (PHQ-2) total score is greater than the value from the prior evaluation.,CONTRADICTED,PASS,relation_extraction
VAL-OOD,S3,S3_484d6b59-2220-b932-c0ce-dbd955779f46_32623-1_0,The current measurement of Platelet is greater than the value from the prior evaluation.,SUPPORTED,BLOCK,relation_extraction
VAL-OOD,S3,S3_50c730e1-fcea-aebb-e927-312ca5d5e714_2345-7_1,The current measurement of Glucose is greater than the value from the prior evaluation.,CONTRADICTED,PASS,concept_extraction
VAL-OOD,S3,S3_9b51cdee-c6fc-a37a-9b4a-91516e0c822a_2823-3_4,The current measurement of Potassium is greater than the value from the prior evaluation.,CONTRADICTED,PASS,concept_extraction
VAL-OOD,S3,S3_fa56e38d-5de0-89e2-10fe-ee22a1ae6930_18262-6_2,The current measurement of Cholesterol in LDL is greater than the value from the prior evaluation.,SUPPORTED,BLOCK,relation_extraction
VAL-OOD,S3,S3_64910a1e-90fc-dfee-29e5-97f86a6be660_32207-3_1,The current measurement of Platelet distribution width is greater than the value from the prior evaluation.,SUPPORTED,BLOCK,relation_extraction
VAL-OOD,S3,S3_2f199102-8309-e6c4-7d0f-d8f61dbbb039_9843-4_4,The current measurement of Head Occipital-frontal circumference is greater than the value from the prior evaluation.,SUPPORTED,BLOCK,relation_extraction
VAL-OOD,S3,S3_059d4a5e-7869-65af-a13d-e49f65e626ee_20565-8_1,"The current measurement of Carbon dioxide, total is greater than the value from the prior evaluation.",SUPPORTED,BLOCK,concept_extraction
VAL-OOD,S3,S3_9eefe263-8630-dbaf-6ae5-df45848170a8_4548-4_4,The current measurement of Hemoglobin A1c/Hemoglobin.total in Blood is greater than the value from the prior evaluation.,SUPPORTED,BLOCK,relation_extraction
VAL-OOD,S3,S3_381631aa-b9ee-3fef-e263-a08f40809698_82667-7_1,The current measurement of Total score is greater than the value from the prior evaluation.,SUPPORTED,BLOCK,relation_extraction
VAL-OOD,S3,S3_0a5e04ef-e02f-3415-51cd-6efea2a4f29f_2947-0_2,The current measurement of Sodium is greater than the value from the prior evaluation.,CONTRADICTED,PASS,relation_extraction
VAL-OOD,S3,S3_059d4a5e-7869-65af-a13d-e49f65e626ee_6299-2_1,The current measurement of Urea nitrogen is greater than the value from the prior evaluation.,CONTRADICTED,PASS,relation_extraction
VAL-OOD,S3,S3_b54ec258-afa9-ef86-3979-c471d433e390_72514-3_1,The current measurement of Pain severity - 0-10 verbal numeric rating is greater than the value from the prior evaluation.,SUPPORTED,BLOCK,relation_extraction
VAL-OOD,S3,S3_558e0ad4-8f5b-24ba-102d-e32fc61b2365_8867-4_1,The current measurement of Heart rate is greater than the value from the prior evaluation.,SUPPORTED,BLOCK,relation_extraction
VAL-OOD,S3,S3_67224657-6b53-1502-26de-84bd6c31d1b2_5804-0_0,The current measurement of Protein is greater than the value from the prior evaluation.,SUPPORTED,BLOCK,concept_extraction
VAL-OOD,S3,S3_fdfaeb18-0f47-7cb6-a2a9-d71a37bde175_72514-3_0,The current measurement of Pain severity - 0-10 verbal numeric rating is greater than the value from the prior evaluation.,SUPPORTED,BLOCK,relation_extraction
VAL-OOD,S3,S3_a303d83e-435d-643a-948a-6b38e7b47dcb_2085-9_3,The current measurement of Cholesterol in HDL is greater than the value from the prior evaluation.,SUPPORTED,BLOCK,relation_extraction
VAL-OOD,S3,S3_ba78623c-3003-bfb2-aa9f-db34def12f80_18262-6_0,The current measurement of Cholesterol in LDL is greater than the value from the prior evaluation.,SUPPORTED,BLOCK,relation_extraction
VAL-OOD,S3,S3_059d4a5e-7869-65af-a13d-e49f65e626ee_1742-6_3,The current measurement of Alanine aminotransferase is greater than the value from the prior evaluation.,CONTRADICTED,PASS,relation_extraction
VAL-OOD,S3,S3_50c730e1-fcea-aebb-e927-312ca5d5e714_39156-5_2,The current measurement of Body mass index (BMI) is greater than the value from the prior evaluation.,CONTRADICTED,PASS,relation_extraction
VAL-OOD,S3,S3_ed70a6af-baef-8594-7320-f35d0807c63b_8867-4_3,The current measurement of Heart rate is greater than the value from the prior evaluation.,CONTRADICTED,PASS,relation_extraction
VAL-OOD,S3,S3_67224657-6b53-1502-26de-84bd6c31d1b2_2571-8_1,The current measurement of Triglyceride is greater than the value from the prior evaluation.,CONTRADICTED,PASS,relation_extraction
VAL-OOD,S3,S3_f89416db-94c1-4f94-d3ed-6189ed887d32_18262-6_0,The current measurement of Cholesterol in LDL is greater than the value from the prior evaluation.,CONTRADICTED,PASS,relation_extraction
VAL-OOD,S3,S3_492d3136-b841-bfa2-9cd3-15bf55c7f751_32623-1_0,The current measurement of Platelet is greater than the value from the prior evaluation.,CONTRADICTED,PASS,relation_extraction
VAL-OOD,S3,S3_37880a8f-7419-aa4a-c59f-fe51c956c13e_5804-0_2,The current measurement of Protein is greater than the value from the prior evaluation.,SUPPORTED,BLOCK,concept_extraction
VAL-OOD,S3,S3_3793f45c-3b1c-5ab1-6a65-62132ce19689_77606-2_4,The current measurement of Weight-for-length Per age and sex is greater than the value from the prior evaluation.,SUPPORTED,BLOCK,relation_extraction
VAL-OOD,S3,S3_a7306ef9-2f15-351d-a86f-2eedf4fb96ff_6690-2_0,The current measurement of Leukocytes is greater than the value from the prior evaluation.,SUPPORTED,BLOCK,relation_extraction
VAL-OOD,S3,S3_8bc94087-ab26-aaec-c448-8c016a1567fc_9843-4_3,The current measurement of Head Occipital-frontal circumference is greater than the value from the prior evaluation.,SUPPORTED,BLOCK,relation_extraction
VAL-OOD,S3,S3_91b4e250-d3cb-c15f-f155-853277626129_82667-7_2,The current measurement of Total score is greater than the value from the prior evaluation.,SUPPORTED,BLOCK,relation_extraction
VAL-OOD,S3,S3_a303d83e-435d-643a-948a-6b38e7b47dcb_1975-2_3,The current measurement of Bilirubin.total is greater than the value from the prior evaluation.,SUPPORTED,BLOCK,relation_extraction
VAL-OOD,S3,S3_8b28039b-9ecb-14f7-1493-1c87bfe10855_33914-3_19,The current measurement of Glomerular filtration rate is greater than the value from the prior evaluation.,CONTRADICTED,PASS,relation_extraction
VAL-OOD,S3,S3_05d82f23-e25f-883c-4654-e50f9630cb94_72514-3_8,The current measurement of Pain severity - 0-10 verbal numeric rating is greater than the value from the prior evaluation.,CONTRADICTED,PASS,relation_extraction
VAL-OOD,S3,S3_381631aa-b9ee-3fef-e263-a08f40809698_2339-0_1,The current measurement of Glucose is greater than the value from the prior evaluation.,SUPPORTED,BLOCK,relation_extraction
VAL-OOD,S3,S3_e790d37e-d213-e04f-9c67-3accf9c5031e_2085-9_6,The current measurement of Cholesterol in HDL is greater than the value from the prior evaluation.,SUPPORTED,BLOCK,relation_extraction
VAL-OOD,S3,S3_671887bb-8702-52bc-1caa-9e44f571f935_77606-2_3,The current measurement of Weight-for-length Per age and sex is greater than the value from the prior evaluation.,SUPPORTED,BLOCK,relation_extraction
VAL-OOD,S3,S3_4887db4a-ef42-70d0-86b6-ff5786ac381f_789-8_0,The current measurement of Erythrocytes is greater than the value from the prior evaluation.,SUPPORTED,BLOCK,relation_extraction
VAL-OOD,S3,S3_e69020cc-edfa-b575-66a9-30df9e83e1ec_9279-1_1,The current measurement of Respiratory rate is greater than the value from the prior evaluation.,CONTRADICTED,PASS,relation_extraction
VAL-OOD,S3,S3_2fde87fc-9a99-b25c-f6b0-c93d1e161b77_2885-2_0,The current measurement of Protein is greater than the value from the prior evaluation.,CONTRADICTED,PASS,relation_extraction
VAL-OOD,S3,S3_a303d83e-435d-643a-948a-6b38e7b47dcb_29463-7_3,The current measurement of Body Weight is greater than the value from the prior evaluation.,SUPPORTED,BLOCK,relation_extraction
VAL-OOD,S3,S3_0bafb561-dbd2-bd7f-922c-4005dbbf10c0_77606-2_1,The current measurement of Weight-for-length Per age and sex is greater than the value from the prior evaluation.,SUPPORTED,BLOCK,relation_extraction
VAL-OOD,S3,S3_2fde87fc-9a99-b25c-f6b0-c93d1e161b77_44261-6_0,The current measurement of Patient Health Questionnaire 9 item (PHQ-9) total score is greater than the value from the prior evaluation.,CONTRADICTED,PASS,relation_extraction
VAL-OOD,S3,S3_c0b49924-7810-29ef-c971-02d175d7bd50_29463-7_3,The current measurement of Body Weight is greater than the value from the prior evaluation.,SUPPORTED,BLOCK,relation_extraction
VAL-OOD,S3,S3_9eefe263-8630-dbaf-6ae5-df45848170a8_1975-2_1,The current measurement of Bilirubin.total is greater than the value from the prior evaluation.,CONTRADICTED,PASS,relation_extraction
VAL-OOD,S3,S3_8b28039b-9ecb-14f7-1493-1c87bfe10855_20565-8_1,"The current measurement of Carbon dioxide, total is greater than the value from the prior evaluation.",CONTRADICTED,PASS,concept_extraction
VAL-OOD,S3,S3_f1b97c32-2278-d681-7b9b-2d9c9fad9d9f_38483-4_4,The current measurement of Creatinine is greater than the value from the prior evaluation.,CONTRADICTED,PASS,concept_extraction
VAL-OOD,S3,S3_20b5f86e-c56c-867d-e53a-7c5d9a809f02_8867-4_3,The current measurement of Heart rate is greater than the value from the prior evaluation.,SUPPORTED,BLOCK,relation_extraction
VAL-OOD,S3,S3_0e228e65-cc4e-dd45-015c-db4fa9249bc0_10834-0_3,The current measurement of Globulin is greater than the value from the prior evaluation.,CONTRADICTED,PASS,relation_extraction
VAL-OOD,S3,S3_8d0f8613-b58d-8904-0ddc-6aeea9049906_789-8_0,The current measurement of Erythrocytes is greater than the value from the prior evaluation.,SUPPORTED,BLOCK,relation_extraction
VAL-OOD,S3,S3_a303d83e-435d-643a-948a-6b38e7b47dcb_19123-9_1,The current measurement of Magnesium is greater than the value from the prior evaluation.,SUPPORTED,BLOCK,relation_extraction
VAL-OOD,S3,S3_0cce6f8e-2868-082b-55c9-abaef0c12a3d_82667-7_5,The current measurement of Total score is greater than the value from the prior evaluation.,CONTRADICTED,PASS,relation_extraction
VAL-OOD,S3,S3_18e63129-fa81-553c-d1a9-7f474170964b_8867-4_0,The current measurement of Heart rate is greater than the value from the prior evaluation.,SUPPORTED,BLOCK,relation_extraction
VAL-OOD,S3,S3_4887db4a-ef42-70d0-86b6-ff5786ac381f_8867-4_4,The current measurement of Heart rate is greater than the value from the prior evaluation.,SUPPORTED,BLOCK,relation_extraction
VAL-OOD,S3,S3_205fe677-6c12-43e8-9145-f21bd8280034_72514-3_0,The current measurement of Pain severity - 0-10 verbal numeric rating is greater than the value from the prior evaluation.,CONTRADICTED,PASS,relation_extraction
VAL-OOD,S3,S3_8d0f8613-b58d-8904-0ddc-6aeea9049906_89204-2_3,The current measurement of Patient Health Questionnaire-9: Modified for Teens total score is greater than the value from the prior evaluation.,CONTRADICTED,PASS,relation_extraction
VAL-OOD,S3,S3_48138196-2f91-6098-1083-ed19499dde28_5804-0_1,The current measurement of Protein is greater than the value from the prior evaluation.,SUPPORTED,BLOCK,concept_extraction
VAL-OOD,S3,S3_9eefe263-8630-dbaf-6ae5-df45848170a8_4548-4_0,The current measurement of Hemoglobin A1c/Hemoglobin.total in Blood is greater than the value from the prior evaluation.,SUPPORTED,BLOCK,relation_extraction
VAL-OOD,S3,S3_1b1be498-8833-65d6-53f8-b872dc2c7e9a_32207-3_0,The current measurement of Platelet distribution width is greater than the value from the prior evaluation.,CONTRADICTED,PASS,relation_extraction
VAL-OOD,S3,S3_cd27c35e-3838-2745-e253-b3ba8a1e964c_72514-3_3,The current measurement of Pain severity - 0-10 verbal numeric rating is greater than the value from the prior evaluation.,SUPPORTED,BLOCK,relation_extraction
VAL-OOD,S3,S3_f89416db-94c1-4f94-d3ed-6189ed887d32_75626-2_0,The current measurement of Total score is greater than the value from the prior evaluation.,SUPPORTED,BLOCK,concept_extraction
VAL-OOD,S3,S3_57a4e0a2-892f-01f5-778b-db5cd24a6bcd_8867-4_0,The current measurement of Heart rate is greater than the value from the prior evaluation.,CONTRADICTED,PASS,relation_extraction
VAL-OOD,S3,S3_ec77d270-ed7e-d393-c2d5-cad04fb8944d_9279-1_4,The current measurement of Respiratory rate is greater than the value from the prior evaluation.,CONTRADICTED,PASS,relation_extraction
VAL-OOD,S3,S3_8ddfd245-750f-8c5c-af5f-15ce76af2969_33914-3_14,The current measurement of Glomerular filtration rate is greater than the value from the prior evaluation.,SUPPORTED,BLOCK,relation_extraction
VAL-OOD,S3,S3_4e91a238-aeb1-2ca6-c27b-5dd74d730503_8867-4_0,The current measurement of Heart rate is greater than the value from the prior evaluation.,CONTRADICTED,PASS,relation_extraction
VAL-OOD,S3,S3_3b302cba-42de-c636-0d2c-9504d0e425ac_785-6_0,The current measurement of MCH is greater than the value from the prior evaluation.,CONTRADICTED,PASS,relation_extraction
VAL-OOD,S3,S3_a16eda23-b24e-5b3f-ee7e-96578b69e8cb_59576-9_0,The current measurement of Body mass index (BMI) is greater than the value from the prior evaluation.,CONTRADICTED,PASS,concept_extraction
VAL-OOD,S3,S3_e790d37e-d213-e04f-9c67-3accf9c5031e_2085-9_2,The current measurement of Cholesterol in HDL is greater than the value from the prior evaluation.,CONTRADICTED,PASS,relation_extraction
VAL-OOD,S3,S3_9eefe263-8630-dbaf-6ae5-df45848170a8_8867-4_3,The current measurement of Heart rate is greater than the value from the prior evaluation.,SUPPORTED,BLOCK,relation_extraction
VAL-OOD,S3,S3_91b4e250-d3cb-c15f-f155-853277626129_18262-6_0,The current measurement of Cholesterol in LDL is greater than the value from the prior evaluation.,CONTRADICTED,PASS,relation_extraction
VAL-OOD,S3,S3_059d4a5e-7869-65af-a13d-e49f65e626ee_38483-4_3,The current measurement of Creatinine is greater than the value from the prior evaluation.,CONTRADICTED,PASS,concept_extraction
VAL-OOD,S3,S3_9b51cdee-c6fc-a37a-9b4a-91516e0c822a_2947-0_4,The current measurement of Sodium is greater than the value from the prior evaluation.,CONTRADICTED,PASS,relation_extraction
VAL-OOD,S3,S3_b5280785-d647-1ee7-6c20-a175bd717aed_787-2_0,The current measurement of MCV is greater than the value from the prior evaluation.,CONTRADICTED,PASS,relation_extraction
VAL-OOD,S3,S3_12dc0d0e-b4e2-4a49-f2d3-5ad56cf84a6f_39156-5_2,The current measurement of Body mass index (BMI) is greater than the value from the prior evaluation.,SUPPORTED,BLOCK,relation_extraction
VAL-OOD,S3,S3_52c362d6-af16-7bfd-0c1c-728560edf25f_72514-3_0,The current measurement of Pain severity - 0-10 verbal numeric rating is greater than the value from the prior evaluation.,CONTRADICTED,PASS,relation_extraction
VAL-OOD,S3,S3_64910a1e-90fc-dfee-29e5-97f86a6be660_8867-4_2,The current measurement of Heart rate is greater than the value from the prior evaluation.,CONTRADICTED,PASS,relation_extraction
VAL-OOD,S3,S3_fa56e38d-5de0-89e2-10fe-ee22a1ae6930_5792-7_3,The current measurement of Glucose is greater than the value from the prior evaluation.,CONTRADICTED,PASS,concept_extraction
VAL-OOD,S3,S3_4b584028-9e27-ecf0-05a4-6e6a458693b7_4544-3_0,The current measurement of Hematocrit is greater than the value from the prior evaluation.,SUPPORTED,BLOCK,relation_extraction
VAL-OOD,S3,S3_a84330bb-c2b4-102a-fc0c-e0fe4bd4a68b_9279-1_6,The current measurement of Respiratory rate is greater than the value from the prior evaluation.,CONTRADICTED,PASS,relation_extraction
VAL-OOD,S3,S3_8f33048a-181d-effa-7017-35ed5bcf96d8_4544-3_0,The current measurement of Hematocrit is greater than the value from the prior evaluation.,CONTRADICTED,PASS,relation_extraction
VAL-OOD,S3,S3_a397aa78-b663-2abf-3f99-3a0b020021c3_89204-2_2,The current measurement of Patient Health Questionnaire-9: Modified for Teens total score is greater than the value from the prior evaluation.,CONTRADICTED,PASS,relation_extraction
VAL-OOD,S3,S3_0cce6f8e-2868-082b-55c9-abaef0c12a3d_5792-7_1,The current measurement of Glucose is greater than the value from the prior evaluation.,SUPPORTED,BLOCK,concept_extraction
VAL-OOD,S3,S3_558e0ad4-8f5b-24ba-102d-e32fc61b2365_70274-6_2,The current measurement of Generalized anxiety disorder 7 item (GAD-7) total score is greater than the value from the prior evaluation.,CONTRADICTED,PASS,relation_extraction
VAL-OOD,S3,S3_37880a8f-7419-aa4a-c59f-fe51c956c13e_6299-2_3,The current measurement of Urea nitrogen is greater than the value from the prior evaluation.,CONTRADICTED,PASS,relation_extraction
VAL-OOD,S3,S3_e790d37e-d213-e04f-9c67-3accf9c5031e_19123-9_1,The current measurement of Magnesium is greater than the value from the prior evaluation.,CONTRADICTED,PASS,relation_extraction
VAL-OOD,S3,S3_64910a1e-90fc-dfee-29e5-97f86a6be660_49765-1_4,The current measurement of Calcium is greater than the value from the prior evaluation.,CONTRADICTED,PASS,relation_extraction
VAL-OOD,S3,S3_69be2004-fee7-e16d-da17-c8048f0129af_72514-3_4,The current measurement of Pain severity - 0-10 verbal numeric rating is greater than the value from the prior evaluation.,SUPPORTED,BLOCK,relation_extraction
VAL-OOD,S3,S3_a84330bb-c2b4-102a-fc0c-e0fe4bd4a68b_9279-1_2,The current measurement of Respiratory rate is greater than the value from the prior evaluation.,SUPPORTED,BLOCK,relation_extraction
VAL-OOD,S3,S3_8b28039b-9ecb-14f7-1493-1c87bfe10855_59460-6_0,The current measurement of Fall risk total is greater than the value from the prior evaluation.,CONTRADICTED,PASS,relation_extraction
VAL-OOD,S3,S3_671887bb-8702-52bc-1caa-9e44f571f935_72514-3_4,The current measurement of Pain severity - 0-10 verbal numeric rating is greater than the value from the prior evaluation.,SUPPORTED,BLOCK,relation_extraction
VAL-OOD,S3,S3_6a16a5b7-faf8-49ff-e642-7e8af31f986f_8867-4_1,The current measurement of Heart rate is greater than the value from the prior evaluation.,CONTRADICTED,PASS,relation_extraction
VAL-OOD,S3,S3_e790d37e-d213-e04f-9c67-3accf9c5031e_2085-9_0,The current measurement of Cholesterol in HDL is greater than the value from the prior evaluation.,SUPPORTED,BLOCK,relation_extraction
VAL-OOD,S3,S3_b4c085cb-69de-91bc-81e5-2696efd5899d_8867-4_0,The current measurement of Heart rate is greater than the value from the prior evaluation.,SUPPORTED,BLOCK,relation_extraction
VAL-OOD,S3,S3_2fde87fc-9a99-b25c-f6b0-c93d1e161b77_49765-1_0,The current measurement of Calcium is greater than the value from the prior evaluation.,SUPPORTED,BLOCK,relation_extraction
VAL-OOD,S3,S3_0600dbc3-0be0-88ee-f759-92b3e8b13fb6_29463-7_2,The current measurement of Body Weight is greater than the value from the prior evaluation.,SUPPORTED,BLOCK,relation_extraction
VAL-OOD,S3,S3_1b9292ca-7868-319c-dbc0-4a4a42024d7b_2947-0_1,The current measurement of Sodium is greater than the value from the prior evaluation.,CONTRADICTED,PASS,relation_extraction
VAL-OOD,S3,S3_12dc0d0e-b4e2-4a49-f2d3-5ad56cf84a6f_49765-1_1,The current measurement of Calcium is greater than the value from the prior evaluation.,SUPPORTED,BLOCK,relation_extraction
VAL-OOD,S3,S3_ef393134-8e8f-5507-93a3-fd0064375dee_6690-2_0,The current measurement of Leukocytes is greater than the value from the prior evaluation.,SUPPORTED,BLOCK,relation_extraction
VAL-OOD,S3,S3_b180ae2e-febd-087c-eb33-217eeeaf16b7_9843-4_0,The current measurement of Head Occipital-frontal circumference is greater than the value from the prior evaluation.,SUPPORTED,BLOCK,relation_extraction
VAL-OOD,S3,S3_37880a8f-7419-aa4a-c59f-fe51c956c13e_2345-7_0,The current measurement of Glucose is greater than the value from the prior evaluation.,SUPPORTED,BLOCK,concept_extraction
VAL-OOD,S3,S3_cd27c35e-3838-2745-e253-b3ba8a1e964c_49765-1_0,The current measurement of Calcium is greater than the value from the prior evaluation.,SUPPORTED,BLOCK,relation_extraction
VAL-OOD,S3,S3_a397aa78-b663-2abf-3f99-3a0b020021c3_29463-7_1,The current measurement of Body Weight is greater than the value from the prior evaluation.,SUPPORTED,BLOCK,relation_extraction
VAL-OOD,S3,S3_ec77d270-ed7e-d393-c2d5-cad04fb8944d_789-8_1,The current measurement of Erythrocytes is greater than the value from the prior evaluation.,CONTRADICTED,PASS,relation_extraction
VAL-OOD,S3,S3_88e24f16-78a3-6ff2-9bf6-b5131a17e1b5_8302-2_1,The current measurement of Body Height is greater than the value from the prior evaluation.,SUPPORTED,BLOCK,relation_extraction
VAL-OOD,S3,S3_67224657-6b53-1502-26de-84bd6c31d1b2_2075-0_2,The current measurement of Chloride is greater than the value from the prior evaluation.,CONTRADICTED,PASS,concept_extraction
VAL-OOD,S3,S3_04464864-a581-493c-5c0a-7f2da0755a0b_29463-7_1,The current measurement of Body Weight is greater than the value from the prior evaluation.,SUPPORTED,BLOCK,relation_extraction
VAL-OOD,S3,S3_05d82f23-e25f-883c-4654-e50f9630cb94_8867-4_2,The current measurement of Heart rate is greater than the value from the prior evaluation.,CONTRADICTED,PASS,relation_extraction
VAL-OOD,S3,S3_0e228e65-cc4e-dd45-015c-db4fa9249bc0_786-4_0,The current measurement of MCHC is greater than the value from the prior evaluation.,CONTRADICTED,PASS,relation_extraction
VAL-OOD,S3,S3_12dc0d0e-b4e2-4a49-f2d3-5ad56cf84a6f_33914-3_3,The current measurement of Glomerular filtration rate is greater than the value from the prior evaluation.,CONTRADICTED,PASS,relation_extraction
VAL-OOD,S3,S3_67224657-6b53-1502-26de-84bd6c31d1b2_2857-1_2,The current measurement of Prostate specific Ag is greater than the value from the prior evaluation.,SUPPORTED,BLOCK,relation_extraction
VAL-OOD,S3,S3_0a5e04ef-e02f-3415-51cd-6efea2a4f29f_72514-3_3,The current measurement of Pain severity - 0-10 verbal numeric rating is greater than the value from the prior evaluation.,CONTRADICTED,PASS,relation_extraction
VAL-OOD,S3,S3_48138196-2f91-6098-1083-ed19499dde28_55758-7_3,The current measurement of Patient Health Questionnaire 2 item (PHQ-2) total score is greater than the value from the prior evaluation.,CONTRADICTED,PASS,relation_extraction
VAL-OOD,S3,S3_2fde87fc-9a99-b25c-f6b0-c93d1e161b77_18262-6_1,The current measurement of Cholesterol in LDL is greater than the value from the prior evaluation.,SUPPORTED,BLOCK,relation_extraction
VAL-OOD,S3,S3_247c449c-50dc-baeb-014e-9cdfe03499a1_9279-1_0,The current measurement of Respiratory rate is greater than the value from the prior evaluation.,SUPPORTED,BLOCK,relation_extraction
VAL-OOD,S3,S3_587b3fa1-9015-f70b-ccf3-fc68d5df2402_789-8_0,The current measurement of Erythrocytes is greater than the value from the prior evaluation.,CONTRADICTED,PASS,relation_extraction
VAL-OOD,S3,S3_0cce6f8e-2868-082b-55c9-abaef0c12a3d_70274-6_0,The current measurement of Generalized anxiety disorder 7 item (GAD-7) total score is greater than the value from the prior evaluation.,CONTRADICTED,PASS,relation_extraction
VAL-OOD,S3,S3_2595af4c-f6b6-3761-60ea-4d68138267be_70274-6_0,The current measurement of Generalized anxiety disorder 7 item (GAD-7) total score is greater than the value from the prior evaluation.,CONTRADICTED,PASS,relation_extraction
VAL-OOD,S3,S3_67224657-6b53-1502-26de-84bd6c31d1b2_1920-8_0,The current measurement of Aspartate aminotransferase is greater than the value from the prior evaluation.,SUPPORTED,BLOCK,relation_extraction
VAL-OOD,S3,S3_0e228e65-cc4e-dd45-015c-db4fa9249bc0_2947-0_2,The current measurement of Sodium is greater than the value from the prior evaluation.,CONTRADICTED,PASS,relation_extraction
VAL-OOD,S3,S3_b4c085cb-69de-91bc-81e5-2696efd5899d_9279-1_2,The current measurement of Respiratory rate is greater than the value from the prior evaluation.,CONTRADICTED,PASS,relation_extraction
VAL-OOD,S3,S3_c18cb5a7-08de-d1f9-8d5c-08fb1057df07_9279-1_3,The current measurement of Respiratory rate is greater than the value from the prior evaluation.,SUPPORTED,BLOCK,relation_extraction
VAL-OOD,S3,S3_f1c75e52-1956-a7db-5623-696c75ea49bd_8867-4_4,The current measurement of Heart rate is greater than the value from the prior evaluation.,CONTRADICTED,PASS,relation_extraction
VAL-OOD,S3,S3_2e0b6f71-aeb2-06aa-446d-66538396d635_8302-2_0,The current measurement of Body Height is greater than the value from the prior evaluation.,SUPPORTED,BLOCK,relation_extraction
VAL-OOD,S3,S3_67224657-6b53-1502-26de-84bd6c31d1b2_70274-6_6,The current measurement of Generalized anxiety disorder 7 item (GAD-7) total score is greater than the value from the prior evaluation.,CONTRADICTED,PASS,relation_extraction
VAL-OOD,S3,S3_671887bb-8702-52bc-1caa-9e44f571f935_77606-2_1,The current measurement of Weight-for-length Per age and sex is greater than the value from the prior evaluation.,SUPPORTED,BLOCK,relation_extraction
VAL-OOD,S3,S3_0600dbc3-0be0-88ee-f759-92b3e8b13fb6_9843-4_2,The current measurement of Head Occipital-frontal circumference is greater than the value from the prior evaluation.,SUPPORTED,BLOCK,relation_extraction
VAL-OOD,S3,S3_0e228e65-cc4e-dd45-015c-db4fa9249bc0_2571-8_1,The current measurement of Triglyceride is greater than the value from the prior evaluation.,CONTRADICTED,PASS,relation_extraction
VAL-OOD,S3,S3_4e91a238-aeb1-2ca6-c27b-5dd74d730503_19926-5_1,The current measurement of FEV1/FVC is greater than the value from the prior evaluation.,CONTRADICTED,PASS,relation_extraction
VAL-OOD,S3,S3_18e63129-fa81-553c-d1a9-7f474170964b_82667-7_2,The current measurement of Total score is greater than the value from the prior evaluation.,CONTRADICTED,PASS,relation_extraction
VAL-OOD,S3,S3_1e350ee8-0d9f-d194-ea61-d175ce5156e2_2069-3_2,The current measurement of Chloride is greater than the value from the prior evaluation.,CONTRADICTED,PASS,relation_extraction
VAL-OOD,S3,S3_8f2afb80-fce6-738c-c04f-d31a3629a8e8_9843-4_0,The current measurement of Head Occipital-frontal circumference is greater than the value from the prior evaluation.,SUPPORTED,BLOCK,relation_extraction
VAL-OOD,S3,S3_37880a8f-7419-aa4a-c59f-fe51c956c13e_75626-2_10,The current measurement of Total score is greater than the value from the prior evaluation.,SUPPORTED,BLOCK,concept_extraction
VAL-OOD,S3,S3_4085fe68-e748-550f-bec1-77cecb8a1198_10834-0_4,The current measurement of Globulin is greater than the value from the prior evaluation.,SUPPORTED,BLOCK,relation_extraction
VAL-OOD,S3,S3_8ddfd245-750f-8c5c-af5f-15ce76af2969_785-6_4,The current measurement of MCH is greater than the value from the prior evaluation.,SUPPORTED,BLOCK,relation_extraction
VAL-OOD,S3,S3_37880a8f-7419-aa4a-c59f-fe51c956c13e_2028-9_4,"The current measurement of Carbon dioxide, total is greater than the value from the prior evaluation.",SUPPORTED,BLOCK,relation_extraction
VAL-OOD,S3,S3_4887db4a-ef42-70d0-86b6-ff5786ac381f_6298-4_0,The current measurement of Potassium is greater than the value from the prior evaluation.,SUPPORTED,BLOCK,relation_extraction
VAL-OOD,S3,S3_1b1be498-8833-65d6-53f8-b872dc2c7e9a_788-0_0,The current measurement of Erythrocyte is greater than the value from the prior evaluation.,CONTRADICTED,PASS,relation_extraction
VAL-OOD,S3,S3_50c730e1-fcea-aebb-e927-312ca5d5e714_33914-3_1,The current measurement of Glomerular filtration rate is greater than the value from the prior evaluation.,SUPPORTED,BLOCK,relation_extraction
VAL-OOD,S3,S3_fdfaeb18-0f47-7cb6-a2a9-d71a37bde175_6299-2_2,The current measurement of Urea nitrogen is greater than the value from the prior evaluation.,CONTRADICTED,PASS,relation_extraction
VAL-OOD,S3,S3_3e74ca38-e134-b00d-6957-cf949b206d79_8867-4_1,The current measurement of Heart rate is greater than the value from the prior evaluation.,SUPPORTED,BLOCK,relation_extraction
VAL-OOD,S3,S3_96a807e2-0504-b50d-3c7a-d691d66ca218_39156-5_1,The current measurement of Body mass index (BMI) is greater than the value from the prior evaluation.,SUPPORTED,BLOCK,relation_extraction
VAL-OOD,S3,S3_059d4a5e-7869-65af-a13d-e49f65e626ee_72106-8_2,The current measurement of Total score is greater than the value from the prior evaluation.,CONTRADICTED,PASS,concept_extraction
VAL-OOD,S3,S3_be0d1aa6-e965-4d57-01e3-e7c6d0172b0b_72514-3_2,The current measurement of Pain severity - 0-10 verbal numeric rating is greater than the value from the prior evaluation.,CONTRADICTED,PASS,relation_extraction
VAL-OOD,S3,S3_add6e4d9-b887-4b1d-253b-97574bf511ea_9279-1_1,The current measurement of Respiratory rate is greater than the value from the prior evaluation.,SUPPORTED,BLOCK,relation_extraction
VAL-OOD,S3,S3_1e350ee8-0d9f-d194-ea61-d175ce5156e2_6299-2_4,The current measurement of Urea nitrogen is greater than the value from the prior evaluation.,CONTRADICTED,PASS,relation_extraction
VAL-OOD,S3,S3_48f6bee6-4128-a40f-1dc5-90e4375c89d3_718-7_0,The current measurement of Hemoglobin is greater than the value from the prior evaluation.,CONTRADICTED,PASS,relation_extraction
VAL-OOD,S3,S3_50c730e1-fcea-aebb-e927-312ca5d5e714_5811-5_1,The current measurement of Specific gravity of Urine by Test strip is greater than the value from the prior evaluation.,CONTRADICTED,PASS,relation_extraction
VAL-OOD,S3,S3_12dc0d0e-b4e2-4a49-f2d3-5ad56cf84a6f_82667-7_0,The current measurement of Total score is greater than the value from the prior evaluation.,CONTRADICTED,PASS,relation_extraction
VAL-OOD,S3,S3_9eefe263-8630-dbaf-6ae5-df45848170a8_2885-2_1,The current measurement of Protein is greater than the value from the prior evaluation.,CONTRADICTED,PASS,relation_extraction
VAL-OOD,S3,S3_f89416db-94c1-4f94-d3ed-6189ed887d32_4548-4_0,The current measurement of Hemoglobin A1c/Hemoglobin.total in Blood is greater than the value from the prior evaluation.,CONTRADICTED,PASS,relation_extraction
VAL-OOD,S3,S3_d8dab272-df03-c1bf-0dbf-4f163227def4_2069-3_0,The current measurement of Chloride is greater than the value from the prior evaluation.,SUPPORTED,BLOCK,relation_extraction
VAL-OOD,S3,S3_2f199102-8309-e6c4-7d0f-d8f61dbbb039_8302-2_3,The current measurement of Body Height is greater than the value from the prior evaluation.,SUPPORTED,BLOCK,relation_extraction
VAL-OOD,S3,S3_e790d37e-d213-e04f-9c67-3accf9c5031e_785-6_4,The current measurement of MCH is greater than the value from the prior evaluation.,CONTRADICTED,PASS,relation_extraction
VAL-OOD,S3,S3_b4c085cb-69de-91bc-81e5-2696efd5899d_786-4_0,The current measurement of MCHC is greater than the value from the prior evaluation.,SUPPORTED,BLOCK,relation_extraction
VAL-OOD,S3,S3_0bbbaeb6-a9c9-67c4-897f-d726de852661_39156-5_4,The current measurement of Body mass index (BMI) is greater than the value from the prior evaluation.,CONTRADICTED,PASS,relation_extraction
VAL-OOD,S3,S3_3aeae8b2-3fe0-c770-23b3-a76cab6d0e74_718-7_1,The current measurement of Hemoglobin is greater than the value from the prior evaluation.,SUPPORTED,BLOCK,relation_extraction
VAL-OOD,S3,S3_12e7fda3-ae22-df05-399a-a4908a5dfec0_2069-3_1,The current measurement of Chloride is greater than the value from the prior evaluation.,CONTRADICTED,PASS,relation_extraction
VAL-OOD,S3,S3_2595af4c-f6b6-3761-60ea-4d68138267be_39156-5_4,The current measurement of Body mass index (BMI) is greater than the value from the prior evaluation.,SUPPORTED,BLOCK,relation_extraction
VAL-OOD,S3,S3_dc4f8811-b951-c43a-d985-7ed4f1e79c05_70274-6_4,The current measurement of Generalized anxiety disorder 7 item (GAD-7) total score is greater than the value from the prior evaluation.,CONTRADICTED,PASS,relation_extraction
VAL-OOD,S3,S3_2595af4c-f6b6-3761-60ea-4d68138267be_718-7_0,The current measurement of Hemoglobin is greater than the value from the prior evaluation.,CONTRADICTED,PASS,relation_extraction
VAL-OOD,S3,S3_a303d83e-435d-643a-948a-6b38e7b47dcb_4548-4_4,The current measurement of Hemoglobin A1c/Hemoglobin.total in Blood is greater than the value from the prior evaluation.,CONTRADICTED,PASS,relation_extraction
VAL-OOD,S3,S3_2a1d85b1-67ca-9b29-4089-387c281886e8_786-4_0,The current measurement of MCHC is greater than the value from the prior evaluation.,CONTRADICTED,PASS,relation_extraction
VAL-OOD,S3,S3_4085fe68-e748-550f-bec1-77cecb8a1198_1751-7_1,The current measurement of Albumin is greater than the value from the prior evaluation.,CONTRADICTED,PASS,relation_extraction
VAL-OOD,S3,S3_558e0ad4-8f5b-24ba-102d-e32fc61b2365_72514-3_3,The current measurement of Pain severity - 0-10 verbal numeric rating is greater than the value from the prior evaluation.,SUPPORTED,BLOCK,relation_extraction
VAL-OOD,S3,S3_48138196-2f91-6098-1083-ed19499dde28_1751-7_0,The current measurement of Albumin is greater than the value from the prior evaluation.,CONTRADICTED,PASS,relation_extraction
VAL-OOD,S3,S3_c720759f-a288-fa5c-1892-ca34ef5f92ac_72514-3_0,The current measurement of Pain severity - 0-10 verbal numeric rating is greater than the value from the prior evaluation.,SUPPORTED,BLOCK,relation_extraction
VAL-OOD,S3,S3_55f397ca-056d-e87c-776a-bae5409c34bc_2947-0_3,The current measurement of Sodium is greater than the value from the prior evaluation.,CONTRADICTED,PASS,relation_extraction
VAL-OOD,S3,S3_e790d37e-d213-e04f-9c67-3accf9c5031e_6298-4_1,The current measurement of Potassium is greater than the value from the prior evaluation.,SUPPORTED,BLOCK,relation_extraction
VAL-OOD,S3,S3_2fde87fc-9a99-b25c-f6b0-c93d1e161b77_9279-1_2,The current measurement of Respiratory rate is greater than the value from the prior evaluation.,CONTRADICTED,PASS,relation_extraction
VAL-OOD,S3,S3_2595af4c-f6b6-3761-60ea-4d68138267be_82667-7_0,The current measurement of Total score is greater than the value from the prior evaluation.,CONTRADICTED,PASS,relation_extraction
VAL-OOD,S3,S3_059d4a5e-7869-65af-a13d-e49f65e626ee_8867-4_2,The current measurement of Heart rate is greater than the value from the prior evaluation.,CONTRADICTED,PASS,relation_extraction
VAL-OOD,S3,S3_12e7fda3-ae22-df05-399a-a4908a5dfec0_20565-8_0,"The current measurement of Carbon dioxide, total is greater than the value from the prior evaluation.",CONTRADICTED,PASS,concept_extraction
VAL-OOD,S3,S3_4887db4a-ef42-70d0-86b6-ff5786ac381f_2085-9_0,The current measurement of Cholesterol in HDL is greater than the value from the prior evaluation.,CONTRADICTED,PASS,relation_extraction
VAL-OOD,S3,S3_1df1fea5-36a7-c925-195c-d03a69032e71_72514-3_2,The current measurement of Pain severity - 0-10 verbal numeric rating is greater than the value from the prior evaluation.,CONTRADICTED,PASS,relation_extraction
VAL-OOD,S3,S3_37880a8f-7419-aa4a-c59f-fe51c956c13e_6690-2_0,The current measurement of Leukocytes is greater than the value from the prior evaluation.,CONTRADICTED,PASS,relation_extraction
VAL-OOD,S3,S3_a81ac007-b80c-ad81-7317-bdc46a57b421_787-2_0,The current measurement of MCV is greater than the value from the prior evaluation.,CONTRADICTED,PASS,relation_extraction
VAL-OOD,S3,S3_8b28039b-9ecb-14f7-1493-1c87bfe10855_2345-7_12,The current measurement of Glucose is greater than the value from the prior evaluation.,SUPPORTED,BLOCK,concept_extraction
VAL-OOD,S3,S3_a81ac007-b80c-ad81-7317-bdc46a57b421_49765-1_2,The current measurement of Calcium is greater than the value from the prior evaluation.,SUPPORTED,BLOCK,relation_extraction
VAL-OOD,S3,S3_48138196-2f91-6098-1083-ed19499dde28_32207-3_2,The current measurement of Platelet distribution width is greater than the value from the prior evaluation.,CONTRADICTED,PASS,relation_extraction
VAL-OOD,S3,S3_67224657-6b53-1502-26de-84bd6c31d1b2_2345-7_3,The current measurement of Glucose is greater than the value from the prior evaluation.,SUPPORTED,BLOCK,concept_extraction
VAL-OOD,S3,S3_18e63129-fa81-553c-d1a9-7f474170964b_2571-8_1,The current measurement of Triglyceride is greater than the value from the prior evaluation.,SUPPORTED,BLOCK,relation_extraction
VAL-OOD,S3,S3_a397aa78-b663-2abf-3f99-3a0b020021c3_70274-6_1,The current measurement of Generalized anxiety disorder 7 item (GAD-7) total score is greater than the value from the prior evaluation.,CONTRADICTED,PASS,relation_extraction
VAL-OOD,S3,S3_2be1d412-eca7-a732-7523-31c5d9c4642f_38483-4_1,The current measurement of Creatinine is greater than the value from the prior evaluation.,CONTRADICTED,PASS,concept_extraction
VAL-OOD,S3,S3_059d4a5e-7869-65af-a13d-e49f65e626ee_75626-2_1,The current measurement of Total score is greater than the value from the prior evaluation.,SUPPORTED,BLOCK,concept_extraction
VAL-OOD,S3,S3_04464864-a581-493c-5c0a-7f2da0755a0b_8310-5_0,The current measurement of Body temperature is greater than the value from the prior evaluation.,SUPPORTED,BLOCK,relation_extraction
VAL-OOD,S3,S3_fa56e38d-5de0-89e2-10fe-ee22a1ae6930_2069-3_1,The current measurement of Chloride is greater than the value from the prior evaluation.,CONTRADICTED,PASS,relation_extraction
VAL-OOD,S3,S3_67224657-6b53-1502-26de-84bd6c31d1b2_3094-0_3,The current measurement of Urea nitrogen is greater than the value from the prior evaluation.,CONTRADICTED,PASS,concept_extraction
VAL-OOD,S3,S3_a121a579-1ee5-f5e7-f923-ee423e1221af_8867-4_3,The current measurement of Heart rate is greater than the value from the prior evaluation.,CONTRADICTED,PASS,relation_extraction
VAL-OOD,S3,S3_0600dbc3-0be0-88ee-f759-92b3e8b13fb6_77606-2_1,The current measurement of Weight-for-length Per age and sex is greater than the value from the prior evaluation.,SUPPORTED,BLOCK,relation_extraction
VAL-OOD,S3,S3_525780ac-18a1-1c07-6c4a-5eb3c8dbd175_72514-3_4,The current measurement of Pain severity - 0-10 verbal numeric rating is greater than the value from the prior evaluation.,SUPPORTED,BLOCK,relation_extraction
VAL-OOD,S3,S3_6a16a5b7-faf8-49ff-e642-7e8af31f986f_6298-4_2,The current measurement of Potassium is greater than the value from the prior evaluation.,SUPPORTED,BLOCK,relation_extraction
VAL-OOD,S3,S3_8ddfd245-750f-8c5c-af5f-15ce76af2969_4544-3_4,The current measurement of Hematocrit is greater than the value from the prior evaluation.,SUPPORTED,BLOCK,relation_extraction
VAL-OOD,S3,S3_a303d83e-435d-643a-948a-6b38e7b47dcb_788-0_3,The current measurement of Erythrocyte is greater than the value from the prior evaluation.,SUPPORTED,BLOCK,relation_extraction
VAL-OOD,S4,S4_8d0f8613-b58d-8904-0ddc-6aeea9049906_59576-9_4,"As of the current evaluation, the active Body mass index (BMI) measurement is 13.559 %.",SUPPORTED,BLOCK,concept_extraction
VAL-OOD,S4,S4_b54ec258-afa9-ef86-3979-c471d433e390_39156-5_1,"As of the current evaluation, the active Body mass index (BMI) measurement is 30.36 kg/m2.",SUPPORTED,BLOCK,relation_extraction
VAL-OOD,S4,S4_fa56e38d-5de0-89e2-10fe-ee22a1ae6930_20505-4_1,"As of the current evaluation, the active Bilirubin.total measurement is 0.2405 mg/dL.",SUPPORTED,HOLD,concept_extraction
VAL-OOD,S4,S4_fa56e38d-5de0-89e2-10fe-ee22a1ae6930_20505-4_1,"As of the current evaluation, the active Bilirubin.total measurement is 1.1159 mg/dL.",CONTRADICTED,HOLD,concept_extraction
VAL-OOD,S4,S4_4085fe68-e748-550f-bec1-77cecb8a1198_20565-8_0,"As of the current evaluation, the active Carbon dioxide, total measurement is 21.86 mmol/L.",SUPPORTED,HOLD,concept_extraction
VAL-OOD,S4,S4_4085fe68-e748-550f-bec1-77cecb8a1198_20565-8_0,"As of the current evaluation, the active Carbon dioxide, total measurement is 27.78 mmol/L.",CONTRADICTED,HOLD,concept_extraction
VAL-OOD,S4,S4_0e228e65-cc4e-dd45-015c-db4fa9249bc0_789-8_0,"As of the current evaluation, the active Erythrocytes measurement is 4.7335 10*6/uL.",SUPPORTED,BLOCK,relation_extraction
VAL-OOD,S4,S4_2be1d412-eca7-a732-7523-31c5d9c4642f_20565-8_2,"As of the current evaluation, the active Carbon dioxide, total measurement is 26.25 mmol/L.",SUPPORTED,HOLD,concept_extraction
VAL-OOD,S4,S4_2be1d412-eca7-a732-7523-31c5d9c4642f_20565-8_2,"As of the current evaluation, the active Carbon dioxide, total measurement is 27.24 mmol/L.",CONTRADICTED,HOLD,concept_extraction
VAL-OOD,S4,S4_fa56e38d-5de0-89e2-10fe-ee22a1ae6930_17861-6_3,"As of the current evaluation, the active Calcium measurement is 9.39 mg/dL.",SUPPORTED,BLOCK,concept_extraction
VAL-OOD,S4,S4_940b8423-478a-5013-c62e-d1c20601d662_20565-8_3,"As of the current evaluation, the active Carbon dioxide, total measurement is 27.61 mmol/L.",SUPPORTED,HOLD,concept_extraction
VAL-OOD,S4,S4_940b8423-478a-5013-c62e-d1c20601d662_20565-8_3,"As of the current evaluation, the active Carbon dioxide, total measurement is 28.01 mmol/L.",CONTRADICTED,HOLD,concept_extraction
VAL-OOD,S4,S4_a303d83e-435d-643a-948a-6b38e7b47dcb_39156-5_1,"As of the current evaluation, the active Body mass index (BMI) measurement is 28.6 kg/m2.",SUPPORTED,BLOCK,relation_extraction
VAL-OOD,S4,S4_37880a8f-7419-aa4a-c59f-fe51c956c13e_789-8_0,"As of the current evaluation, the active Erythrocytes measurement is 4.4611 10*6/uL.",SUPPORTED,BLOCK,relation_extraction
VAL-OOD,S4,S4_2fde87fc-9a99-b25c-f6b0-c93d1e161b77_38483-4_3,"As of the current evaluation, the active Creatinine measurement is 2.7142 mg/dL.",SUPPORTED,HOLD,concept_extraction
VAL-OOD,S4,S4_2fde87fc-9a99-b25c-f6b0-c93d1e161b77_38483-4_3,"As of the current evaluation, the active Creatinine measurement is 3.1191 mg/dL.",CONTRADICTED,HOLD,concept_extraction
VAL-OOD,S4,S4_08006612-13e0-e3bd-78d2-d3ef0c9e5368_59576-9_1,"As of the current evaluation, the active Body mass index (BMI) measurement is 66.069 %.",SUPPORTED,BLOCK,concept_extraction
VAL-OOD,S4,S4_587b3fa1-9015-f70b-ccf3-fc68d5df2402_38483-4_4,"As of the current evaluation, the active Creatinine measurement is 1.08 mg/dL.",SUPPORTED,HOLD,concept_extraction
VAL-OOD,S4,S4_587b3fa1-9015-f70b-ccf3-fc68d5df2402_38483-4_4,"As of the current evaluation, the active Creatinine measurement is 1.29 mg/dL.",CONTRADICTED,HOLD,concept_extraction
VAL-OOD,S4,S4_999be85b-4cce-8605-1a31-d3ab89a1478b_789-8_0,"As of the current evaluation, the active Erythrocytes measurement is 4.2905 10*6/uL.",SUPPORTED,BLOCK,relation_extraction
VAL-OOD,S4,S4_55f397ca-056d-e87c-776a-bae5409c34bc_38483-4_0,"As of the current evaluation, the active Creatinine measurement is 1.07 mg/dL.",SUPPORTED,HOLD,concept_extraction
VAL-OOD,S4,S4_55f397ca-056d-e87c-776a-bae5409c34bc_38483-4_0,"As of the current evaluation, the active Creatinine measurement is 1.15 mg/dL.",CONTRADICTED,HOLD,concept_extraction
VAL-OOD,S4,S4_ec77d270-ed7e-d393-c2d5-cad04fb8944d_39156-5_1,"As of the current evaluation, the active Body mass index (BMI) measurement is 29.02 kg/m2.",SUPPORTED,BLOCK,relation_extraction
VAL-OOD,S4,S4_67224657-6b53-1502-26de-84bd6c31d1b2_777-3_2,"As of the current evaluation, the active Platelets measurement is 262.56 10*3/uL.",SUPPORTED,BLOCK,relation_extraction
VAL-OOD,S4,S4_64910a1e-90fc-dfee-29e5-97f86a6be660_39156-5_0,"As of the current evaluation, the active Body mass index (BMI) measurement is 26.19 kg/m2.",SUPPORTED,BLOCK,relation_extraction
VAL-OOD,S4,S4_26d35d86-e218-72c3-e525-dc35ca838390_39156-5_4,"As of the current evaluation, the active Body mass index (BMI) measurement is 25.06 kg/m2.",SUPPORTED,BLOCK,relation_extraction
VAL-OOD,S4,S4_18e63129-fa81-553c-d1a9-7f474170964b_75626-2_0,"As of the current evaluation, the active Total score measurement is 1.0 {score}.",SUPPORTED,BLOCK,concept_extraction
VAL-OOD,S4,S4_18e63129-fa81-553c-d1a9-7f474170964b_75626-2_0,"As of the current evaluation, the active Total score measurement is 2.0 {score}.",CONTRADICTED,PASS,concept_extraction
VAL-OOD,S4,S4_26d35d86-e218-72c3-e525-dc35ca838390_59576-9_2,"As of the current evaluation, the active Body mass index (BMI) measurement is 90.786 %.",SUPPORTED,BLOCK,concept_extraction
VAL-OOD,S4,S4_64910a1e-90fc-dfee-29e5-97f86a6be660_38483-4_2,"As of the current evaluation, the active Creatinine measurement is 0.89 mg/dL.",SUPPORTED,HOLD,concept_extraction
VAL-OOD,S4,S4_64910a1e-90fc-dfee-29e5-97f86a6be660_38483-4_2,"As of the current evaluation, the active Creatinine measurement is 1.19 mg/dL.",CONTRADICTED,HOLD,concept_extraction
VAL-OOD,S4,S4_b54ec258-afa9-ef86-3979-c471d433e390_20565-8_0,"As of the current evaluation, the active Carbon dioxide, total measurement is 20.98 mmol/L.",SUPPORTED,HOLD,concept_extraction
VAL-OOD,S4,S4_b54ec258-afa9-ef86-3979-c471d433e390_20565-8_0,"As of the current evaluation, the active Carbon dioxide, total measurement is 20.56 mmol/L.",CONTRADICTED,HOLD,concept_extraction
VAL-OOD,S4,S4_0a5e04ef-e02f-3415-51cd-6efea2a4f29f_6690-2_0,"As of the current evaluation, the active Leukocytes measurement is 8.867 10*3/uL.",SUPPORTED,BLOCK,relation_extraction
VAL-OOD,S4,S4_2a1d85b1-67ca-9b29-4089-387c281886e8_75626-2_0,"As of the current evaluation, the active Total score measurement is 2.0 {score}.",SUPPORTED,BLOCK,concept_extraction
VAL-OOD,S4,S4_9b51cdee-c6fc-a37a-9b4a-91516e0c822a_2075-0_4,"As of the current evaluation, the active Chloride measurement is 102.76 mmol/L.",SUPPORTED,BLOCK,concept_extraction
VAL-OOD,S4,S4_18e63129-fa81-553c-d1a9-7f474170964b_39156-5_1,"As of the current evaluation, the active Body mass index (BMI) measurement is 28.03 kg/m2.",SUPPORTED,BLOCK,relation_extraction
VAL-OOD,S4,S4_9b51cdee-c6fc-a37a-9b4a-91516e0c822a_789-8_0,"As of the current evaluation, the active Erythrocytes measurement is 5.1666 10*6/uL.",SUPPORTED,BLOCK,relation_extraction
VAL-OOD,S4,S4_fad006ec-3fa3-256a-d410-934d7204aa24_39156-5_2,"As of the current evaluation, the active Body mass index (BMI) measurement is 30.52 kg/m2.",SUPPORTED,BLOCK,relation_extraction
VAL-OOD,S4,S4_a397aa78-b663-2abf-3f99-3a0b020021c3_6690-2_0,"As of the current evaluation, the active Leukocytes measurement is 3.6434 10*3/uL.",SUPPORTED,BLOCK,relation_extraction
VAL-OOD,S4,S4_1b1be498-8833-65d6-53f8-b872dc2c7e9a_777-3_0,"As of the current evaluation, the active Platelets measurement is 307.35 10*3/uL.",SUPPORTED,BLOCK,relation_extraction
VAL-OOD,S4,S4_205fe677-6c12-43e8-9145-f21bd8280034_59576-9_3,"As of the current evaluation, the active Body mass index (BMI) measurement is 19.198 %.",SUPPORTED,BLOCK,concept_extraction
VAL-OOD,S4,S4_37880a8f-7419-aa4a-c59f-fe51c956c13e_75626-2_4,"As of the current evaluation, the active Total score measurement is 2.0 {score}.",SUPPORTED,BLOCK,concept_extraction
VAL-OOD,S4,S4_37880a8f-7419-aa4a-c59f-fe51c956c13e_75626-2_4,"As of the current evaluation, the active Total score measurement is 1.0 {score}.",CONTRADICTED,PASS,concept_extraction
VAL-OOD,S4,S4_4e91a238-aeb1-2ca6-c27b-5dd74d730503_5804-0_0,"As of the current evaluation, the active Protein measurement is 84.738 mg/dL.",SUPPORTED,HOLD,concept_extraction
VAL-OOD,S4,S4_4e91a238-aeb1-2ca6-c27b-5dd74d730503_5804-0_0,"As of the current evaluation, the active Protein measurement is 119.21 mg/dL.",CONTRADICTED,HOLD,concept_extraction
VAL-OOD,S4,S4_247c449c-50dc-baeb-014e-9cdfe03499a1_20565-8_0,"As of the current evaluation, the active Carbon dioxide, total measurement is 21.57 mmol/L.",SUPPORTED,HOLD,concept_extraction
VAL-OOD,S4,S4_247c449c-50dc-baeb-014e-9cdfe03499a1_20565-8_0,"As of the current evaluation, the active Carbon dioxide, total measurement is 23.68 mmol/L.",CONTRADICTED,HOLD,concept_extraction
VAL-OOD,S4,S4_08006612-13e0-e3bd-78d2-d3ef0c9e5368_777-3_0,"As of the current evaluation, the active Platelets measurement is 448.99 10*3/uL.",SUPPORTED,BLOCK,relation_extraction
VAL-OOD,S4,S4_8f2afb80-fce6-738c-c04f-d31a3629a8e8_59576-9_1,"As of the current evaluation, the active Body mass index (BMI) measurement is 90.363 %.",SUPPORTED,BLOCK,concept_extraction
VAL-OOD,S4,S4_558e0ad4-8f5b-24ba-102d-e32fc61b2365_20565-8_4,"As of the current evaluation, the active Carbon dioxide, total measurement is 28.73 mmol/L.",SUPPORTED,HOLD,concept_extraction
VAL-OOD,S4,S4_558e0ad4-8f5b-24ba-102d-e32fc61b2365_20565-8_4,"As of the current evaluation, the active Carbon dioxide, total measurement is 20.14 mmol/L.",CONTRADICTED,HOLD,concept_extraction
VAL-OOD,S4,S4_e69020cc-edfa-b575-66a9-30df9e83e1ec_59576-9_4,"As of the current evaluation, the active Body mass index (BMI) measurement is 75.856 %.",SUPPORTED,BLOCK,concept_extraction
VAL-OOD,S4,S4_2be1d412-eca7-a732-7523-31c5d9c4642f_38483-4_2,"As of the current evaluation, the active Creatinine measurement is 3.1382 mg/dL.",SUPPORTED,HOLD,concept_extraction
VAL-OOD,S4,S4_2be1d412-eca7-a732-7523-31c5d9c4642f_38483-4_2,"As of the current evaluation, the active Creatinine measurement is 0.8 mg/dL.",CONTRADICTED,HOLD,concept_extraction
VAL-OOD,S4,S4_0cce6f8e-2868-082b-55c9-abaef0c12a3d_20505-4_0,"As of the current evaluation, the active Bilirubin.total measurement is 0.49659 mg/dL.",SUPPORTED,HOLD,concept_extraction
VAL-OOD,S4,S4_0cce6f8e-2868-082b-55c9-abaef0c12a3d_20505-4_0,"As of the current evaluation, the active Bilirubin.total measurement is 1.3595 mg/dL.",CONTRADICTED,HOLD,concept_extraction
VAL-OOD,S4,S4_8b28039b-9ecb-14f7-1493-1c87bfe10855_2951-2_2,"As of the current evaluation, the active Sodium measurement is 142.36 mmol/L.",SUPPORTED,BLOCK,concept_extraction
VAL-OOD,S4,S4_484d6b59-2220-b932-c0ce-dbd955779f46_777-3_0,"As of the current evaluation, the active Platelets measurement is 409.76 10*3/uL.",SUPPORTED,BLOCK,relation_extraction
VAL-OOD,S4,S4_05d82f23-e25f-883c-4654-e50f9630cb94_39156-5_0,"As of the current evaluation, the active Body mass index (BMI) measurement is 27.93 kg/m2.",SUPPORTED,BLOCK,relation_extraction
VAL-OOD,S4,S4_0a5e04ef-e02f-3415-51cd-6efea2a4f29f_38483-4_4,"As of the current evaluation, the active Creatinine measurement is 0.9 mg/dL.",SUPPORTED,HOLD,concept_extraction
VAL-OOD,S4,S4_0a5e04ef-e02f-3415-51cd-6efea2a4f29f_38483-4_4,"As of the current evaluation, the active Creatinine measurement is 0.84 mg/dL.",CONTRADICTED,HOLD,concept_extraction
VAL-OOD,S4,S4_1df1fea5-36a7-c925-195c-d03a69032e71_75626-2_0,"As of the current evaluation, the active Total score measurement is 4.0 {score}.",SUPPORTED,HOLD,concept_extraction
VAL-OOD,S4,S4_1df1fea5-36a7-c925-195c-d03a69032e71_75626-2_0,"As of the current evaluation, the active Total score measurement is 0.0 {score}.",CONTRADICTED,HOLD,concept_extraction
VAL-OOD,S4,S4_ab7f04e1-4167-33b1-eb0b-efe7d1a29989_39156-5_0,"As of the current evaluation, the active Body mass index (BMI) measurement is 30.37 kg/m2.",SUPPORTED,BLOCK,relation_extraction
VAL-OOD,S4,S4_8b28039b-9ecb-14f7-1493-1c87bfe10855_38483-4_4,"As of the current evaluation, the active Creatinine measurement is 0.63 mg/dL.",SUPPORTED,BLOCK,concept_extraction
VAL-OOD,S4,S4_8bc94087-ab26-aaec-c448-8c016a1567fc_39156-5_3,"As of the current evaluation, the active Body mass index (BMI) measurement is 23.53 kg/m2.",SUPPORTED,BLOCK,relation_extraction
VAL-OOD,S4,S4_cd27c35e-3838-2745-e253-b3ba8a1e964c_20565-8_4,"As of the current evaluation, the active Carbon dioxide, total measurement is 23.94 mmol/L.",SUPPORTED,HOLD,concept_extraction
VAL-OOD,S4,S4_cd27c35e-3838-2745-e253-b3ba8a1e964c_20565-8_4,"As of the current evaluation, the active Carbon dioxide, total measurement is 21.67 mmol/L.",CONTRADICTED,HOLD,concept_extraction
VAL-OOD,S4,S4_2afff3af-ca26-6bc7-8d81-5df4722644f2_39156-5_2,"As of the current evaluation, the active Body mass index (BMI) measurement is 29.62 kg/m2.",SUPPORTED,BLOCK,relation_extraction
VAL-OOD,S4,S4_69be2004-fee7-e16d-da17-c8048f0129af_39156-5_4,"As of the current evaluation, the active Body mass index (BMI) measurement is 18.54 kg/m2.",SUPPORTED,BLOCK,relation_extraction
VAL-OOD,S4,S4_67224657-6b53-1502-26de-84bd6c31d1b2_6690-2_4,"As of the current evaluation, the active Leukocytes measurement is 9.7104 10*3/uL.",SUPPORTED,BLOCK,relation_extraction
VAL-OOD,S4,S4_48138196-2f91-6098-1083-ed19499dde28_20505-4_0,"As of the current evaluation, the active Bilirubin.total measurement is 1.2151 mg/dL.",SUPPORTED,BLOCK,concept_extraction
VAL-OOD,S4,S4_96a807e2-0504-b50d-3c7a-d691d66ca218_24467-3_0,"As of the current evaluation, the active CD3+CD4+ (T4 helper) cells measurement is 816.0 /uL.",SUPPORTED,HOLD,concept_extraction
VAL-OOD,S4,S4_96a807e2-0504-b50d-3c7a-d691d66ca218_24467-3_0,"As of the current evaluation, the active CD3+CD4+ (T4 helper) cells measurement is 596.0 /uL.",CONTRADICTED,HOLD,concept_extraction
VAL-OOD,S4,S4_4085fe68-e748-550f-bec1-77cecb8a1198_38483-4_2,"As of the current evaluation, the active Creatinine measurement is 2.9671 mg/dL.",SUPPORTED,HOLD,concept_extraction
VAL-OOD,S4,S4_4085fe68-e748-550f-bec1-77cecb8a1198_38483-4_2,"As of the current evaluation, the active Creatinine measurement is 2.9538 mg/dL.",CONTRADICTED,HOLD,concept_extraction
VAL-OOD,S4,S4_2595af4c-f6b6-3761-60ea-4d68138267be_39156-5_0,"As of the current evaluation, the active Body mass index (BMI) measurement is 23.09 kg/m2.",SUPPORTED,BLOCK,relation_extraction
VAL-OOD,S4,S4_12e7fda3-ae22-df05-399a-a4908a5dfec0_39156-5_2,"As of the current evaluation, the active Body mass index (BMI) measurement is 29.95 kg/m2.",SUPPORTED,BLOCK,relation_extraction
VAL-OOD,S4,S4_8ddfd245-750f-8c5c-af5f-15ce76af2969_2345-7_2,"As of the current evaluation, the active Glucose measurement is 99.6 mg/dL.",SUPPORTED,BLOCK,concept_extraction
VAL-OOD,S4,S4_50c730e1-fcea-aebb-e927-312ca5d5e714_38483-4_4,"As of the current evaluation, the active Creatinine measurement is 1.6 mg/dL.",SUPPORTED,BLOCK,concept_extraction
VAL-OOD,S4,S4_558e0ad4-8f5b-24ba-102d-e32fc61b2365_789-8_0,"As of the current evaluation, the active Erythrocytes measurement is 4.0292 10*6/uL.",SUPPORTED,BLOCK,relation_extraction
VAL-OOD,S4,S4_940b8423-478a-5013-c62e-d1c20601d662_39156-5_4,"As of the current evaluation, the active Body mass index (BMI) measurement is 29.51 kg/m2.",SUPPORTED,BLOCK,relation_extraction
VAL-OOD,S4,S4_205fe677-6c12-43e8-9145-f21bd8280034_59576-9_2,"As of the current evaluation, the active Body mass index (BMI) measurement is 19.198 %.",SUPPORTED,BLOCK,concept_extraction
VAL-OOD,S4,S4_d8dab272-df03-c1bf-0dbf-4f163227def4_6690-2_0,"As of the current evaluation, the active Leukocytes measurement is 3.55 10*3/uL.",SUPPORTED,BLOCK,relation_extraction
VAL-OOD,S4,S4_9b51cdee-c6fc-a37a-9b4a-91516e0c822a_20505-4_2,"As of the current evaluation, the active Bilirubin.total measurement is 1.4087 mg/dL.",SUPPORTED,BLOCK,concept_extraction
VAL-OOD,S4,S4_0e228e65-cc4e-dd45-015c-db4fa9249bc0_75626-2_2,"As of the current evaluation, the active Total score measurement is 11.0 {score}.",SUPPORTED,BLOCK,concept_extraction
VAL-OOD,S4,S4_0e228e65-cc4e-dd45-015c-db4fa9249bc0_75626-2_2,"As of the current evaluation, the active Total score measurement is 2.0 {score}.",CONTRADICTED,PASS,concept_extraction
VAL-OOD,S4,S4_cd27c35e-3838-2745-e253-b3ba8a1e964c_20565-8_1,"As of the current evaluation, the active Carbon dioxide, total measurement is 23.94 mmol/L.",SUPPORTED,HOLD,concept_extraction
VAL-OOD,S4,S4_cd27c35e-3838-2745-e253-b3ba8a1e964c_20565-8_1,"As of the current evaluation, the active Carbon dioxide, total measurement is 28.08 mmol/L.",CONTRADICTED,HOLD,concept_extraction
VAL-OOD,S4,S4_12e7fda3-ae22-df05-399a-a4908a5dfec0_20565-8_0,"As of the current evaluation, the active Carbon dioxide, total measurement is 21.07 mmol/L.",SUPPORTED,HOLD,concept_extraction
VAL-OOD,S4,S4_12e7fda3-ae22-df05-399a-a4908a5dfec0_20565-8_0,"As of the current evaluation, the active Carbon dioxide, total measurement is 28.82 mmol/L.",CONTRADICTED,HOLD,concept_extraction
VAL-OOD,S4,S4_558e0ad4-8f5b-24ba-102d-e32fc61b2365_75626-2_1,"As of the current evaluation, the active Total score measurement is 0.0 {score}.",SUPPORTED,BLOCK,concept_extraction
VAL-OOD,S4,S4_4b7dbb2d-7700-9282-af9a-97ad2f9a0b6f_38483-4_2,"As of the current evaluation, the active Creatinine measurement is 1.08 mg/dL.",SUPPORTED,HOLD,concept_extraction
VAL-OOD,S4,S4_4b7dbb2d-7700-9282-af9a-97ad2f9a0b6f_38483-4_2,"As of the current evaluation, the active Creatinine measurement is 1.02 mg/dL.",CONTRADICTED,HOLD,concept_extraction
VAL-OOD,S4,S4_bace887c-5e17-a2f3-9357-a302191ef44b_777-3_1,"As of the current evaluation, the active Platelets measurement is 423.53 10*3/uL.",SUPPORTED,BLOCK,relation_extraction
VAL-OOD,S4,S4_059d4a5e-7869-65af-a13d-e49f65e626ee_72106-8_1,"As of the current evaluation, the active Total score measurement is 1.6127 {score}.",SUPPORTED,BLOCK,concept_extraction
VAL-OOD,S4,S4_88e24f16-78a3-6ff2-9bf6-b5131a17e1b5_59576-9_0,"As of the current evaluation, the active Body mass index (BMI) measurement is 97.385 %.",SUPPORTED,BLOCK,concept_extraction
VAL-OOD,S4,S4_fdfaeb18-0f47-7cb6-a2a9-d71a37bde175_75626-2_0,"As of the current evaluation, the active Total score measurement is 0.0 {score}.",SUPPORTED,BLOCK,concept_extraction
VAL-OOD,S4,S4_9eefe263-8630-dbaf-6ae5-df45848170a8_20505-4_2,"As of the current evaluation, the active Bilirubin.total measurement is 1.1272 mg/dL.",SUPPORTED,BLOCK,concept_extraction
VAL-OOD,S4,S4_8ddfd245-750f-8c5c-af5f-15ce76af2969_2951-2_2,"As of the current evaluation, the active Sodium measurement is 143.99 mmol/L.",SUPPORTED,BLOCK,concept_extraction
VAL-OOD,S4,S4_9b51cdee-c6fc-a37a-9b4a-91516e0c822a_5804-0_2,"As of the current evaluation, the active Protein measurement is 417.05 mg/dL.",SUPPORTED,BLOCK,concept_extraction
VAL-OOD,S4,S4_12e7fda3-ae22-df05-399a-a4908a5dfec0_33914-3_1,"As of the current evaluation, the active Glomerular filtration rate measurement is 108.66 mL/min/{1.73_m2}.",SUPPORTED,BLOCK,numeric_value
VAL-OOD,S4,S4_69be2004-fee7-e16d-da17-c8048f0129af_39156-5_1,"As of the current evaluation, the active Body mass index (BMI) measurement is 18.54 kg/m2.",SUPPORTED,BLOCK,relation_extraction
VAL-OOD,S4,S4_8dc51bf3-9bb4-0358-8ebc-edd4be2cc5b9_59576-9_1,"As of the current evaluation, the active Body mass index (BMI) measurement is 90.287 %.",SUPPORTED,BLOCK,concept_extraction
VAL-OOD,S4,S4_50c730e1-fcea-aebb-e927-312ca5d5e714_5792-7_3,"As of the current evaluation, the active Glucose measurement is 2.2017 mg/dL.",SUPPORTED,BLOCK,concept_extraction
VAL-OOD,S4,S4_96a807e2-0504-b50d-3c7a-d691d66ca218_20447-9_4,"As of the current evaluation, the active HIV 1 RNA measurement is 61230.0 {copies}/mL.",SUPPORTED,HOLD,concept_extraction
VAL-OOD,S4,S4_96a807e2-0504-b50d-3c7a-d691d66ca218_20447-9_4,"As of the current evaluation, the active HIV 1 RNA measurement is 85552.0 {copies}/mL.",CONTRADICTED,HOLD,concept_extraction
VAL-OOD,S4,S4_4887db4a-ef42-70d0-86b6-ff5786ac381f_38483-4_0,"As of the current evaluation, the active Creatinine measurement is 2.596 mg/dL.",SUPPORTED,HOLD,concept_extraction
VAL-OOD,S4,S4_4887db4a-ef42-70d0-86b6-ff5786ac381f_38483-4_0,"As of the current evaluation, the active Creatinine measurement is 2.5218 mg/dL.",CONTRADICTED,HOLD,concept_extraction
VAL-OOD,S4,S4_f210e2cd-0e3c-b243-a75a-0e4970ed4038_39156-5_3,"As of the current evaluation, the active Body mass index (BMI) measurement is 17.31 kg/m2.",SUPPORTED,BLOCK,relation_extraction
VAL-OOD,S4,S4_a397aa78-b663-2abf-3f99-3a0b020021c3_39156-5_1,"As of the current evaluation, the active Body mass index (BMI) measurement is 19.47 kg/m2.",SUPPORTED,BLOCK,relation_extraction
VAL-OOD,S4,S4_9b51cdee-c6fc-a37a-9b4a-91516e0c822a_20565-8_0,"As of the current evaluation, the active Carbon dioxide, total measurement is 21.8 mmol/L.",SUPPORTED,BLOCK,concept_extraction
VAL-OOD,S4,S4_cd27c35e-3838-2745-e253-b3ba8a1e964c_75626-2_1,"As of the current evaluation, the active Total score measurement is 3.0 {score}.",SUPPORTED,BLOCK,concept_extraction
VAL-OOD,S4,S4_8d0f8613-b58d-8904-0ddc-6aeea9049906_39156-5_3,"As of the current evaluation, the active Body mass index (BMI) measurement is 18.81 kg/m2.",SUPPORTED,BLOCK,relation_extraction
VAL-OOD,S4,S4_587b3fa1-9015-f70b-ccf3-fc68d5df2402_39156-5_1,"As of the current evaluation, the active Body mass index (BMI) measurement is 27.38 kg/m2.",SUPPORTED,BLOCK,relation_extraction
VAL-OOD,S4,S4_4887db4a-ef42-70d0-86b6-ff5786ac381f_20565-8_1,"As of the current evaluation, the active Carbon dioxide, total measurement is 23.23 mmol/L.",SUPPORTED,HOLD,concept_extraction
VAL-OOD,S4,S4_4887db4a-ef42-70d0-86b6-ff5786ac381f_20565-8_1,"As of the current evaluation, the active Carbon dioxide, total measurement is 26.38 mmol/L.",CONTRADICTED,HOLD,concept_extraction
VAL-OOD,S4,S4_c877a67a-3d7b-a8b7-212e-8fdbd565f99a_39156-5_0,"As of the current evaluation, the active Body mass index (BMI) measurement is 20.82 kg/m2.",SUPPORTED,BLOCK,relation_extraction
VAL-OOD,S4,S4_2a1d85b1-67ca-9b29-4089-387c281886e8_39156-5_1,"As of the current evaluation, the active Body mass index (BMI) measurement is 28.96 kg/m2.",SUPPORTED,BLOCK,relation_extraction
VAL-OOD,S4,S4_e69020cc-edfa-b575-66a9-30df9e83e1ec_59576-9_0,"As of the current evaluation, the active Body mass index (BMI) measurement is 75.856 %.",SUPPORTED,BLOCK,concept_extraction
VAL-OOD,S4,S4_940b8423-478a-5013-c62e-d1c20601d662_59576-9_2,"As of the current evaluation, the active Body mass index (BMI) measurement is 78.643 %.",SUPPORTED,BLOCK,concept_extraction
VAL-OOD,S4,S4_8bc94087-ab26-aaec-c448-8c016a1567fc_59576-9_0,"As of the current evaluation, the active Body mass index (BMI) measurement is 95.823 %.",SUPPORTED,BLOCK,concept_extraction
VAL-OOD,S4,S4_8f2afb80-fce6-738c-c04f-d31a3629a8e8_59576-9_0,"As of the current evaluation, the active Body mass index (BMI) measurement is 90.363 %.",SUPPORTED,BLOCK,concept_extraction
VAL-OOD,S4,S4_0a5e04ef-e02f-3415-51cd-6efea2a4f29f_777-3_0,"As of the current evaluation, the active Platelets measurement is 292.43 10*3/uL.",SUPPORTED,BLOCK,relation_extraction
VAL-OOD,S4,S4_d769c958-48e2-d146-9c66-da3d2a0648d6_39156-5_3,"As of the current evaluation, the active Body mass index (BMI) measurement is 13.75 kg/m2.",SUPPORTED,BLOCK,numeric_value
VAL-OOD,S4,S4_1e350ee8-0d9f-d194-ea61-d175ce5156e2_789-8_0,"As of the current evaluation, the active Erythrocytes measurement is 4.5861 10*6/uL.",SUPPORTED,BLOCK,relation_extraction
VAL-OOD,S4,S4_a7306ef9-2f15-351d-a86f-2eedf4fb96ff_39156-5_3,"As of the current evaluation, the active Body mass index (BMI) measurement is 20.25 kg/m2.",SUPPORTED,BLOCK,relation_extraction
VAL-OOD,S4,S4_48138196-2f91-6098-1083-ed19499dde28_38483-4_4,"As of the current evaluation, the active Creatinine measurement is 0.89 mg/dL.",SUPPORTED,HOLD,concept_extraction
VAL-OOD,S4,S4_48138196-2f91-6098-1083-ed19499dde28_38483-4_4,"As of the current evaluation, the active Creatinine measurement is 1.04 mg/dL.",CONTRADICTED,HOLD,concept_extraction
VAL-OOD,S4,S4_a84330bb-c2b4-102a-fc0c-e0fe4bd4a68b_39156-5_3,"As of the current evaluation, the active Body mass index (BMI) measurement is 29.33 kg/m2.",SUPPORTED,BLOCK,relation_extraction
VAL-OOD,S4,S4_39dfa3f0-af3a-7304-b965-7b38c7e45452_59576-9_0,"As of the current evaluation, the active Body mass index (BMI) measurement is 11.448 %.",SUPPORTED,BLOCK,concept_extraction
VAL-OOD,S4,S4_64910a1e-90fc-dfee-29e5-97f86a6be660_789-8_0,"As of the current evaluation, the active Erythrocytes measurement is 4.0221 10*6/uL.",SUPPORTED,BLOCK,relation_extraction
VAL-OOD,S4,S4_0cce6f8e-2868-082b-55c9-abaef0c12a3d_20505-4_2,"As of the current evaluation, the active Bilirubin.total measurement is 0.49659 mg/dL.",SUPPORTED,HOLD,concept_extraction
VAL-OOD,S4,S4_0cce6f8e-2868-082b-55c9-abaef0c12a3d_20505-4_2,"As of the current evaluation, the active Bilirubin.total measurement is 0.44745 mg/dL.",CONTRADICTED,HOLD,concept_extraction
VAL-OOD,S4,S4_12e7fda3-ae22-df05-399a-a4908a5dfec0_38483-4_2,"As of the current evaluation, the active Creatinine measurement is 1.28 mg/dL.",SUPPORTED,HOLD,concept_extraction
VAL-OOD,S4,S4_12e7fda3-ae22-df05-399a-a4908a5dfec0_38483-4_2,"As of the current evaluation, the active Creatinine measurement is 1.39 mg/dL.",CONTRADICTED,HOLD,concept_extraction
VAL-OOD,S4,S4_1b9292ca-7868-319c-dbc0-4a4a42024d7b_39156-5_3,"As of the current evaluation, the active Body mass index (BMI) measurement is 28.31 kg/m2.",SUPPORTED,BLOCK,relation_extraction
VAL-OOD,S4,S4_9eefe263-8630-dbaf-6ae5-df45848170a8_76504-0_1,"As of the current evaluation, the active Total score measurement is 4.0 {score}.",SUPPORTED,BLOCK,concept_extraction
VAL-OOD,S4,S4_88e24f16-78a3-6ff2-9bf6-b5131a17e1b5_59576-9_3,"As of the current evaluation, the active Body mass index (BMI) measurement is 97.385 %.",SUPPORTED,BLOCK,concept_extraction
VAL-OOD,S4,S4_0a5e04ef-e02f-3415-51cd-6efea2a4f29f_20565-8_4,"As of the current evaluation, the active Carbon dioxide, total measurement is 21.17 mmol/L.",SUPPORTED,HOLD,concept_extraction
VAL-OOD,S4,S4_0a5e04ef-e02f-3415-51cd-6efea2a4f29f_20565-8_4,"As of the current evaluation, the active Carbon dioxide, total measurement is 26.97 mmol/L.",CONTRADICTED,HOLD,concept_extraction
VAL-OOD,S4,S4_0bbbaeb6-a9c9-67c4-897f-d726de852661_39156-5_3,"As of the current evaluation, the active Body mass index (BMI) measurement is 27.86 kg/m2.",SUPPORTED,BLOCK,relation_extraction
VAL-OOD,S4,S4_059d4a5e-7869-65af-a13d-e49f65e626ee_72106-8_2,"As of the current evaluation, the active Total score measurement is 1.6127 {score}.",SUPPORTED,BLOCK,concept_extraction
VAL-OOD,S4,S4_059d4a5e-7869-65af-a13d-e49f65e626ee_39156-5_2,"As of the current evaluation, the active Body mass index (BMI) measurement is 28.03 kg/m2.",SUPPORTED,BLOCK,relation_extraction
VAL-OOD,S4,S4_2a1d85b1-67ca-9b29-4089-387c281886e8_6690-2_0,"As of the current evaluation, the active Leukocytes measurement is 8.2649 10*3/uL.",SUPPORTED,BLOCK,relation_extraction
VAL-OOD,S4,S4_a81ac007-b80c-ad81-7317-bdc46a57b421_6690-2_0,"As of the current evaluation, the active Leukocytes measurement is 9.2114 10*3/uL.",SUPPORTED,BLOCK,relation_extraction
VAL-OOD,S4,S4_96a807e2-0504-b50d-3c7a-d691d66ca218_24467-3_2,"As of the current evaluation, the active CD3+CD4+ (T4 helper) cells measurement is 816.0 /uL.",SUPPORTED,HOLD,concept_extraction
VAL-OOD,S4,S4_96a807e2-0504-b50d-3c7a-d691d66ca218_24467-3_2,"As of the current evaluation, the active CD3+CD4+ (T4 helper) cells measurement is 948.0 /uL.",CONTRADICTED,HOLD,concept_extraction
VAL-OOD,S4,S4_39dfa3f0-af3a-7304-b965-7b38c7e45452_789-8_0,"As of the current evaluation, the active Erythrocytes measurement is 4.4098 10*6/uL.",SUPPORTED,BLOCK,relation_extraction
VAL-OOD,S4,S4_37880a8f-7419-aa4a-c59f-fe51c956c13e_38483-4_2,"As of the current evaluation, the active Creatinine measurement is 3.78 mg/dL.",SUPPORTED,BLOCK,concept_extraction
VAL-OOD,S4,S4_4887db4a-ef42-70d0-86b6-ff5786ac381f_789-8_0,"As of the current evaluation, the active Erythrocytes measurement is 4.1332 10*6/uL.",SUPPORTED,BLOCK,relation_extraction
VAL-OOD,S4,S4_0cce6f8e-2868-082b-55c9-abaef0c12a3d_777-3_0,"As of the current evaluation, the active Platelets measurement is 445.58 10*3/uL.",SUPPORTED,BLOCK,relation_extraction
VAL-OOD,S4,S4_37880a8f-7419-aa4a-c59f-fe51c956c13e_75626-2_5,"As of the current evaluation, the active Total score measurement is 2.0 {score}.",SUPPORTED,BLOCK,concept_extraction
VAL-OOD,S4,S4_37880a8f-7419-aa4a-c59f-fe51c956c13e_75626-2_5,"As of the current evaluation, the active Total score measurement is 1.0 {score}.",CONTRADICTED,PASS,concept_extraction
VAL-OOD,S4,S4_9eefe263-8630-dbaf-6ae5-df45848170a8_76504-0_0,"As of the current evaluation, the active Total score measurement is 4.0 {score}.",SUPPORTED,BLOCK,concept_extraction
VAL-OOD,S4,S4_558e0ad4-8f5b-24ba-102d-e32fc61b2365_38483-4_0,"As of the current evaluation, the active Creatinine measurement is 1.4 mg/dL.",SUPPORTED,HOLD,concept_extraction
VAL-OOD,S4,S4_558e0ad4-8f5b-24ba-102d-e32fc61b2365_38483-4_0,"As of the current evaluation, the active Creatinine measurement is 1.76 mg/dL.",CONTRADICTED,HOLD,concept_extraction
VAL-OOD,S4,S4_cc6c7f8f-a67e-b85e-2094-8c0e86fb4d98_6690-2_0,"As of the current evaluation, the active Leukocytes measurement is 5.3822 10*3/uL.",SUPPORTED,BLOCK,relation_extraction
VAL-OOD,S4,S4_0e228e65-cc4e-dd45-015c-db4fa9249bc0_20565-8_2,"As of the current evaluation, the active Carbon dioxide, total measurement is 22.24 mmol/L.",SUPPORTED,HOLD,concept_extraction
VAL-OOD,S4,S4_0e228e65-cc4e-dd45-015c-db4fa9249bc0_20565-8_2,"As of the current evaluation, the active Carbon dioxide, total measurement is 22.29 mmol/L.",CONTRADICTED,HOLD,concept_extraction
VAL-OOD,S4,S4_50c730e1-fcea-aebb-e927-312ca5d5e714_38483-4_0,"As of the current evaluation, the active Creatinine measurement is 1.6 mg/dL.",SUPPORTED,BLOCK,concept_extraction
VAL-OOD,S4,S4_64910a1e-90fc-dfee-29e5-97f86a6be660_39156-5_3,"As of the current evaluation, the active Body mass index (BMI) measurement is 26.19 kg/m2.",SUPPORTED,BLOCK,relation_extraction
VAL-OOD,S4,S4_dc8cf1af-3006-be4e-eee7-17139f849c02_39156-5_2,"As of the current evaluation, the active Body mass index (BMI) measurement is 16.98 kg/m2.",SUPPORTED,BLOCK,numeric_value
VAL-OOD,S4,S4_492d3136-b841-bfa2-9cd3-15bf55c7f751_6690-2_0,"As of the current evaluation, the active Leukocytes measurement is 5.3445 10*3/uL.",SUPPORTED,BLOCK,relation_extraction
VAL-OOD,S4,S4_a303d83e-435d-643a-948a-6b38e7b47dcb_72106-8_1,"As of the current evaluation, the active Total score measurement is 2.7859 {score}.",SUPPORTED,BLOCK,concept_extraction
VAL-OOD,S4,S4_ac3b173e-153a-60e5-2ba9-98f9a41b0901_789-8_0,"As of the current evaluation, the active Erythrocytes measurement is 4.3898 10*6/uL.",SUPPORTED,BLOCK,relation_extraction
VAL-OOD,S4,S4_ec77d270-ed7e-d393-c2d5-cad04fb8944d_39156-5_0,"As of the current evaluation, the active Body mass index (BMI) measurement is 29.02 kg/m2.",SUPPORTED,BLOCK,relation_extraction
VAL-OOD,S4,S4_381631aa-b9ee-3fef-e263-a08f40809698_39156-5_0,"As of the current evaluation, the active Body mass index (BMI) measurement is 30.48 kg/m2.",SUPPORTED,BLOCK,relation_extraction
VAL-OOD,S4,S4_e790d37e-d213-e04f-9c67-3accf9c5031e_3094-0_4,"As of the current evaluation, the active Urea nitrogen measurement is 12.61 mg/dL.",SUPPORTED,BLOCK,concept_extraction
VAL-OOD,S4,S4_4b7dbb2d-7700-9282-af9a-97ad2f9a0b6f_789-8_0,"As of the current evaluation, the active Erythrocytes measurement is 4.8065 10*6/uL.",SUPPORTED,BLOCK,relation_extraction
VAL-OOD,S4,S4_2be1d412-eca7-a732-7523-31c5d9c4642f_777-3_0,"As of the current evaluation, the active Platelets measurement is 377.27 10*3/uL.",SUPPORTED,BLOCK,relation_extraction
VAL-OOD,S4,S4_67224657-6b53-1502-26de-84bd6c31d1b2_33914-3_3,"As of the current evaluation, the active Glomerular filtration rate measurement is 84.619 mL/min/{1.73_m2}.",SUPPORTED,BLOCK,numeric_value
VAL-OOD,S4,S4_4e91a238-aeb1-2ca6-c27b-5dd74d730503_5792-7_1,"As of the current evaluation, the active Glucose measurement is 1.6282 mg/dL.",SUPPORTED,BLOCK,concept_extraction
VAL-OOD,S4,S4_fa56e38d-5de0-89e2-10fe-ee22a1ae6930_2345-7_4,"As of the current evaluation, the active Glucose measurement is 117.13 mg/dL.",SUPPORTED,BLOCK,concept_extraction
VAL-OOD,S4,S4_8dc51bf3-9bb4-0358-8ebc-edd4be2cc5b9_59576-9_2,"As of the current evaluation, the active Body mass index (BMI) measurement is 90.287 %.",SUPPORTED,BLOCK,concept_extraction
VAL-OOD,S4,S4_05d82f23-e25f-883c-4654-e50f9630cb94_39156-5_1,"As of the current evaluation, the active Body mass index (BMI) measurement is 27.93 kg/m2.",SUPPORTED,BLOCK,relation_extraction
VAL-OOD,S4,S4_8b28039b-9ecb-14f7-1493-1c87bfe10855_6690-2_1,"As of the current evaluation, the active Leukocytes measurement is 6.4841 10*3/uL.",SUPPORTED,BLOCK,relation_extraction
VAL-OOD,S4,S4_8b28039b-9ecb-14f7-1493-1c87bfe10855_2345-7_4,"As of the current evaluation, the active Glucose measurement is 104.9 mg/dL.",SUPPORTED,BLOCK,concept_extraction
VAL-OOD,S4,S4_8b28039b-9ecb-14f7-1493-1c87bfe10855_38483-4_3,"As of the current evaluation, the active Creatinine measurement is 0.63 mg/dL.",SUPPORTED,BLOCK,concept_extraction
VAL-OOD,S4,S4_96a807e2-0504-b50d-3c7a-d691d66ca218_789-8_1,"As of the current evaluation, the active Erythrocytes measurement is 5.3698 10*6/uL.",SUPPORTED,BLOCK,relation_extraction
VAL-OOD,S4,S4_8dc51bf3-9bb4-0358-8ebc-edd4be2cc5b9_59576-9_3,"As of the current evaluation, the active Body mass index (BMI) measurement is 90.287 %.",SUPPORTED,BLOCK,concept_extraction
VAL-OOD,S4,S4_50c730e1-fcea-aebb-e927-312ca5d5e714_75626-2_0,"As of the current evaluation, the active Total score measurement is 2.0 {score}.",SUPPORTED,BLOCK,concept_extraction
VAL-OOD,S4,S4_8ddfd245-750f-8c5c-af5f-15ce76af2969_2345-7_1,"As of the current evaluation, the active Glucose measurement is 99.6 mg/dL.",SUPPORTED,BLOCK,concept_extraction
VAL-OOD,S4,S4_381631aa-b9ee-3fef-e263-a08f40809698_20565-8_1,"As of the current evaluation, the active Carbon dioxide, total measurement is 26.66 mmol/L.",SUPPORTED,HOLD,concept_extraction
VAL-OOD,S4,S4_381631aa-b9ee-3fef-e263-a08f40809698_20565-8_1,"As of the current evaluation, the active Carbon dioxide, total measurement is 21.2 mmol/L.",CONTRADICTED,HOLD,concept_extraction
