idx,claim_id,pair_id,patient_id,task_code,claim_text,ground_truth,route,decision,confidence,exact_predicate_match,explanation
0,,LANE_B_S1_717ad9e9-ef8c-e37c-a260-38f7009bd519_10834-0_5,717ad9e9-ef8c-e37c-a260-38f7009bd519,S1,Serial laboratory testing indicates that Globulin levels have consistently decreased over the patient's past 3 recorded outpatient encounters.,SUPPORTED,RULE,HOLD,1.0,False,Unknown trend direction: None
1,,LANE_B_S1_717ad9e9-ef8c-e37c-a260-38f7009bd519_10834-0_5,717ad9e9-ef8c-e37c-a260-38f7009bd519,S1,Serial laboratory testing indicates that Globulin levels have consistently increased over the patient's past 3 recorded outpatient encounters.,CONTRADICTED,RULE,HOLD,1.0,False,Unknown trend direction: None
2,,LANE_B_S1_32b79933-e83c-add0-48f0-dd875f072ea2_29463-7_0,32b79933-e83c-add0-48f0-dd875f072ea2,S1,Review of consecutive diagnostic workups demonstrates a steady upward progression in Body Weight across the prior three visits.,SUPPORTED,RULE,HOLD,1.0,False,Unknown trend direction: None
3,,LANE_B_S1_32b79933-e83c-add0-48f0-dd875f072ea2_29463-7_0,32b79933-e83c-add0-48f0-dd875f072ea2,S1,Review of consecutive diagnostic workups demonstrates a steady decline in Body Weight across the prior three visits.,CONTRADICTED,RULE,HOLD,1.0,False,Unknown trend direction: None
4,,LANE_B_S1_8b05f607-c2f9-f077-6b4e-8fba65529191_29463-7_0,8b05f607-c2f9-f077-6b4e-8fba65529191,S1,Longitudinal monitoring confirms that Body Weight measurements have been trending upward over the course of the last 3 checkups.,SUPPORTED,RULE,HOLD,1.0,False,Unknown trend direction: None
5,,LANE_B_S1_8b05f607-c2f9-f077-6b4e-8fba65529191_29463-7_0,8b05f607-c2f9-f077-6b4e-8fba65529191,S1,Longitudinal monitoring confirms that Body Weight measurements have been trending downward over the course of the last 3 checkups.,CONTRADICTED,RULE,HOLD,1.0,False,Unknown trend direction: None
6,,LANE_B_S1_c541b57e-7897-95a6-08ce-be65d7c87200_2085-9_0,c541b57e-7897-95a6-08ce-be65d7c87200,S1,Longitudinal monitoring confirms that Cholesterol in HDL measurements have been trending upward over the course of the last 3 checkups.,SUPPORTED,RULE,HOLD,1.0,False,Unknown trend direction: None
7,,LANE_B_S1_c541b57e-7897-95a6-08ce-be65d7c87200_2085-9_0,c541b57e-7897-95a6-08ce-be65d7c87200,S1,Longitudinal monitoring confirms that Cholesterol in HDL measurements have been trending downward over the course of the last 3 checkups.,CONTRADICTED,RULE,HOLD,1.0,False,Unknown trend direction: None
8,,LANE_B_S1_fd922513-0b25-a9eb-5d7b-569ad4f8bb57_29463-7_0,fd922513-0b25-a9eb-5d7b-569ad4f8bb57,S1,Longitudinal monitoring confirms that Body Weight measurements have been trending upward over the course of the last 3 checkups.,SUPPORTED,RULE,HOLD,1.0,False,Unknown trend direction: None
9,,LANE_B_S1_fd922513-0b25-a9eb-5d7b-569ad4f8bb57_29463-7_0,fd922513-0b25-a9eb-5d7b-569ad4f8bb57,S1,Longitudinal monitoring confirms that Body Weight measurements have been trending downward over the course of the last 3 checkups.,CONTRADICTED,RULE,HOLD,1.0,False,Unknown trend direction: None
10,,LANE_B_S1_cfc1c338-552e-2760-d5f3-1a444ae699dc_29463-7_0,cfc1c338-552e-2760-d5f3-1a444ae699dc,S1,Serial laboratory testing indicates that Body Weight levels have consistently increased over the patient's past 3 recorded outpatient encounters.,SUPPORTED,RULE,HOLD,1.0,False,Unknown trend direction: None
11,,LANE_B_S1_cfc1c338-552e-2760-d5f3-1a444ae699dc_29463-7_0,cfc1c338-552e-2760-d5f3-1a444ae699dc,S1,Serial laboratory testing indicates that Body Weight levels have consistently decreased over the patient's past 3 recorded outpatient encounters.,CONTRADICTED,RULE,HOLD,1.0,False,Unknown trend direction: None
12,,LANE_B_S1_5d179cc2-f127-844f-4f7e-f7cfbe71d6fc_20565-8_0,5d179cc2-f127-844f-4f7e-f7cfbe71d6fc,S1,"Serial laboratory testing indicates that Carbon dioxide, total levels have consistently decreased over the patient's past 3 recorded outpatient encounters.",SUPPORTED,RULE,HOLD,1.0,False,Unknown trend direction: None
13,,LANE_B_S1_5d179cc2-f127-844f-4f7e-f7cfbe71d6fc_20565-8_0,5d179cc2-f127-844f-4f7e-f7cfbe71d6fc,S1,"Serial laboratory testing indicates that Carbon dioxide, total levels have consistently increased over the patient's past 3 recorded outpatient encounters.",CONTRADICTED,RULE,HOLD,1.0,False,Unknown trend direction: None
14,,LANE_B_S1_0c9a7dee-31e4-36d3-2e22-3ee19a8eadbd_29463-7_0,0c9a7dee-31e4-36d3-2e22-3ee19a8eadbd,S1,The patient's longitudinal EHR chart reveals a progressively rising trajectory in Body Weight across three recent clinical evaluations.,SUPPORTED,RULE,HOLD,1.0,False,Unknown trend direction: None
15,,LANE_B_S1_0c9a7dee-31e4-36d3-2e22-3ee19a8eadbd_29463-7_0,0c9a7dee-31e4-36d3-2e22-3ee19a8eadbd,S1,The patient's longitudinal EHR chart reveals a downward trajectory in Body Weight across three recent clinical evaluations.,CONTRADICTED,RULE,HOLD,1.0,False,Unknown trend direction: None
16,,LANE_B_S1_d87916d9-60bb-3afa-994b-8a429634a4f6_18262-6_0,d87916d9-60bb-3afa-994b-8a429634a4f6,S1,Longitudinal monitoring confirms that Cholesterol in LDL measurements have been trending downward over the course of the last 3 checkups.,SUPPORTED,RULE,HOLD,1.0,False,Unknown trend direction: None
17,,LANE_B_S1_d87916d9-60bb-3afa-994b-8a429634a4f6_18262-6_0,d87916d9-60bb-3afa-994b-8a429634a4f6,S1,Longitudinal monitoring confirms that Cholesterol in LDL measurements have been trending upward over the course of the last 3 checkups.,CONTRADICTED,RULE,HOLD,1.0,False,Unknown trend direction: None
18,,LANE_B_S1_239d6a91-81fa-dcc6-4dfe-d09be55e0a36_29463-7_0,239d6a91-81fa-dcc6-4dfe-d09be55e0a36,S1,Serial laboratory testing indicates that Body Weight levels have consistently increased over the patient's past 3 recorded outpatient encounters.,SUPPORTED,RULE,HOLD,1.0,False,Unknown trend direction: None
19,,LANE_B_S1_239d6a91-81fa-dcc6-4dfe-d09be55e0a36_29463-7_0,239d6a91-81fa-dcc6-4dfe-d09be55e0a36,S1,Serial laboratory testing indicates that Body Weight levels have consistently decreased over the patient's past 3 recorded outpatient encounters.,CONTRADICTED,RULE,HOLD,1.0,False,Unknown trend direction: None
20,,LANE_B_S1_0caf9d3d-5cc1-daac-b735-9cac1430b820_29463-7_0,0caf9d3d-5cc1-daac-b735-9cac1430b820,S1,The patient's longitudinal EHR chart reveals a progressively rising trajectory in Body Weight across three recent clinical evaluations.,SUPPORTED,RULE,HOLD,1.0,False,Unknown trend direction: None
21,,LANE_B_S1_0caf9d3d-5cc1-daac-b735-9cac1430b820_29463-7_0,0caf9d3d-5cc1-daac-b735-9cac1430b820,S1,The patient's longitudinal EHR chart reveals a downward trajectory in Body Weight across three recent clinical evaluations.,CONTRADICTED,RULE,HOLD,1.0,False,Unknown trend direction: None
22,,LANE_B_S1_c3838789-e8ab-3fdd-758d-73ab21566d02_29463-7_0,c3838789-e8ab-3fdd-758d-73ab21566d02,S1,Serial laboratory testing indicates that Body Weight levels have consistently increased over the patient's past 3 recorded outpatient encounters.,SUPPORTED,RULE,HOLD,1.0,False,Unknown trend direction: None
23,,LANE_B_S1_c3838789-e8ab-3fdd-758d-73ab21566d02_29463-7_0,c3838789-e8ab-3fdd-758d-73ab21566d02,S1,Serial laboratory testing indicates that Body Weight levels have consistently decreased over the patient's past 3 recorded outpatient encounters.,CONTRADICTED,RULE,HOLD,1.0,False,Unknown trend direction: None
24,,LANE_B_S1_ba83fee8-5fdd-ffc9-bc56-ddf43d86a4fd_18262-6_0,ba83fee8-5fdd-ffc9-bc56-ddf43d86a4fd,S1,The patient's longitudinal EHR chart reveals a progressively rising trajectory in Cholesterol in LDL across three recent clinical evaluations.,SUPPORTED,RULE,HOLD,1.0,False,Unknown trend direction: None
25,,LANE_B_S1_ba83fee8-5fdd-ffc9-bc56-ddf43d86a4fd_18262-6_0,ba83fee8-5fdd-ffc9-bc56-ddf43d86a4fd,S1,The patient's longitudinal EHR chart reveals a downward trajectory in Cholesterol in LDL across three recent clinical evaluations.,CONTRADICTED,RULE,HOLD,1.0,False,Unknown trend direction: None
26,,LANE_B_S1_39e09b72-4ec8-2fa9-d851-c616676f07bc_29463-7_0,39e09b72-4ec8-2fa9-d851-c616676f07bc,S1,Serial laboratory testing indicates that Body Weight levels have consistently increased over the patient's past 3 recorded outpatient encounters.,SUPPORTED,RULE,HOLD,1.0,False,Unknown trend direction: None
27,,LANE_B_S1_39e09b72-4ec8-2fa9-d851-c616676f07bc_29463-7_0,39e09b72-4ec8-2fa9-d851-c616676f07bc,S1,Serial laboratory testing indicates that Body Weight levels have consistently decreased over the patient's past 3 recorded outpatient encounters.,CONTRADICTED,RULE,HOLD,1.0,False,Unknown trend direction: None
28,,LANE_B_S1_901dc5c3-ba8e-95cb-153a-f8650f565b01_14804-9_4,901dc5c3-ba8e-95cb-153a-f8650f565b01,S1,Review of consecutive diagnostic workups demonstrates a steady upward progression in Lactate dehydrogenase across the prior three visits.,SUPPORTED,RULE,HOLD,1.0,False,Unknown trend direction: None
29,,LANE_B_S1_901dc5c3-ba8e-95cb-153a-f8650f565b01_14804-9_4,901dc5c3-ba8e-95cb-153a-f8650f565b01,S1,Review of consecutive diagnostic workups demonstrates a steady decline in Lactate dehydrogenase across the prior three visits.,CONTRADICTED,RULE,HOLD,1.0,False,Unknown trend direction: None
30,,LANE_B_S1_0309c183-6f42-b350-0eda-b89936e92eda_29463-7_0,0309c183-6f42-b350-0eda-b89936e92eda,S1,The patient's longitudinal EHR chart reveals a progressively rising trajectory in Body Weight across three recent clinical evaluations.,SUPPORTED,RULE,HOLD,1.0,False,Unknown trend direction: None
31,,LANE_B_S1_0309c183-6f42-b350-0eda-b89936e92eda_29463-7_0,0309c183-6f42-b350-0eda-b89936e92eda,S1,The patient's longitudinal EHR chart reveals a downward trajectory in Body Weight across three recent clinical evaluations.,CONTRADICTED,RULE,HOLD,1.0,False,Unknown trend direction: None
32,,LANE_B_S1_df48bca3-712f-8a5d-7950-29022f3020b1_29463-7_1,df48bca3-712f-8a5d-7950-29022f3020b1,S1,Serial laboratory testing indicates that Body Weight levels have consistently decreased over the patient's past 3 recorded outpatient encounters.,SUPPORTED,RULE,HOLD,1.0,False,Unknown trend direction: None
33,,LANE_B_S1_df48bca3-712f-8a5d-7950-29022f3020b1_29463-7_1,df48bca3-712f-8a5d-7950-29022f3020b1,S1,Serial laboratory testing indicates that Body Weight levels have consistently increased over the patient's past 3 recorded outpatient encounters.,CONTRADICTED,RULE,HOLD,1.0,False,Unknown trend direction: None
34,,LANE_B_S1_2dc3ae00-f149-c791-efae-f02f37a2633b_20565-8_0,2dc3ae00-f149-c791-efae-f02f37a2633b,S1,"The patient's longitudinal EHR chart reveals a progressively rising trajectory in Carbon dioxide, total across three recent clinical evaluations.",SUPPORTED,RULE,HOLD,1.0,False,Unknown trend direction: None
35,,LANE_B_S1_2dc3ae00-f149-c791-efae-f02f37a2633b_20565-8_0,2dc3ae00-f149-c791-efae-f02f37a2633b,S1,"The patient's longitudinal EHR chart reveals a downward trajectory in Carbon dioxide, total across three recent clinical evaluations.",CONTRADICTED,RULE,HOLD,1.0,False,Unknown trend direction: None
36,,LANE_B_S1_aef30b80-a6fe-a817-4b71-19687c6e3fd6_1742-6_1,aef30b80-a6fe-a817-4b71-19687c6e3fd6,S1,Review of consecutive diagnostic workups demonstrates a steady decline in Alanine aminotransferase across the prior three visits.,SUPPORTED,RULE,HOLD,1.0,False,Unknown trend direction: None
37,,LANE_B_S1_aef30b80-a6fe-a817-4b71-19687c6e3fd6_1742-6_1,aef30b80-a6fe-a817-4b71-19687c6e3fd6,S1,Review of consecutive diagnostic workups demonstrates a steady upward progression in Alanine aminotransferase across the prior three visits.,CONTRADICTED,RULE,HOLD,1.0,False,Unknown trend direction: None
38,,LANE_B_S1_b3457c4e-d098-25ff-4368-ffe9be36e512_17861-6_7,b3457c4e-d098-25ff-4368-ffe9be36e512,S1,Serial laboratory testing indicates that Calcium levels have consistently increased over the patient's past 3 recorded outpatient encounters.,SUPPORTED,RULE,HOLD,1.0,False,Unknown trend direction: None
39,,LANE_B_S1_b3457c4e-d098-25ff-4368-ffe9be36e512_17861-6_7,b3457c4e-d098-25ff-4368-ffe9be36e512,S1,Serial laboratory testing indicates that Calcium levels have consistently decreased over the patient's past 3 recorded outpatient encounters.,CONTRADICTED,RULE,HOLD,1.0,False,Unknown trend direction: None
40,,LANE_B_S1_dfbfdb48-fafa-5f2a-3ce0-5fd22fa9f84d_20565-8_0,dfbfdb48-fafa-5f2a-3ce0-5fd22fa9f84d,S1,"The patient's longitudinal EHR chart reveals a downward trajectory in Carbon dioxide, total across three recent clinical evaluations.",SUPPORTED,RULE,HOLD,1.0,False,Unknown trend direction: None
41,,LANE_B_S1_dfbfdb48-fafa-5f2a-3ce0-5fd22fa9f84d_20565-8_0,dfbfdb48-fafa-5f2a-3ce0-5fd22fa9f84d,S1,"The patient's longitudinal EHR chart reveals a progressively rising trajectory in Carbon dioxide, total across three recent clinical evaluations.",CONTRADICTED,RULE,HOLD,1.0,False,Unknown trend direction: None
42,,LANE_B_S1_7d40f5ce-bb04-7c84-9a1f-e975774be43d_18262-6_0,7d40f5ce-bb04-7c84-9a1f-e975774be43d,S1,Review of consecutive diagnostic workups demonstrates a steady decline in Cholesterol in LDL across the prior three visits.,SUPPORTED,RULE,HOLD,1.0,False,Unknown trend direction: None
43,,LANE_B_S1_7d40f5ce-bb04-7c84-9a1f-e975774be43d_18262-6_0,7d40f5ce-bb04-7c84-9a1f-e975774be43d,S1,Review of consecutive diagnostic workups demonstrates a steady upward progression in Cholesterol in LDL across the prior three visits.,CONTRADICTED,RULE,HOLD,1.0,False,Unknown trend direction: None
44,,LANE_B_S1_8ec60967-1613-3e8e-f540-ebcc28c4fcbb_29463-7_0,8ec60967-1613-3e8e-f540-ebcc28c4fcbb,S1,Longitudinal monitoring confirms that Body Weight measurements have been trending upward over the course of the last 3 checkups.,SUPPORTED,RULE,HOLD,1.0,False,Unknown trend direction: None
45,,LANE_B_S1_8ec60967-1613-3e8e-f540-ebcc28c4fcbb_29463-7_0,8ec60967-1613-3e8e-f540-ebcc28c4fcbb,S1,Longitudinal monitoring confirms that Body Weight measurements have been trending downward over the course of the last 3 checkups.,CONTRADICTED,RULE,HOLD,1.0,False,Unknown trend direction: None
46,,LANE_B_S1_af47bac4-40f1-a7d9-a5c6-5ada7ecc523e_29463-7_1,af47bac4-40f1-a7d9-a5c6-5ada7ecc523e,S1,Longitudinal monitoring confirms that Body Weight measurements have been trending downward over the course of the last 3 checkups.,SUPPORTED,RULE,HOLD,1.0,False,Unknown trend direction: None
47,,LANE_B_S1_af47bac4-40f1-a7d9-a5c6-5ada7ecc523e_29463-7_1,af47bac4-40f1-a7d9-a5c6-5ada7ecc523e,S1,Longitudinal monitoring confirms that Body Weight measurements have been trending upward over the course of the last 3 checkups.,CONTRADICTED,RULE,HOLD,1.0,False,Unknown trend direction: None
48,,LANE_B_S1_8d9a1305-9e33-71ed-e15d-725b989ec3c6_18262-6_0,8d9a1305-9e33-71ed-e15d-725b989ec3c6,S1,Serial laboratory testing indicates that Cholesterol in LDL levels have consistently increased over the patient's past 3 recorded outpatient encounters.,SUPPORTED,RULE,HOLD,1.0,False,Unknown trend direction: None
49,,LANE_B_S1_8d9a1305-9e33-71ed-e15d-725b989ec3c6_18262-6_0,8d9a1305-9e33-71ed-e15d-725b989ec3c6,S1,Serial laboratory testing indicates that Cholesterol in LDL levels have consistently decreased over the patient's past 3 recorded outpatient encounters.,CONTRADICTED,RULE,HOLD,1.0,False,Unknown trend direction: None
50,,LANE_B_S1_6ad0b984-27c9-831b-f0a2-a1a5f9669e4b_18262-6_0,6ad0b984-27c9-831b-f0a2-a1a5f9669e4b,S1,Serial laboratory testing indicates that Cholesterol in LDL levels have consistently increased over the patient's past 3 recorded outpatient encounters.,SUPPORTED,RULE,HOLD,1.0,False,Unknown trend direction: None
51,,LANE_B_S1_6ad0b984-27c9-831b-f0a2-a1a5f9669e4b_18262-6_0,6ad0b984-27c9-831b-f0a2-a1a5f9669e4b,S1,Serial laboratory testing indicates that Cholesterol in LDL levels have consistently decreased over the patient's past 3 recorded outpatient encounters.,CONTRADICTED,RULE,HOLD,1.0,False,Unknown trend direction: None
52,,LANE_B_S1_9a2ee52f-df23-62c4-9502-87ebf5b87b5c_20565-8_3,9a2ee52f-df23-62c4-9502-87ebf5b87b5c,S1,"Review of consecutive diagnostic workups demonstrates a steady upward progression in Carbon dioxide, total across the prior three visits.",SUPPORTED,RULE,HOLD,1.0,False,Unknown trend direction: None
53,,LANE_B_S1_9a2ee52f-df23-62c4-9502-87ebf5b87b5c_20565-8_3,9a2ee52f-df23-62c4-9502-87ebf5b87b5c,S1,"Review of consecutive diagnostic workups demonstrates a steady decline in Carbon dioxide, total across the prior three visits.",CONTRADICTED,RULE,HOLD,1.0,False,Unknown trend direction: None
54,,LANE_B_S1_2387bba1-05ed-f40d-09aa-f583680f5905_18262-6_0,2387bba1-05ed-f40d-09aa-f583680f5905,S1,Review of consecutive diagnostic workups demonstrates a steady decline in Cholesterol in LDL across the prior three visits.,SUPPORTED,RULE,HOLD,1.0,False,Unknown trend direction: None
55,,LANE_B_S1_2387bba1-05ed-f40d-09aa-f583680f5905_18262-6_0,2387bba1-05ed-f40d-09aa-f583680f5905,S1,Review of consecutive diagnostic workups demonstrates a steady upward progression in Cholesterol in LDL across the prior three visits.,CONTRADICTED,RULE,HOLD,1.0,False,Unknown trend direction: None
56,,LANE_B_S1_f9726abc-3c65-ce1c-5cae-e9fb8728e7b7_2069-3_1,f9726abc-3c65-ce1c-5cae-e9fb8728e7b7,S1,The patient's longitudinal EHR chart reveals a downward trajectory in Chloride across three recent clinical evaluations.,SUPPORTED,RULE,HOLD,1.0,False,Unknown trend direction: None
57,,LANE_B_S1_f9726abc-3c65-ce1c-5cae-e9fb8728e7b7_2069-3_1,f9726abc-3c65-ce1c-5cae-e9fb8728e7b7,S1,The patient's longitudinal EHR chart reveals a progressively rising trajectory in Chloride across three recent clinical evaluations.,CONTRADICTED,RULE,HOLD,1.0,False,Unknown trend direction: None
58,,LANE_B_S1_fe1a1de4-4b84-e7c3-8333-d8d749881238_29463-7_0,fe1a1de4-4b84-e7c3-8333-d8d749881238,S1,Review of consecutive diagnostic workups demonstrates a steady upward progression in Body Weight across the prior three visits.,SUPPORTED,RULE,HOLD,1.0,False,Unknown trend direction: None
59,,LANE_B_S1_fe1a1de4-4b84-e7c3-8333-d8d749881238_29463-7_0,fe1a1de4-4b84-e7c3-8333-d8d749881238,S1,Review of consecutive diagnostic workups demonstrates a steady decline in Body Weight across the prior three visits.,CONTRADICTED,RULE,HOLD,1.0,False,Unknown trend direction: None
60,,LANE_B_S1_7e97f6bb-c5c2-2fba-e27c-df1eb1aff0de_18262-6_1,7e97f6bb-c5c2-2fba-e27c-df1eb1aff0de,S1,The patient's longitudinal EHR chart reveals a progressively rising trajectory in Cholesterol in LDL across three recent clinical evaluations.,SUPPORTED,RULE,HOLD,1.0,False,Unknown trend direction: None
61,,LANE_B_S1_7e97f6bb-c5c2-2fba-e27c-df1eb1aff0de_18262-6_1,7e97f6bb-c5c2-2fba-e27c-df1eb1aff0de,S1,The patient's longitudinal EHR chart reveals a downward trajectory in Cholesterol in LDL across three recent clinical evaluations.,CONTRADICTED,RULE,HOLD,1.0,False,Unknown trend direction: None
62,,LANE_B_S1_a773f62b-4ac4-fd0d-e7c7-186f095d78ce_18262-6_1,a773f62b-4ac4-fd0d-e7c7-186f095d78ce,S1,Review of consecutive diagnostic workups demonstrates a steady upward progression in Cholesterol in LDL across the prior three visits.,SUPPORTED,RULE,HOLD,1.0,False,Unknown trend direction: None
63,,LANE_B_S1_a773f62b-4ac4-fd0d-e7c7-186f095d78ce_18262-6_1,a773f62b-4ac4-fd0d-e7c7-186f095d78ce,S1,Review of consecutive diagnostic workups demonstrates a steady decline in Cholesterol in LDL across the prior three visits.,CONTRADICTED,RULE,HOLD,1.0,False,Unknown trend direction: None
64,,LANE_B_S1_785cb364-3b36-774f-8bff-f1338f954e14_2069-3_1,785cb364-3b36-774f-8bff-f1338f954e14,S1,The patient's longitudinal EHR chart reveals a downward trajectory in Chloride across three recent clinical evaluations.,SUPPORTED,RULE,HOLD,1.0,False,Unknown trend direction: None
65,,LANE_B_S1_785cb364-3b36-774f-8bff-f1338f954e14_2069-3_1,785cb364-3b36-774f-8bff-f1338f954e14,S1,The patient's longitudinal EHR chart reveals a progressively rising trajectory in Chloride across three recent clinical evaluations.,CONTRADICTED,RULE,HOLD,1.0,False,Unknown trend direction: None
66,,LANE_B_S1_512b9943-2b91-1422-a94f-f2f4728d2526_2339-0_1,512b9943-2b91-1422-a94f-f2f4728d2526,S1,Serial laboratory testing indicates that Glucose levels have consistently increased over the patient's past 3 recorded outpatient encounters.,SUPPORTED,RULE,HOLD,1.0,False,Unknown trend direction: None
67,,LANE_B_S1_512b9943-2b91-1422-a94f-f2f4728d2526_2339-0_1,512b9943-2b91-1422-a94f-f2f4728d2526,S1,Serial laboratory testing indicates that Glucose levels have consistently decreased over the patient's past 3 recorded outpatient encounters.,CONTRADICTED,RULE,HOLD,1.0,False,Unknown trend direction: None
68,,LANE_B_S1_7844a0cb-c6b6-e5be-f90f-6e7204265460_20565-8_7,7844a0cb-c6b6-e5be-f90f-6e7204265460,S1,"Serial laboratory testing indicates that Carbon dioxide, total levels have consistently increased over the patient's past 3 recorded outpatient encounters.",SUPPORTED,RULE,HOLD,1.0,False,Unknown trend direction: None
69,,LANE_B_S1_7844a0cb-c6b6-e5be-f90f-6e7204265460_20565-8_7,7844a0cb-c6b6-e5be-f90f-6e7204265460,S1,"Serial laboratory testing indicates that Carbon dioxide, total levels have consistently decreased over the patient's past 3 recorded outpatient encounters.",CONTRADICTED,RULE,HOLD,1.0,False,Unknown trend direction: None
70,,LANE_B_S1_46bf9027-5d2d-a707-45d4-76e3c5a54636_29463-7_0,46bf9027-5d2d-a707-45d4-76e3c5a54636,S1,The patient's longitudinal EHR chart reveals a progressively rising trajectory in Body Weight across three recent clinical evaluations.,SUPPORTED,RULE,HOLD,1.0,False,Unknown trend direction: None
71,,LANE_B_S1_46bf9027-5d2d-a707-45d4-76e3c5a54636_29463-7_0,46bf9027-5d2d-a707-45d4-76e3c5a54636,S1,The patient's longitudinal EHR chart reveals a downward trajectory in Body Weight across three recent clinical evaluations.,CONTRADICTED,RULE,HOLD,1.0,False,Unknown trend direction: None
72,,LANE_B_S1_5ba49b4a-ed1f-7608-f6b3-221768980eeb_32623-1_0,5ba49b4a-ed1f-7608-f6b3-221768980eeb,S1,Longitudinal monitoring confirms that Platelet measurements have been trending upward over the course of the last 3 checkups.,SUPPORTED,RULE,HOLD,1.0,False,Unknown trend direction: None
73,,LANE_B_S1_5ba49b4a-ed1f-7608-f6b3-221768980eeb_32623-1_0,5ba49b4a-ed1f-7608-f6b3-221768980eeb,S1,Longitudinal monitoring confirms that Platelet measurements have been trending downward over the course of the last 3 checkups.,CONTRADICTED,RULE,HOLD,1.0,False,Unknown trend direction: None
74,,LANE_B_S1_40ed4e1e-a737-adbd-fed7-d4e53e621ff5_70274-6_0,40ed4e1e-a737-adbd-fed7-d4e53e621ff5,S1,The patient's longitudinal EHR chart reveals a downward trajectory in Generalized anxiety disorder 7 item (GAD-7) total score across three recent clinical evaluations.,SUPPORTED,RULE,HOLD,1.0,False,Unknown trend direction: None
75,,LANE_B_S1_40ed4e1e-a737-adbd-fed7-d4e53e621ff5_70274-6_0,40ed4e1e-a737-adbd-fed7-d4e53e621ff5,S1,The patient's longitudinal EHR chart reveals a progressively rising trajectory in Generalized anxiety disorder 7 item (GAD-7) total score across three recent clinical evaluations.,CONTRADICTED,RULE,HOLD,1.0,False,Unknown trend direction: None
76,,LANE_B_S1_9402452a-9844-3976-8890-5ffb7977fb63_29463-7_2,9402452a-9844-3976-8890-5ffb7977fb63,S1,The patient's longitudinal EHR chart reveals a progressively rising trajectory in Body Weight across three recent clinical evaluations.,SUPPORTED,RULE,HOLD,1.0,False,Unknown trend direction: None
77,,LANE_B_S1_9402452a-9844-3976-8890-5ffb7977fb63_29463-7_2,9402452a-9844-3976-8890-5ffb7977fb63,S1,The patient's longitudinal EHR chart reveals a downward trajectory in Body Weight across three recent clinical evaluations.,CONTRADICTED,RULE,HOLD,1.0,False,Unknown trend direction: None
78,,LANE_B_S1_b2a4a68a-fd92-6d00-ac7b-cf2410a67e3c_29463-7_0,b2a4a68a-fd92-6d00-ac7b-cf2410a67e3c,S1,Longitudinal monitoring confirms that Body Weight measurements have been trending upward over the course of the last 3 checkups.,SUPPORTED,RULE,HOLD,1.0,False,Unknown trend direction: None
79,,LANE_B_S1_b2a4a68a-fd92-6d00-ac7b-cf2410a67e3c_29463-7_0,b2a4a68a-fd92-6d00-ac7b-cf2410a67e3c,S1,Longitudinal monitoring confirms that Body Weight measurements have been trending downward over the course of the last 3 checkups.,CONTRADICTED,RULE,HOLD,1.0,False,Unknown trend direction: None
80,,LANE_B_S1_b4606b7d-d84c-f48f-17bb-1722f7086f4e_2085-9_0,b4606b7d-d84c-f48f-17bb-1722f7086f4e,S1,Review of consecutive diagnostic workups demonstrates a steady decline in Cholesterol in HDL across the prior three visits.,SUPPORTED,RULE,HOLD,1.0,False,Unknown trend direction: None
81,,LANE_B_S1_b4606b7d-d84c-f48f-17bb-1722f7086f4e_2085-9_0,b4606b7d-d84c-f48f-17bb-1722f7086f4e,S1,Review of consecutive diagnostic workups demonstrates a steady upward progression in Cholesterol in HDL across the prior three visits.,CONTRADICTED,RULE,HOLD,1.0,False,Unknown trend direction: None
82,,LANE_B_S1_406f925c-eeee-c949-92fb-9400879db07b_20565-8_4,406f925c-eeee-c949-92fb-9400879db07b,S1,"Review of consecutive diagnostic workups demonstrates a steady upward progression in Carbon dioxide, total across the prior three visits.",SUPPORTED,RULE,HOLD,1.0,False,Unknown trend direction: None
83,,LANE_B_S1_406f925c-eeee-c949-92fb-9400879db07b_20565-8_4,406f925c-eeee-c949-92fb-9400879db07b,S1,"Review of consecutive diagnostic workups demonstrates a steady decline in Carbon dioxide, total across the prior three visits.",CONTRADICTED,RULE,HOLD,1.0,False,Unknown trend direction: None
84,,LANE_B_S1_667c3c2d-4551-0327-485c-bd85e5e9fbb7_2085-9_0,667c3c2d-4551-0327-485c-bd85e5e9fbb7,S1,Review of consecutive diagnostic workups demonstrates a steady upward progression in Cholesterol in HDL across the prior three visits.,SUPPORTED,RULE,HOLD,1.0,False,Unknown trend direction: None
85,,LANE_B_S1_667c3c2d-4551-0327-485c-bd85e5e9fbb7_2085-9_0,667c3c2d-4551-0327-485c-bd85e5e9fbb7,S1,Review of consecutive diagnostic workups demonstrates a steady decline in Cholesterol in HDL across the prior three visits.,CONTRADICTED,RULE,HOLD,1.0,False,Unknown trend direction: None
86,,LANE_B_S1_8d5f9503-6c0d-edc9-40f6-628b44250c4b_29463-7_1,8d5f9503-6c0d-edc9-40f6-628b44250c4b,S1,Review of consecutive diagnostic workups demonstrates a steady upward progression in Body Weight across the prior three visits.,SUPPORTED,RULE,HOLD,1.0,False,Unknown trend direction: None
87,,LANE_B_S1_8d5f9503-6c0d-edc9-40f6-628b44250c4b_29463-7_1,8d5f9503-6c0d-edc9-40f6-628b44250c4b,S1,Review of consecutive diagnostic workups demonstrates a steady decline in Body Weight across the prior three visits.,CONTRADICTED,RULE,HOLD,1.0,False,Unknown trend direction: None
88,,LANE_B_S1_8baac7dc-bb36-bdb1-c30c-d39e3a19ab71_18262-6_0,8baac7dc-bb36-bdb1-c30c-d39e3a19ab71,S1,Serial laboratory testing indicates that Cholesterol in LDL levels have consistently decreased over the patient's past 3 recorded outpatient encounters.,SUPPORTED,RULE,HOLD,1.0,False,Unknown trend direction: None
89,,LANE_B_S1_8baac7dc-bb36-bdb1-c30c-d39e3a19ab71_18262-6_0,8baac7dc-bb36-bdb1-c30c-d39e3a19ab71,S1,Serial laboratory testing indicates that Cholesterol in LDL levels have consistently increased over the patient's past 3 recorded outpatient encounters.,CONTRADICTED,RULE,HOLD,1.0,False,Unknown trend direction: None
90,,LANE_B_S1_5cf6f8cb-200c-05a9-e0a7-b6a685f9bedd_14959-1_1,5cf6f8cb-200c-05a9-e0a7-b6a685f9bedd,S1,Review of consecutive diagnostic workups demonstrates a steady upward progression in Microalbumin/Creatinine across the prior three visits.,SUPPORTED,RULE,HOLD,1.0,False,Unknown trend direction: None
91,,LANE_B_S1_5cf6f8cb-200c-05a9-e0a7-b6a685f9bedd_14959-1_1,5cf6f8cb-200c-05a9-e0a7-b6a685f9bedd,S1,Review of consecutive diagnostic workups demonstrates a steady decline in Microalbumin/Creatinine across the prior three visits.,CONTRADICTED,RULE,HOLD,1.0,False,Unknown trend direction: None
92,,LANE_B_S1_0ac7e0a5-049a-213e-b741-2533dc439eba_10834-0_3,0ac7e0a5-049a-213e-b741-2533dc439eba,S1,Longitudinal monitoring confirms that Globulin measurements have been trending upward over the course of the last 3 checkups.,SUPPORTED,RULE,HOLD,1.0,False,Unknown trend direction: None
93,,LANE_B_S1_0ac7e0a5-049a-213e-b741-2533dc439eba_10834-0_3,0ac7e0a5-049a-213e-b741-2533dc439eba,S1,Longitudinal monitoring confirms that Globulin measurements have been trending downward over the course of the last 3 checkups.,CONTRADICTED,RULE,HOLD,1.0,False,Unknown trend direction: None
94,,LANE_B_S1_879f0212-b4b8-05e7-e762-9c4e381fd332_29463-7_0,879f0212-b4b8-05e7-e762-9c4e381fd332,S1,Longitudinal monitoring confirms that Body Weight measurements have been trending upward over the course of the last 3 checkups.,SUPPORTED,RULE,HOLD,1.0,False,Unknown trend direction: None
95,,LANE_B_S1_879f0212-b4b8-05e7-e762-9c4e381fd332_29463-7_0,879f0212-b4b8-05e7-e762-9c4e381fd332,S1,Longitudinal monitoring confirms that Body Weight measurements have been trending downward over the course of the last 3 checkups.,CONTRADICTED,RULE,HOLD,1.0,False,Unknown trend direction: None
96,,LANE_B_S1_07674c27-515e-ac72-e31a-6fc01d48e604_2339-0_0,07674c27-515e-ac72-e31a-6fc01d48e604,S1,Longitudinal monitoring confirms that Glucose measurements have been trending upward over the course of the last 3 checkups.,SUPPORTED,RULE,HOLD,1.0,False,Unknown trend direction: None
97,,LANE_B_S1_07674c27-515e-ac72-e31a-6fc01d48e604_2339-0_0,07674c27-515e-ac72-e31a-6fc01d48e604,S1,Longitudinal monitoring confirms that Glucose measurements have been trending downward over the course of the last 3 checkups.,CONTRADICTED,RULE,HOLD,1.0,False,Unknown trend direction: None
98,,LANE_B_S1_ad590342-4028-13d8-ae78-8f78dea64cd0_10834-0_2,ad590342-4028-13d8-ae78-8f78dea64cd0,S1,Longitudinal monitoring confirms that Globulin measurements have been trending downward over the course of the last 3 checkups.,SUPPORTED,RULE,HOLD,1.0,False,Unknown trend direction: None
99,,LANE_B_S1_ad590342-4028-13d8-ae78-8f78dea64cd0_10834-0_2,ad590342-4028-13d8-ae78-8f78dea64cd0,S1,Longitudinal monitoring confirms that Globulin measurements have been trending upward over the course of the last 3 checkups.,CONTRADICTED,RULE,HOLD,1.0,False,Unknown trend direction: None
100,,LANE_B_S1_a008a6cb-ef8a-a6cd-33ab-e4e1786b35f7_29463-7_0,a008a6cb-ef8a-a6cd-33ab-e4e1786b35f7,S1,Review of consecutive diagnostic workups demonstrates a steady upward progression in Body Weight across the prior three visits.,SUPPORTED,RULE,HOLD,1.0,False,Unknown trend direction: None
101,,LANE_B_S1_a008a6cb-ef8a-a6cd-33ab-e4e1786b35f7_29463-7_0,a008a6cb-ef8a-a6cd-33ab-e4e1786b35f7,S1,Review of consecutive diagnostic workups demonstrates a steady decline in Body Weight across the prior three visits.,CONTRADICTED,RULE,HOLD,1.0,False,Unknown trend direction: None
102,,LANE_B_S1_6defb8a8-3b3c-72e6-9836-66ff76a4e5e8_1742-6_1,6defb8a8-3b3c-72e6-9836-66ff76a4e5e8,S1,Longitudinal monitoring confirms that Alanine aminotransferase measurements have been trending upward over the course of the last 3 checkups.,SUPPORTED,RULE,HOLD,1.0,False,Unknown trend direction: None
103,,LANE_B_S1_6defb8a8-3b3c-72e6-9836-66ff76a4e5e8_1742-6_1,6defb8a8-3b3c-72e6-9836-66ff76a4e5e8,S1,Longitudinal monitoring confirms that Alanine aminotransferase measurements have been trending downward over the course of the last 3 checkups.,CONTRADICTED,RULE,HOLD,1.0,False,Unknown trend direction: None
104,,LANE_B_S1_eccad887-86f4-9b7b-57bc-87a22d767904_29463-7_0,eccad887-86f4-9b7b-57bc-87a22d767904,S1,The patient's longitudinal EHR chart reveals a progressively rising trajectory in Body Weight across three recent clinical evaluations.,SUPPORTED,RULE,HOLD,1.0,False,Unknown trend direction: None
105,,LANE_B_S1_eccad887-86f4-9b7b-57bc-87a22d767904_29463-7_0,eccad887-86f4-9b7b-57bc-87a22d767904,S1,The patient's longitudinal EHR chart reveals a downward trajectory in Body Weight across three recent clinical evaluations.,CONTRADICTED,RULE,HOLD,1.0,False,Unknown trend direction: None
106,,LANE_B_S1_69e8f26d-d408-7fb2-9894-d322b221cd71_29463-7_2,69e8f26d-d408-7fb2-9894-d322b221cd71,S1,Longitudinal monitoring confirms that Body Weight measurements have been trending upward over the course of the last 3 checkups.,SUPPORTED,RULE,HOLD,1.0,False,Unknown trend direction: None
107,,LANE_B_S1_69e8f26d-d408-7fb2-9894-d322b221cd71_29463-7_2,69e8f26d-d408-7fb2-9894-d322b221cd71,S1,Longitudinal monitoring confirms that Body Weight measurements have been trending downward over the course of the last 3 checkups.,CONTRADICTED,RULE,HOLD,1.0,False,Unknown trend direction: None
108,,LANE_B_S1_9262df93-c890-8be1-d503-599c234d8755_29463-7_0,9262df93-c890-8be1-d503-599c234d8755,S1,The patient's longitudinal EHR chart reveals a progressively rising trajectory in Body Weight across three recent clinical evaluations.,SUPPORTED,RULE,HOLD,1.0,False,Unknown trend direction: None
109,,LANE_B_S1_9262df93-c890-8be1-d503-599c234d8755_29463-7_0,9262df93-c890-8be1-d503-599c234d8755,S1,The patient's longitudinal EHR chart reveals a downward trajectory in Body Weight across three recent clinical evaluations.,CONTRADICTED,RULE,HOLD,1.0,False,Unknown trend direction: None
110,,LANE_B_S1_69a381be-cc61-5ccc-79a9-c7112ba149de_20565-8_0,69a381be-cc61-5ccc-79a9-c7112ba149de,S1,"Longitudinal monitoring confirms that Carbon dioxide, total measurements have been trending downward over the course of the last 3 checkups.",SUPPORTED,RULE,HOLD,1.0,False,Unknown trend direction: None
111,,LANE_B_S1_69a381be-cc61-5ccc-79a9-c7112ba149de_20565-8_0,69a381be-cc61-5ccc-79a9-c7112ba149de,S1,"Longitudinal monitoring confirms that Carbon dioxide, total measurements have been trending upward over the course of the last 3 checkups.",CONTRADICTED,RULE,HOLD,1.0,False,Unknown trend direction: None
112,,LANE_B_S1_a7574b3b-a37a-243e-783c-72f4fae0bbc9_18262-6_0,a7574b3b-a37a-243e-783c-72f4fae0bbc9,S1,The patient's longitudinal EHR chart reveals a progressively rising trajectory in Cholesterol in LDL across three recent clinical evaluations.,SUPPORTED,RULE,HOLD,1.0,False,Unknown trend direction: None
113,,LANE_B_S1_a7574b3b-a37a-243e-783c-72f4fae0bbc9_18262-6_0,a7574b3b-a37a-243e-783c-72f4fae0bbc9,S1,The patient's longitudinal EHR chart reveals a downward trajectory in Cholesterol in LDL across three recent clinical evaluations.,CONTRADICTED,RULE,HOLD,1.0,False,Unknown trend direction: None
114,,LANE_B_S1_df3584c7-131d-e0e5-61a9-cac58e73f813_29463-7_0,df3584c7-131d-e0e5-61a9-cac58e73f813,S1,Serial laboratory testing indicates that Body Weight levels have consistently increased over the patient's past 3 recorded outpatient encounters.,SUPPORTED,RULE,HOLD,1.0,False,Unknown trend direction: None
115,,LANE_B_S1_df3584c7-131d-e0e5-61a9-cac58e73f813_29463-7_0,df3584c7-131d-e0e5-61a9-cac58e73f813,S1,Serial laboratory testing indicates that Body Weight levels have consistently decreased over the patient's past 3 recorded outpatient encounters.,CONTRADICTED,RULE,HOLD,1.0,False,Unknown trend direction: None
116,,LANE_B_S1_91dd1e88-63f5-bd78-7ed8-64e74ed9da56_18262-6_0,91dd1e88-63f5-bd78-7ed8-64e74ed9da56,S1,Review of consecutive diagnostic workups demonstrates a steady upward progression in Cholesterol in LDL across the prior three visits.,SUPPORTED,RULE,HOLD,1.0,False,Unknown trend direction: None
117,,LANE_B_S1_91dd1e88-63f5-bd78-7ed8-64e74ed9da56_18262-6_0,91dd1e88-63f5-bd78-7ed8-64e74ed9da56,S1,Review of consecutive diagnostic workups demonstrates a steady decline in Cholesterol in LDL across the prior three visits.,CONTRADICTED,RULE,HOLD,1.0,False,Unknown trend direction: None
118,,LANE_B_S1_bee98767-2f49-903f-2d5a-d3554d220ca1_18262-6_0,bee98767-2f49-903f-2d5a-d3554d220ca1,S1,Serial laboratory testing indicates that Cholesterol in LDL levels have consistently increased over the patient's past 3 recorded outpatient encounters.,SUPPORTED,RULE,HOLD,1.0,False,Unknown trend direction: None
119,,LANE_B_S1_bee98767-2f49-903f-2d5a-d3554d220ca1_18262-6_0,bee98767-2f49-903f-2d5a-d3554d220ca1,S1,Serial laboratory testing indicates that Cholesterol in LDL levels have consistently decreased over the patient's past 3 recorded outpatient encounters.,CONTRADICTED,RULE,HOLD,1.0,False,Unknown trend direction: None
120,,LANE_B_S1_1ca1c903-f474-d565-c500-56b2ceee443b_2069-3_0,1ca1c903-f474-d565-c500-56b2ceee443b,S1,Serial laboratory testing indicates that Chloride levels have consistently decreased over the patient's past 3 recorded outpatient encounters.,SUPPORTED,RULE,HOLD,1.0,False,Unknown trend direction: None
121,,LANE_B_S1_1ca1c903-f474-d565-c500-56b2ceee443b_2069-3_0,1ca1c903-f474-d565-c500-56b2ceee443b,S1,Serial laboratory testing indicates that Chloride levels have consistently increased over the patient's past 3 recorded outpatient encounters.,CONTRADICTED,RULE,HOLD,1.0,False,Unknown trend direction: None
122,,LANE_B_S1_28410d7d-65d1-91cb-d0a6-143507d3ce2d_29463-7_0,28410d7d-65d1-91cb-d0a6-143507d3ce2d,S1,Serial laboratory testing indicates that Body Weight levels have consistently increased over the patient's past 3 recorded outpatient encounters.,SUPPORTED,RULE,HOLD,1.0,False,Unknown trend direction: None
123,,LANE_B_S1_28410d7d-65d1-91cb-d0a6-143507d3ce2d_29463-7_0,28410d7d-65d1-91cb-d0a6-143507d3ce2d,S1,Serial laboratory testing indicates that Body Weight levels have consistently decreased over the patient's past 3 recorded outpatient encounters.,CONTRADICTED,RULE,HOLD,1.0,False,Unknown trend direction: None
124,,LANE_B_S1_a60527a8-a633-c3aa-1265-06491490c6d2_29463-7_0,a60527a8-a633-c3aa-1265-06491490c6d2,S1,Serial laboratory testing indicates that Body Weight levels have consistently increased over the patient's past 3 recorded outpatient encounters.,SUPPORTED,RULE,HOLD,1.0,False,Unknown trend direction: None
125,,LANE_B_S1_a60527a8-a633-c3aa-1265-06491490c6d2_29463-7_0,a60527a8-a633-c3aa-1265-06491490c6d2,S1,Serial laboratory testing indicates that Body Weight levels have consistently decreased over the patient's past 3 recorded outpatient encounters.,CONTRADICTED,RULE,HOLD,1.0,False,Unknown trend direction: None
126,,LANE_B_S1_76f0cad3-a4f4-a8b1-6588-1e227bb208bc_29463-7_0,76f0cad3-a4f4-a8b1-6588-1e227bb208bc,S1,Review of consecutive diagnostic workups demonstrates a steady upward progression in Body Weight across the prior three visits.,SUPPORTED,RULE,HOLD,1.0,False,Unknown trend direction: None
127,,LANE_B_S1_76f0cad3-a4f4-a8b1-6588-1e227bb208bc_29463-7_0,76f0cad3-a4f4-a8b1-6588-1e227bb208bc,S1,Review of consecutive diagnostic workups demonstrates a steady decline in Body Weight across the prior three visits.,CONTRADICTED,RULE,HOLD,1.0,False,Unknown trend direction: None
128,,LANE_B_S1_5bcd5e67-bda9-dae7-b1e0-20f210c83983_18262-6_0,5bcd5e67-bda9-dae7-b1e0-20f210c83983,S1,Longitudinal monitoring confirms that Cholesterol in LDL measurements have been trending downward over the course of the last 3 checkups.,SUPPORTED,RULE,HOLD,1.0,False,Unknown trend direction: None
129,,LANE_B_S1_5bcd5e67-bda9-dae7-b1e0-20f210c83983_18262-6_0,5bcd5e67-bda9-dae7-b1e0-20f210c83983,S1,Longitudinal monitoring confirms that Cholesterol in LDL measurements have been trending upward over the course of the last 3 checkups.,CONTRADICTED,RULE,HOLD,1.0,False,Unknown trend direction: None
130,,LANE_B_S1_dc62d04a-06aa-b148-10d7-d14afdd03e3f_14959-1_2,dc62d04a-06aa-b148-10d7-d14afdd03e3f,S1,The patient's longitudinal EHR chart reveals a downward trajectory in Microalbumin/Creatinine across three recent clinical evaluations.,SUPPORTED,RULE,HOLD,1.0,False,Unknown trend direction: None
131,,LANE_B_S1_dc62d04a-06aa-b148-10d7-d14afdd03e3f_14959-1_2,dc62d04a-06aa-b148-10d7-d14afdd03e3f,S1,The patient's longitudinal EHR chart reveals a progressively rising trajectory in Microalbumin/Creatinine across three recent clinical evaluations.,CONTRADICTED,RULE,HOLD,1.0,False,Unknown trend direction: None
132,,LANE_B_S1_442bf80e-f176-bec8-5352-5d58b4548a8b_29463-7_0,442bf80e-f176-bec8-5352-5d58b4548a8b,S1,Review of consecutive diagnostic workups demonstrates a steady upward progression in Body Weight across the prior three visits.,SUPPORTED,RULE,HOLD,1.0,False,Unknown trend direction: None
133,,LANE_B_S1_442bf80e-f176-bec8-5352-5d58b4548a8b_29463-7_0,442bf80e-f176-bec8-5352-5d58b4548a8b,S1,Review of consecutive diagnostic workups demonstrates a steady decline in Body Weight across the prior three visits.,CONTRADICTED,RULE,HOLD,1.0,False,Unknown trend direction: None
134,,LANE_B_S1_622655a0-c107-94d1-fe07-63fc26842c4c_29463-7_0,622655a0-c107-94d1-fe07-63fc26842c4c,S1,The patient's longitudinal EHR chart reveals a progressively rising trajectory in Body Weight across three recent clinical evaluations.,SUPPORTED,RULE,HOLD,1.0,False,Unknown trend direction: None
135,,LANE_B_S1_622655a0-c107-94d1-fe07-63fc26842c4c_29463-7_0,622655a0-c107-94d1-fe07-63fc26842c4c,S1,The patient's longitudinal EHR chart reveals a downward trajectory in Body Weight across three recent clinical evaluations.,CONTRADICTED,RULE,HOLD,1.0,False,Unknown trend direction: None
136,,LANE_B_S1_917c780c-1887-086c-c379-e894e52e7e24_2571-8_0,917c780c-1887-086c-c379-e894e52e7e24,S1,Longitudinal monitoring confirms that Triglyceride measurements have been trending upward over the course of the last 3 checkups.,SUPPORTED,RULE,HOLD,1.0,False,Unknown trend direction: None
137,,LANE_B_S1_917c780c-1887-086c-c379-e894e52e7e24_2571-8_0,917c780c-1887-086c-c379-e894e52e7e24,S1,Longitudinal monitoring confirms that Triglyceride measurements have been trending downward over the course of the last 3 checkups.,CONTRADICTED,RULE,HOLD,1.0,False,Unknown trend direction: None
138,,LANE_B_S1_09799663-ff15-aea9-81a6-d3df0bd96098_17861-6_3,09799663-ff15-aea9-81a6-d3df0bd96098,S1,Longitudinal monitoring confirms that Calcium measurements have been trending upward over the course of the last 3 checkups.,SUPPORTED,RULE,HOLD,1.0,False,Unknown trend direction: None
139,,LANE_B_S1_09799663-ff15-aea9-81a6-d3df0bd96098_17861-6_3,09799663-ff15-aea9-81a6-d3df0bd96098,S1,Longitudinal monitoring confirms that Calcium measurements have been trending downward over the course of the last 3 checkups.,CONTRADICTED,RULE,HOLD,1.0,False,Unknown trend direction: None
140,,LANE_B_S1_6140b15d-270f-0abb-8532-2a9ccff32dc1_10834-0_0,6140b15d-270f-0abb-8532-2a9ccff32dc1,S1,Review of consecutive diagnostic workups demonstrates a steady decline in Globulin across the prior three visits.,SUPPORTED,RULE,HOLD,1.0,False,Unknown trend direction: None
141,,LANE_B_S1_6140b15d-270f-0abb-8532-2a9ccff32dc1_10834-0_0,6140b15d-270f-0abb-8532-2a9ccff32dc1,S1,Review of consecutive diagnostic workups demonstrates a steady upward progression in Globulin across the prior three visits.,CONTRADICTED,RULE,HOLD,1.0,False,Unknown trend direction: None
142,,LANE_B_S1_a1a2903a-8cbd-658a-95a3-350eaa43e930_29463-7_0,a1a2903a-8cbd-658a-95a3-350eaa43e930,S1,Longitudinal monitoring confirms that Body Weight measurements have been trending upward over the course of the last 3 checkups.,SUPPORTED,RULE,HOLD,1.0,False,Unknown trend direction: None
143,,LANE_B_S1_a1a2903a-8cbd-658a-95a3-350eaa43e930_29463-7_0,a1a2903a-8cbd-658a-95a3-350eaa43e930,S1,Longitudinal monitoring confirms that Body Weight measurements have been trending downward over the course of the last 3 checkups.,CONTRADICTED,RULE,HOLD,1.0,False,Unknown trend direction: None
144,,LANE_B_S1_58871483-e786-6a6d-1593-ad99ff15b907_2085-9_0,58871483-e786-6a6d-1593-ad99ff15b907,S1,Serial laboratory testing indicates that Cholesterol in HDL levels have consistently decreased over the patient's past 3 recorded outpatient encounters.,SUPPORTED,RULE,HOLD,1.0,False,Unknown trend direction: None
145,,LANE_B_S1_58871483-e786-6a6d-1593-ad99ff15b907_2085-9_0,58871483-e786-6a6d-1593-ad99ff15b907,S1,Serial laboratory testing indicates that Cholesterol in HDL levels have consistently increased over the patient's past 3 recorded outpatient encounters.,CONTRADICTED,RULE,HOLD,1.0,False,Unknown trend direction: None
146,,LANE_B_S1_a6650ed3-f9f6-842c-ef66-3e6b37722bfc_29463-7_0,a6650ed3-f9f6-842c-ef66-3e6b37722bfc,S1,The patient's longitudinal EHR chart reveals a progressively rising trajectory in Body Weight across three recent clinical evaluations.,SUPPORTED,RULE,HOLD,1.0,False,Unknown trend direction: None
147,,LANE_B_S1_a6650ed3-f9f6-842c-ef66-3e6b37722bfc_29463-7_0,a6650ed3-f9f6-842c-ef66-3e6b37722bfc,S1,The patient's longitudinal EHR chart reveals a downward trajectory in Body Weight across three recent clinical evaluations.,CONTRADICTED,RULE,HOLD,1.0,False,Unknown trend direction: None
148,,LANE_B_S1_6cb35e20-a561-110f-d5ee-a4dab543167e_1742-6_2,6cb35e20-a561-110f-d5ee-a4dab543167e,S1,Serial laboratory testing indicates that Alanine aminotransferase levels have consistently decreased over the patient's past 3 recorded outpatient encounters.,SUPPORTED,RULE,HOLD,1.0,False,Unknown trend direction: None
149,,LANE_B_S1_6cb35e20-a561-110f-d5ee-a4dab543167e_1742-6_2,6cb35e20-a561-110f-d5ee-a4dab543167e,S1,Serial laboratory testing indicates that Alanine aminotransferase levels have consistently increased over the patient's past 3 recorded outpatient encounters.,CONTRADICTED,RULE,HOLD,1.0,False,Unknown trend direction: None
150,,LANE_B_S1_ed5a7f35-d35b-0ee6-475a-f1c5baf4dd6f_29463-7_0,ed5a7f35-d35b-0ee6-475a-f1c5baf4dd6f,S1,The patient's longitudinal EHR chart reveals a progressively rising trajectory in Body Weight across three recent clinical evaluations.,SUPPORTED,RULE,HOLD,1.0,False,Unknown trend direction: None
151,,LANE_B_S1_ed5a7f35-d35b-0ee6-475a-f1c5baf4dd6f_29463-7_0,ed5a7f35-d35b-0ee6-475a-f1c5baf4dd6f,S1,The patient's longitudinal EHR chart reveals a downward trajectory in Body Weight across three recent clinical evaluations.,CONTRADICTED,RULE,HOLD,1.0,False,Unknown trend direction: None
152,,LANE_B_S1_50200931-3736-e446-8c5c-33e9f34f4fc8_29463-7_0,50200931-3736-e446-8c5c-33e9f34f4fc8,S1,The patient's longitudinal EHR chart reveals a progressively rising trajectory in Body Weight across three recent clinical evaluations.,SUPPORTED,RULE,HOLD,1.0,False,Unknown trend direction: None
153,,LANE_B_S1_50200931-3736-e446-8c5c-33e9f34f4fc8_29463-7_0,50200931-3736-e446-8c5c-33e9f34f4fc8,S1,The patient's longitudinal EHR chart reveals a downward trajectory in Body Weight across three recent clinical evaluations.,CONTRADICTED,RULE,HOLD,1.0,False,Unknown trend direction: None
154,,LANE_B_S1_1b0bd248-5cc5-9115-9ed5-055d1fbb8724_29463-7_0,1b0bd248-5cc5-9115-9ed5-055d1fbb8724,S1,Review of consecutive diagnostic workups demonstrates a steady upward progression in Body Weight across the prior three visits.,SUPPORTED,RULE,HOLD,1.0,False,Unknown trend direction: None
155,,LANE_B_S1_1b0bd248-5cc5-9115-9ed5-055d1fbb8724_29463-7_0,1b0bd248-5cc5-9115-9ed5-055d1fbb8724,S1,Review of consecutive diagnostic workups demonstrates a steady decline in Body Weight across the prior three visits.,CONTRADICTED,RULE,HOLD,1.0,False,Unknown trend direction: None
156,,LANE_B_S1_6aab5c5e-3a2f-fea1-ca8d-5586ecaee400_17861-6_5,6aab5c5e-3a2f-fea1-ca8d-5586ecaee400,S1,Review of consecutive diagnostic workups demonstrates a steady upward progression in Calcium across the prior three visits.,SUPPORTED,RULE,HOLD,1.0,False,Unknown trend direction: None
157,,LANE_B_S1_6aab5c5e-3a2f-fea1-ca8d-5586ecaee400_17861-6_5,6aab5c5e-3a2f-fea1-ca8d-5586ecaee400,S1,Review of consecutive diagnostic workups demonstrates a steady decline in Calcium across the prior three visits.,CONTRADICTED,RULE,HOLD,1.0,False,Unknown trend direction: None
158,,LANE_B_S1_4d244421-3eed-fa33-b19e-06d08b9a15b5_2085-9_0,4d244421-3eed-fa33-b19e-06d08b9a15b5,S1,The patient's longitudinal EHR chart reveals a downward trajectory in Cholesterol in HDL across three recent clinical evaluations.,SUPPORTED,RULE,HOLD,1.0,False,Unknown trend direction: None
159,,LANE_B_S1_4d244421-3eed-fa33-b19e-06d08b9a15b5_2085-9_0,4d244421-3eed-fa33-b19e-06d08b9a15b5,S1,The patient's longitudinal EHR chart reveals a progressively rising trajectory in Cholesterol in HDL across three recent clinical evaluations.,CONTRADICTED,RULE,HOLD,1.0,False,Unknown trend direction: None
160,,LANE_B_S1_75c91a89-af09-1d66-fc52-a3614d298548_29463-7_0,75c91a89-af09-1d66-fc52-a3614d298548,S1,Review of consecutive diagnostic workups demonstrates a steady upward progression in Body Weight across the prior three visits.,SUPPORTED,RULE,HOLD,1.0,False,Unknown trend direction: None
161,,LANE_B_S1_75c91a89-af09-1d66-fc52-a3614d298548_29463-7_0,75c91a89-af09-1d66-fc52-a3614d298548,S1,Review of consecutive diagnostic workups demonstrates a steady decline in Body Weight across the prior three visits.,CONTRADICTED,RULE,HOLD,1.0,False,Unknown trend direction: None
162,,LANE_B_S1_75054069-59aa-4bb3-3b13-73730645743e_2085-9_1,75054069-59aa-4bb3-3b13-73730645743e,S1,Review of consecutive diagnostic workups demonstrates a steady upward progression in Cholesterol in HDL across the prior three visits.,SUPPORTED,RULE,HOLD,1.0,False,Unknown trend direction: None
163,,LANE_B_S1_75054069-59aa-4bb3-3b13-73730645743e_2085-9_1,75054069-59aa-4bb3-3b13-73730645743e,S1,Review of consecutive diagnostic workups demonstrates a steady decline in Cholesterol in HDL across the prior three visits.,CONTRADICTED,RULE,HOLD,1.0,False,Unknown trend direction: None
164,,LANE_B_S1_d40ee66f-e7ae-5a99-24e8-319f56496e8f_14959-1_2,d40ee66f-e7ae-5a99-24e8-319f56496e8f,S1,Longitudinal monitoring confirms that Microalbumin/Creatinine measurements have been trending downward over the course of the last 3 checkups.,SUPPORTED,RULE,HOLD,1.0,False,Unknown trend direction: None
165,,LANE_B_S1_d40ee66f-e7ae-5a99-24e8-319f56496e8f_14959-1_2,d40ee66f-e7ae-5a99-24e8-319f56496e8f,S1,Longitudinal monitoring confirms that Microalbumin/Creatinine measurements have been trending upward over the course of the last 3 checkups.,CONTRADICTED,RULE,HOLD,1.0,False,Unknown trend direction: None
166,,LANE_B_S1_2373b983-ecae-825f-72f8-c06bd53df4f0_1742-6_1,2373b983-ecae-825f-72f8-c06bd53df4f0,S1,The patient's longitudinal EHR chart reveals a progressively rising trajectory in Alanine aminotransferase across three recent clinical evaluations.,SUPPORTED,RULE,HOLD,1.0,False,Unknown trend direction: None
167,,LANE_B_S1_2373b983-ecae-825f-72f8-c06bd53df4f0_1742-6_1,2373b983-ecae-825f-72f8-c06bd53df4f0,S1,The patient's longitudinal EHR chart reveals a downward trajectory in Alanine aminotransferase across three recent clinical evaluations.,CONTRADICTED,RULE,HOLD,1.0,False,Unknown trend direction: None
168,,LANE_B_S1_c0710203-a3ba-f525-2eed-992f84cf6ec7_20565-8_2,c0710203-a3ba-f525-2eed-992f84cf6ec7,S1,"Review of consecutive diagnostic workups demonstrates a steady decline in Carbon dioxide, total across the prior three visits.",SUPPORTED,RULE,HOLD,1.0,False,Unknown trend direction: None
169,,LANE_B_S1_c0710203-a3ba-f525-2eed-992f84cf6ec7_20565-8_2,c0710203-a3ba-f525-2eed-992f84cf6ec7,S1,"Review of consecutive diagnostic workups demonstrates a steady upward progression in Carbon dioxide, total across the prior three visits.",CONTRADICTED,RULE,HOLD,1.0,False,Unknown trend direction: None
170,,LANE_B_S1_ae6f9562-f1dc-7d15-80cc-de93adab52c2_20565-8_2,ae6f9562-f1dc-7d15-80cc-de93adab52c2,S1,"Serial laboratory testing indicates that Carbon dioxide, total levels have consistently increased over the patient's past 3 recorded outpatient encounters.",SUPPORTED,RULE,HOLD,1.0,False,Unknown trend direction: None
171,,LANE_B_S1_ae6f9562-f1dc-7d15-80cc-de93adab52c2_20565-8_2,ae6f9562-f1dc-7d15-80cc-de93adab52c2,S1,"Serial laboratory testing indicates that Carbon dioxide, total levels have consistently decreased over the patient's past 3 recorded outpatient encounters.",CONTRADICTED,RULE,HOLD,1.0,False,Unknown trend direction: None
172,,LANE_B_S1_3f078dbb-b6c1-0f42-5a6a-b1532f98126a_29463-7_0,3f078dbb-b6c1-0f42-5a6a-b1532f98126a,S1,Longitudinal monitoring confirms that Body Weight measurements have been trending downward over the course of the last 3 checkups.,SUPPORTED,RULE,HOLD,1.0,False,Unknown trend direction: None
173,,LANE_B_S1_3f078dbb-b6c1-0f42-5a6a-b1532f98126a_29463-7_0,3f078dbb-b6c1-0f42-5a6a-b1532f98126a,S1,Longitudinal monitoring confirms that Body Weight measurements have been trending upward over the course of the last 3 checkups.,CONTRADICTED,RULE,HOLD,1.0,False,Unknown trend direction: None
174,,LANE_B_S1_e206cd37-5446-5dfb-92dc-da87cff0a5ca_29463-7_0,e206cd37-5446-5dfb-92dc-da87cff0a5ca,S1,Review of consecutive diagnostic workups demonstrates a steady upward progression in Body Weight across the prior three visits.,SUPPORTED,RULE,HOLD,1.0,False,Unknown trend direction: None
175,,LANE_B_S1_e206cd37-5446-5dfb-92dc-da87cff0a5ca_29463-7_0,e206cd37-5446-5dfb-92dc-da87cff0a5ca,S1,Review of consecutive diagnostic workups demonstrates a steady decline in Body Weight across the prior three visits.,CONTRADICTED,RULE,HOLD,1.0,False,Unknown trend direction: None
176,,LANE_B_S1_5a4ddc62-4d53-710a-2e52-95b0b97a231a_18262-6_1,5a4ddc62-4d53-710a-2e52-95b0b97a231a,S1,Longitudinal monitoring confirms that Cholesterol in LDL measurements have been trending downward over the course of the last 3 checkups.,SUPPORTED,RULE,HOLD,1.0,False,Unknown trend direction: None
177,,LANE_B_S1_5a4ddc62-4d53-710a-2e52-95b0b97a231a_18262-6_1,5a4ddc62-4d53-710a-2e52-95b0b97a231a,S1,Longitudinal monitoring confirms that Cholesterol in LDL measurements have been trending upward over the course of the last 3 checkups.,CONTRADICTED,RULE,HOLD,1.0,False,Unknown trend direction: None
178,,LANE_B_S1_d2bb4ad7-a6e2-1a93-d206-1227ac0b99df_29463-7_0,d2bb4ad7-a6e2-1a93-d206-1227ac0b99df,S1,Review of consecutive diagnostic workups demonstrates a steady upward progression in Body Weight across the prior three visits.,SUPPORTED,RULE,HOLD,1.0,False,Unknown trend direction: None
179,,LANE_B_S1_d2bb4ad7-a6e2-1a93-d206-1227ac0b99df_29463-7_0,d2bb4ad7-a6e2-1a93-d206-1227ac0b99df,S1,Review of consecutive diagnostic workups demonstrates a steady decline in Body Weight across the prior three visits.,CONTRADICTED,RULE,HOLD,1.0,False,Unknown trend direction: None
180,,LANE_B_S1_5af9cce9-1154-d631-4690-c8a0a5d7a78e_20565-8_0,5af9cce9-1154-d631-4690-c8a0a5d7a78e,S1,"Serial laboratory testing indicates that Carbon dioxide, total levels have consistently increased over the patient's past 3 recorded outpatient encounters.",SUPPORTED,RULE,HOLD,1.0,False,Unknown trend direction: None
181,,LANE_B_S1_5af9cce9-1154-d631-4690-c8a0a5d7a78e_20565-8_0,5af9cce9-1154-d631-4690-c8a0a5d7a78e,S1,"Serial laboratory testing indicates that Carbon dioxide, total levels have consistently decreased over the patient's past 3 recorded outpatient encounters.",CONTRADICTED,RULE,HOLD,1.0,False,Unknown trend direction: None
182,,LANE_B_S1_fef0f194-2be9-0da1-1681-12e92a04743a_10834-0_1,fef0f194-2be9-0da1-1681-12e92a04743a,S1,Serial laboratory testing indicates that Globulin levels have consistently increased over the patient's past 3 recorded outpatient encounters.,SUPPORTED,RULE,HOLD,1.0,False,Unknown trend direction: None
183,,LANE_B_S1_fef0f194-2be9-0da1-1681-12e92a04743a_10834-0_1,fef0f194-2be9-0da1-1681-12e92a04743a,S1,Serial laboratory testing indicates that Globulin levels have consistently decreased over the patient's past 3 recorded outpatient encounters.,CONTRADICTED,RULE,HOLD,1.0,False,Unknown trend direction: None
184,,LANE_B_S1_516f54f0-6c01-e710-8f26-29a1d28f05cd_10834-0_4,516f54f0-6c01-e710-8f26-29a1d28f05cd,S1,The patient's longitudinal EHR chart reveals a downward trajectory in Globulin across three recent clinical evaluations.,SUPPORTED,RULE,HOLD,1.0,False,Unknown trend direction: None
185,,LANE_B_S1_516f54f0-6c01-e710-8f26-29a1d28f05cd_10834-0_4,516f54f0-6c01-e710-8f26-29a1d28f05cd,S1,The patient's longitudinal EHR chart reveals a progressively rising trajectory in Globulin across three recent clinical evaluations.,CONTRADICTED,RULE,HOLD,1.0,False,Unknown trend direction: None
186,,LANE_B_S1_24dfac59-b3a5-e66c-b21d-3be7e4dffd14_10834-0_2,24dfac59-b3a5-e66c-b21d-3be7e4dffd14,S1,The patient's longitudinal EHR chart reveals a progressively rising trajectory in Globulin across three recent clinical evaluations.,SUPPORTED,RULE,HOLD,1.0,False,Unknown trend direction: None
187,,LANE_B_S1_24dfac59-b3a5-e66c-b21d-3be7e4dffd14_10834-0_2,24dfac59-b3a5-e66c-b21d-3be7e4dffd14,S1,The patient's longitudinal EHR chart reveals a downward trajectory in Globulin across three recent clinical evaluations.,CONTRADICTED,RULE,HOLD,1.0,False,Unknown trend direction: None
188,,LANE_B_S1_4b3b9763-9460-4f3c-baae-e9d31620da19_2085-9_0,4b3b9763-9460-4f3c-baae-e9d31620da19,S1,Longitudinal monitoring confirms that Cholesterol in HDL measurements have been trending downward over the course of the last 3 checkups.,SUPPORTED,RULE,HOLD,1.0,False,Unknown trend direction: None
189,,LANE_B_S1_4b3b9763-9460-4f3c-baae-e9d31620da19_2085-9_0,4b3b9763-9460-4f3c-baae-e9d31620da19,S1,Longitudinal monitoring confirms that Cholesterol in HDL measurements have been trending upward over the course of the last 3 checkups.,CONTRADICTED,RULE,HOLD,1.0,False,Unknown trend direction: None
190,,LANE_B_S1_495faddd-1f4a-156a-2dde-ff5fe196f1d5_29463-7_0,495faddd-1f4a-156a-2dde-ff5fe196f1d5,S1,Longitudinal monitoring confirms that Body Weight measurements have been trending upward over the course of the last 3 checkups.,SUPPORTED,RULE,HOLD,1.0,False,Unknown trend direction: None
191,,LANE_B_S1_495faddd-1f4a-156a-2dde-ff5fe196f1d5_29463-7_0,495faddd-1f4a-156a-2dde-ff5fe196f1d5,S1,Longitudinal monitoring confirms that Body Weight measurements have been trending downward over the course of the last 3 checkups.,CONTRADICTED,RULE,HOLD,1.0,False,Unknown trend direction: None
192,,LANE_B_S1_6a06d359-dfc7-2c49-0b75-9cb3921b6f61_20565-8_0,6a06d359-dfc7-2c49-0b75-9cb3921b6f61,S1,"Serial laboratory testing indicates that Carbon dioxide, total levels have consistently increased over the patient's past 3 recorded outpatient encounters.",SUPPORTED,RULE,HOLD,1.0,False,Unknown trend direction: None
193,,LANE_B_S1_6a06d359-dfc7-2c49-0b75-9cb3921b6f61_20565-8_0,6a06d359-dfc7-2c49-0b75-9cb3921b6f61,S1,"Serial laboratory testing indicates that Carbon dioxide, total levels have consistently decreased over the patient's past 3 recorded outpatient encounters.",CONTRADICTED,RULE,HOLD,1.0,False,Unknown trend direction: None
194,,LANE_B_S1_a522c6b9-a01a-66f6-6486-b0aa398e2977_10834-0_0,a522c6b9-a01a-66f6-6486-b0aa398e2977,S1,Review of consecutive diagnostic workups demonstrates a steady upward progression in Globulin across the prior three visits.,SUPPORTED,RULE,HOLD,1.0,False,Unknown trend direction: None
195,,LANE_B_S1_a522c6b9-a01a-66f6-6486-b0aa398e2977_10834-0_0,a522c6b9-a01a-66f6-6486-b0aa398e2977,S1,Review of consecutive diagnostic workups demonstrates a steady decline in Globulin across the prior three visits.,CONTRADICTED,RULE,HOLD,1.0,False,Unknown trend direction: None
196,,LANE_B_S1_ede324e1-b681-cfc8-c782-80fdafe96cb5_29463-7_1,ede324e1-b681-cfc8-c782-80fdafe96cb5,S1,Longitudinal monitoring confirms that Body Weight measurements have been trending upward over the course of the last 3 checkups.,SUPPORTED,RULE,HOLD,1.0,False,Unknown trend direction: None
197,,LANE_B_S1_ede324e1-b681-cfc8-c782-80fdafe96cb5_29463-7_1,ede324e1-b681-cfc8-c782-80fdafe96cb5,S1,Longitudinal monitoring confirms that Body Weight measurements have been trending downward over the course of the last 3 checkups.,CONTRADICTED,RULE,HOLD,1.0,False,Unknown trend direction: None
198,,LANE_B_S1_3bc26d88-36b8-3324-338b-818a94708f62_10834-0_1,3bc26d88-36b8-3324-338b-818a94708f62,S1,Serial laboratory testing indicates that Globulin levels have consistently decreased over the patient's past 3 recorded outpatient encounters.,SUPPORTED,RULE,HOLD,1.0,False,Unknown trend direction: None
199,,LANE_B_S1_3bc26d88-36b8-3324-338b-818a94708f62_10834-0_1,3bc26d88-36b8-3324-338b-818a94708f62,S1,Serial laboratory testing indicates that Globulin levels have consistently increased over the patient's past 3 recorded outpatient encounters.,CONTRADICTED,RULE,HOLD,1.0,False,Unknown trend direction: None
200,,LANE_B_S1_82532b80-f91c-6d28-1407-401f4fe12f2d_29463-7_0,82532b80-f91c-6d28-1407-401f4fe12f2d,S1,The patient's longitudinal EHR chart reveals a progressively rising trajectory in Body Weight across three recent clinical evaluations.,SUPPORTED,RULE,HOLD,1.0,False,Unknown trend direction: None
201,,LANE_B_S1_82532b80-f91c-6d28-1407-401f4fe12f2d_29463-7_0,82532b80-f91c-6d28-1407-401f4fe12f2d,S1,The patient's longitudinal EHR chart reveals a downward trajectory in Body Weight across three recent clinical evaluations.,CONTRADICTED,RULE,HOLD,1.0,False,Unknown trend direction: None
202,,LANE_B_S1_37bd999b-8dbb-4681-5c39-a52162038408_10834-0_1,37bd999b-8dbb-4681-5c39-a52162038408,S1,Longitudinal monitoring confirms that Globulin measurements have been trending upward over the course of the last 3 checkups.,SUPPORTED,RULE,HOLD,1.0,False,Unknown trend direction: None
203,,LANE_B_S1_37bd999b-8dbb-4681-5c39-a52162038408_10834-0_1,37bd999b-8dbb-4681-5c39-a52162038408,S1,Longitudinal monitoring confirms that Globulin measurements have been trending downward over the course of the last 3 checkups.,CONTRADICTED,RULE,HOLD,1.0,False,Unknown trend direction: None
204,,LANE_B_S1_af9f8a5a-c0d9-9441-cb63-b69ec50a5881_14959-1_2,af9f8a5a-c0d9-9441-cb63-b69ec50a5881,S1,Review of consecutive diagnostic workups demonstrates a steady decline in Microalbumin/Creatinine across the prior three visits.,SUPPORTED,RULE,HOLD,1.0,False,Unknown trend direction: None
205,,LANE_B_S1_af9f8a5a-c0d9-9441-cb63-b69ec50a5881_14959-1_2,af9f8a5a-c0d9-9441-cb63-b69ec50a5881,S1,Review of consecutive diagnostic workups demonstrates a steady upward progression in Microalbumin/Creatinine across the prior three visits.,CONTRADICTED,RULE,HOLD,1.0,False,Unknown trend direction: None
206,,LANE_B_S1_bcd2f3ee-c55e-a794-ffb0-c0201d799313_14959-1_0,bcd2f3ee-c55e-a794-ffb0-c0201d799313,S1,The patient's longitudinal EHR chart reveals a progressively rising trajectory in Microalbumin/Creatinine across three recent clinical evaluations.,SUPPORTED,RULE,HOLD,1.0,False,Unknown trend direction: None
207,,LANE_B_S1_bcd2f3ee-c55e-a794-ffb0-c0201d799313_14959-1_0,bcd2f3ee-c55e-a794-ffb0-c0201d799313,S1,The patient's longitudinal EHR chart reveals a downward trajectory in Microalbumin/Creatinine across three recent clinical evaluations.,CONTRADICTED,RULE,HOLD,1.0,False,Unknown trend direction: None
208,,LANE_B_S1_c5fab86a-ca08-f9e0-21b6-dd6edac5a207_17861-6_1,c5fab86a-ca08-f9e0-21b6-dd6edac5a207,S1,Review of consecutive diagnostic workups demonstrates a steady decline in Calcium across the prior three visits.,SUPPORTED,RULE,HOLD,1.0,False,Unknown trend direction: None
209,,LANE_B_S1_c5fab86a-ca08-f9e0-21b6-dd6edac5a207_17861-6_1,c5fab86a-ca08-f9e0-21b6-dd6edac5a207,S1,Review of consecutive diagnostic workups demonstrates a steady upward progression in Calcium across the prior three visits.,CONTRADICTED,RULE,HOLD,1.0,False,Unknown trend direction: None
210,,LANE_B_S1_44faa1af-0405-53c0-cbb2-b66735aaea13_29463-7_0,44faa1af-0405-53c0-cbb2-b66735aaea13,S1,Longitudinal monitoring confirms that Body Weight measurements have been trending upward over the course of the last 3 checkups.,SUPPORTED,RULE,HOLD,1.0,False,Unknown trend direction: None
211,,LANE_B_S1_44faa1af-0405-53c0-cbb2-b66735aaea13_29463-7_0,44faa1af-0405-53c0-cbb2-b66735aaea13,S1,Longitudinal monitoring confirms that Body Weight measurements have been trending downward over the course of the last 3 checkups.,CONTRADICTED,RULE,HOLD,1.0,False,Unknown trend direction: None
212,,LANE_B_S1_8e7dba45-59cf-1424-25b6-44be1b4f9497_20565-8_0,8e7dba45-59cf-1424-25b6-44be1b4f9497,S1,"Review of consecutive diagnostic workups demonstrates a steady upward progression in Carbon dioxide, total across the prior three visits.",SUPPORTED,RULE,HOLD,1.0,False,Unknown trend direction: None
213,,LANE_B_S1_8e7dba45-59cf-1424-25b6-44be1b4f9497_20565-8_0,8e7dba45-59cf-1424-25b6-44be1b4f9497,S1,"Review of consecutive diagnostic workups demonstrates a steady decline in Carbon dioxide, total across the prior three visits.",CONTRADICTED,RULE,HOLD,1.0,False,Unknown trend direction: None
214,,LANE_B_S1_5b909268-8f48-ce8d-da82-29113b6b7c84_20565-8_2,5b909268-8f48-ce8d-da82-29113b6b7c84,S1,"The patient's longitudinal EHR chart reveals a downward trajectory in Carbon dioxide, total across three recent clinical evaluations.",SUPPORTED,RULE,HOLD,1.0,False,Unknown trend direction: None
215,,LANE_B_S1_5b909268-8f48-ce8d-da82-29113b6b7c84_20565-8_2,5b909268-8f48-ce8d-da82-29113b6b7c84,S1,"The patient's longitudinal EHR chart reveals a progressively rising trajectory in Carbon dioxide, total across three recent clinical evaluations.",CONTRADICTED,RULE,HOLD,1.0,False,Unknown trend direction: None
216,,LANE_B_S1_6d124be7-e664-c73f-eba8-94d99e1430f3_17861-6_0,6d124be7-e664-c73f-eba8-94d99e1430f3,S1,Review of consecutive diagnostic workups demonstrates a steady decline in Calcium across the prior three visits.,SUPPORTED,RULE,HOLD,1.0,False,Unknown trend direction: None
217,,LANE_B_S1_6d124be7-e664-c73f-eba8-94d99e1430f3_17861-6_0,6d124be7-e664-c73f-eba8-94d99e1430f3,S1,Review of consecutive diagnostic workups demonstrates a steady upward progression in Calcium across the prior three visits.,CONTRADICTED,RULE,HOLD,1.0,False,Unknown trend direction: None
218,,LANE_B_S1_5c796bed-9753-7631-6d5f-015435bd00f8_29463-7_0,5c796bed-9753-7631-6d5f-015435bd00f8,S1,Serial laboratory testing indicates that Body Weight levels have consistently increased over the patient's past 3 recorded outpatient encounters.,SUPPORTED,RULE,HOLD,1.0,False,Unknown trend direction: None
219,,LANE_B_S1_5c796bed-9753-7631-6d5f-015435bd00f8_29463-7_0,5c796bed-9753-7631-6d5f-015435bd00f8,S1,Serial laboratory testing indicates that Body Weight levels have consistently decreased over the patient's past 3 recorded outpatient encounters.,CONTRADICTED,RULE,HOLD,1.0,False,Unknown trend direction: None
220,,LANE_B_S1_ce6f355f-0556-60d4-614c-920be5bd1684_29463-7_0,ce6f355f-0556-60d4-614c-920be5bd1684,S1,Serial laboratory testing indicates that Body Weight levels have consistently increased over the patient's past 3 recorded outpatient encounters.,SUPPORTED,RULE,HOLD,1.0,False,Unknown trend direction: None
221,,LANE_B_S1_ce6f355f-0556-60d4-614c-920be5bd1684_29463-7_0,ce6f355f-0556-60d4-614c-920be5bd1684,S1,Serial laboratory testing indicates that Body Weight levels have consistently decreased over the patient's past 3 recorded outpatient encounters.,CONTRADICTED,RULE,HOLD,1.0,False,Unknown trend direction: None
222,,LANE_B_S1_1a45078d-8b5a-4363-58bf-924eb2238303_29463-7_0,1a45078d-8b5a-4363-58bf-924eb2238303,S1,The patient's longitudinal EHR chart reveals a progressively rising trajectory in Body Weight across three recent clinical evaluations.,SUPPORTED,RULE,HOLD,1.0,False,Unknown trend direction: None
223,,LANE_B_S1_1a45078d-8b5a-4363-58bf-924eb2238303_29463-7_0,1a45078d-8b5a-4363-58bf-924eb2238303,S1,The patient's longitudinal EHR chart reveals a downward trajectory in Body Weight across three recent clinical evaluations.,CONTRADICTED,RULE,HOLD,1.0,False,Unknown trend direction: None
224,,LANE_B_S1_431f5d59-bc65-6c92-5f20-ae66027056ed_18262-6_1,431f5d59-bc65-6c92-5f20-ae66027056ed,S1,Longitudinal monitoring confirms that Cholesterol in LDL measurements have been trending upward over the course of the last 3 checkups.,SUPPORTED,RULE,HOLD,1.0,False,Unknown trend direction: None
225,,LANE_B_S1_431f5d59-bc65-6c92-5f20-ae66027056ed_18262-6_1,431f5d59-bc65-6c92-5f20-ae66027056ed,S1,Longitudinal monitoring confirms that Cholesterol in LDL measurements have been trending downward over the course of the last 3 checkups.,CONTRADICTED,RULE,HOLD,1.0,False,Unknown trend direction: None
226,,LANE_B_S1_717ad9e9-ef8c-e37c-a260-38f7009bd519_10834-0_6,717ad9e9-ef8c-e37c-a260-38f7009bd519,S1,Serial laboratory testing indicates that Globulin levels have consistently decreased over the patient's past 3 recorded outpatient encounters.,SUPPORTED,RULE,HOLD,1.0,False,Unknown trend direction: None
227,,LANE_B_S1_717ad9e9-ef8c-e37c-a260-38f7009bd519_10834-0_6,717ad9e9-ef8c-e37c-a260-38f7009bd519,S1,Serial laboratory testing indicates that Globulin levels have consistently increased over the patient's past 3 recorded outpatient encounters.,CONTRADICTED,RULE,HOLD,1.0,False,Unknown trend direction: None
228,,LANE_B_S1_32b79933-e83c-add0-48f0-dd875f072ea2_39156-5_0,32b79933-e83c-add0-48f0-dd875f072ea2,S1,Serial laboratory testing indicates that Body mass index (BMI) levels have consistently increased over the patient's past 3 recorded outpatient encounters.,SUPPORTED,RULE,HOLD,1.0,False,Unknown trend direction: None
229,,LANE_B_S1_32b79933-e83c-add0-48f0-dd875f072ea2_39156-5_0,32b79933-e83c-add0-48f0-dd875f072ea2,S1,Serial laboratory testing indicates that Body mass index (BMI) levels have consistently decreased over the patient's past 3 recorded outpatient encounters.,CONTRADICTED,RULE,HOLD,1.0,False,Unknown trend direction: None
230,,LANE_B_S1_8b05f607-c2f9-f077-6b4e-8fba65529191_29463-7_1,8b05f607-c2f9-f077-6b4e-8fba65529191,S1,The patient's longitudinal EHR chart reveals a progressively rising trajectory in Body Weight across three recent clinical evaluations.,SUPPORTED,RULE,HOLD,1.0,False,Unknown trend direction: None
231,,LANE_B_S1_8b05f607-c2f9-f077-6b4e-8fba65529191_29463-7_1,8b05f607-c2f9-f077-6b4e-8fba65529191,S1,The patient's longitudinal EHR chart reveals a downward trajectory in Body Weight across three recent clinical evaluations.,CONTRADICTED,RULE,HOLD,1.0,False,Unknown trend direction: None
232,,LANE_B_S1_c541b57e-7897-95a6-08ce-be65d7c87200_2571-8_0,c541b57e-7897-95a6-08ce-be65d7c87200,S1,The patient's longitudinal EHR chart reveals a downward trajectory in Triglyceride across three recent clinical evaluations.,SUPPORTED,RULE,HOLD,1.0,False,Unknown trend direction: None
233,,LANE_B_S1_c541b57e-7897-95a6-08ce-be65d7c87200_2571-8_0,c541b57e-7897-95a6-08ce-be65d7c87200,S1,The patient's longitudinal EHR chart reveals a progressively rising trajectory in Triglyceride across three recent clinical evaluations.,CONTRADICTED,RULE,HOLD,1.0,False,Unknown trend direction: None
234,,LANE_B_S1_fd922513-0b25-a9eb-5d7b-569ad4f8bb57_29463-7_1,fd922513-0b25-a9eb-5d7b-569ad4f8bb57,S1,Serial laboratory testing indicates that Body Weight levels have consistently increased over the patient's past 3 recorded outpatient encounters.,SUPPORTED,RULE,HOLD,1.0,False,Unknown trend direction: None
235,,LANE_B_S1_fd922513-0b25-a9eb-5d7b-569ad4f8bb57_29463-7_1,fd922513-0b25-a9eb-5d7b-569ad4f8bb57,S1,Serial laboratory testing indicates that Body Weight levels have consistently decreased over the patient's past 3 recorded outpatient encounters.,CONTRADICTED,RULE,HOLD,1.0,False,Unknown trend direction: None
236,,LANE_B_S1_cfc1c338-552e-2760-d5f3-1a444ae699dc_29463-7_1,cfc1c338-552e-2760-d5f3-1a444ae699dc,S1,The patient's longitudinal EHR chart reveals a progressively rising trajectory in Body Weight across three recent clinical evaluations.,SUPPORTED,RULE,HOLD,1.0,False,Unknown trend direction: None
237,,LANE_B_S1_cfc1c338-552e-2760-d5f3-1a444ae699dc_29463-7_1,cfc1c338-552e-2760-d5f3-1a444ae699dc,S1,The patient's longitudinal EHR chart reveals a downward trajectory in Body Weight across three recent clinical evaluations.,CONTRADICTED,RULE,HOLD,1.0,False,Unknown trend direction: None
238,,LANE_B_S1_5d179cc2-f127-844f-4f7e-f7cfbe71d6fc_20565-8_3,5d179cc2-f127-844f-4f7e-f7cfbe71d6fc,S1,"Longitudinal monitoring confirms that Carbon dioxide, total measurements have been trending downward over the course of the last 3 checkups.",SUPPORTED,RULE,HOLD,1.0,False,Unknown trend direction: None
239,,LANE_B_S1_5d179cc2-f127-844f-4f7e-f7cfbe71d6fc_20565-8_3,5d179cc2-f127-844f-4f7e-f7cfbe71d6fc,S1,"Longitudinal monitoring confirms that Carbon dioxide, total measurements have been trending upward over the course of the last 3 checkups.",CONTRADICTED,RULE,HOLD,1.0,False,Unknown trend direction: None
240,,LANE_B_S1_0c9a7dee-31e4-36d3-2e22-3ee19a8eadbd_29463-7_1,0c9a7dee-31e4-36d3-2e22-3ee19a8eadbd,S1,The patient's longitudinal EHR chart reveals a progressively rising trajectory in Body Weight across three recent clinical evaluations.,SUPPORTED,RULE,HOLD,1.0,False,Unknown trend direction: None
241,,LANE_B_S1_0c9a7dee-31e4-36d3-2e22-3ee19a8eadbd_29463-7_1,0c9a7dee-31e4-36d3-2e22-3ee19a8eadbd,S1,The patient's longitudinal EHR chart reveals a downward trajectory in Body Weight across three recent clinical evaluations.,CONTRADICTED,RULE,HOLD,1.0,False,Unknown trend direction: None
242,,LANE_B_S1_d87916d9-60bb-3afa-994b-8a429634a4f6_20565-8_0,d87916d9-60bb-3afa-994b-8a429634a4f6,S1,"Serial laboratory testing indicates that Carbon dioxide, total levels have consistently decreased over the patient's past 3 recorded outpatient encounters.",SUPPORTED,RULE,HOLD,1.0,False,Unknown trend direction: None
243,,LANE_B_S1_d87916d9-60bb-3afa-994b-8a429634a4f6_20565-8_0,d87916d9-60bb-3afa-994b-8a429634a4f6,S1,"Serial laboratory testing indicates that Carbon dioxide, total levels have consistently increased over the patient's past 3 recorded outpatient encounters.",CONTRADICTED,RULE,HOLD,1.0,False,Unknown trend direction: None
244,,LANE_B_S1_239d6a91-81fa-dcc6-4dfe-d09be55e0a36_29463-7_1,239d6a91-81fa-dcc6-4dfe-d09be55e0a36,S1,Review of consecutive diagnostic workups demonstrates a steady upward progression in Body Weight across the prior three visits.,SUPPORTED,RULE,HOLD,1.0,False,Unknown trend direction: None
245,,LANE_B_S1_239d6a91-81fa-dcc6-4dfe-d09be55e0a36_29463-7_1,239d6a91-81fa-dcc6-4dfe-d09be55e0a36,S1,Review of consecutive diagnostic workups demonstrates a steady decline in Body Weight across the prior three visits.,CONTRADICTED,RULE,HOLD,1.0,False,Unknown trend direction: None
246,,LANE_B_S1_0caf9d3d-5cc1-daac-b735-9cac1430b820_29463-7_1,0caf9d3d-5cc1-daac-b735-9cac1430b820,S1,Longitudinal monitoring confirms that Body Weight measurements have been trending upward over the course of the last 3 checkups.,SUPPORTED,RULE,HOLD,1.0,False,Unknown trend direction: None
247,,LANE_B_S1_0caf9d3d-5cc1-daac-b735-9cac1430b820_29463-7_1,0caf9d3d-5cc1-daac-b735-9cac1430b820,S1,Longitudinal monitoring confirms that Body Weight measurements have been trending downward over the course of the last 3 checkups.,CONTRADICTED,RULE,HOLD,1.0,False,Unknown trend direction: None
248,,LANE_B_S1_c3838789-e8ab-3fdd-758d-73ab21566d02_29463-7_1,c3838789-e8ab-3fdd-758d-73ab21566d02,S1,Review of consecutive diagnostic workups demonstrates a steady upward progression in Body Weight across the prior three visits.,SUPPORTED,RULE,HOLD,1.0,False,Unknown trend direction: None
249,,LANE_B_S1_c3838789-e8ab-3fdd-758d-73ab21566d02_29463-7_1,c3838789-e8ab-3fdd-758d-73ab21566d02,S1,Review of consecutive diagnostic workups demonstrates a steady decline in Body Weight across the prior three visits.,CONTRADICTED,RULE,HOLD,1.0,False,Unknown trend direction: None
250,,LANE_B_S2_af9f8a5a-c0d9-9441-cb63-b69ec50a5881_1,af9f8a5a-c0d9-9441-cb63-b69ec50a5881,S2,"In the patient's care sequence, Calcium is registered as following General examination of patient (procedure).",SUPPORTED,ABSTAIN_HOLD,HOLD,0.9996553659439087,False,ContextBind runtime: Binder abstained / low confidence HOLD
251,,LANE_B_S2_af9f8a5a-c0d9-9441-cb63-b69ec50a5881_1,af9f8a5a-c0d9-9441-cb63-b69ec50a5881,S2,"In the patient's care sequence, Calcium is registered as preceding General examination of patient (procedure).",CONTRADICTED,RULE,HOLD,1.0,False,One or both events missing from canonical timeline.
252,,LANE_B_S2_a522c6b9-a01a-66f6-6486-b0aa398e2977_0,a522c6b9-a01a-66f6-6486-b0aa398e2977,S2,"In the patient's care sequence, Well child visit (procedure) is registered as preceding General examination of patient (procedure).",SUPPORTED,RULE,HOLD,1.0,False,One or both events missing from canonical timeline.
253,,LANE_B_S2_a522c6b9-a01a-66f6-6486-b0aa398e2977_0,a522c6b9-a01a-66f6-6486-b0aa398e2977,S2,"In the patient's care sequence, Well child visit (procedure) is registered as following General examination of patient (procedure).",CONTRADICTED,ABSTAIN_HOLD,HOLD,0.9749508500099182,False,ContextBind runtime: Binder abstained / low confidence HOLD
254,,LANE_B_S2_75c91a89-af09-1d66-fc52-a3614d298548_32,75c91a89-af09-1d66-fc52-a3614d298548,S2,Longitudinal documentation establishes that Pain severity - 0-10 verbal numeric rating chronologically antedated Tobacco smoking status.,SUPPORTED,RULE,HOLD,1.0,False,One or both events missing from canonical timeline.
255,,LANE_B_S2_75c91a89-af09-1d66-fc52-a3614d298548_32,75c91a89-af09-1d66-fc52-a3614d298548,S2,Longitudinal documentation establishes that Pain severity - 0-10 verbal numeric rating chronologically succeeded Tobacco smoking status.,CONTRADICTED,ABSTAIN_HOLD,HOLD,0.8289929628372192,False,ContextBind runtime: Binder abstained / low confidence HOLD
256,,LANE_B_S2_6ad0b984-27c9-831b-f0a2-a1a5f9669e4b_0,6ad0b984-27c9-831b-f0a2-a1a5f9669e4b,S2,Clinical records verify that Well child visit (procedure) was documented ahead of General examination of patient (procedure).,SUPPORTED,RULE,HOLD,1.0,False,One or both events missing from canonical timeline.
257,,LANE_B_S2_6ad0b984-27c9-831b-f0a2-a1a5f9669e4b_0,6ad0b984-27c9-831b-f0a2-a1a5f9669e4b,S2,Clinical records verify that Well child visit (procedure) was documented in the aftermath of General examination of patient (procedure).,CONTRADICTED,RULE,HOLD,1.0,False,One or both events missing from canonical timeline.
258,,LANE_B_S2_0c9a7dee-31e4-36d3-2e22-3ee19a8eadbd_0,0c9a7dee-31e4-36d3-2e22-3ee19a8eadbd,S2,Clinical records verify that Well child visit (procedure) was documented ahead of General examination of patient (procedure).,SUPPORTED,RULE,HOLD,1.0,False,One or both events missing from canonical timeline.
259,,LANE_B_S2_0c9a7dee-31e4-36d3-2e22-3ee19a8eadbd_0,0c9a7dee-31e4-36d3-2e22-3ee19a8eadbd,S2,Clinical records verify that Well child visit (procedure) was documented in the aftermath of General examination of patient (procedure).,CONTRADICTED,RULE,HOLD,1.0,False,One or both events missing from canonical timeline.
260,,LANE_B_S2_ce6f355f-0556-60d4-614c-920be5bd1684_1,ce6f355f-0556-60d4-614c-920be5bd1684,S2,Longitudinal documentation establishes that Pain severity - 0-10 verbal numeric rating chronologically succeeded Well child visit (procedure).,SUPPORTED,ABSTAIN_HOLD,HOLD,0.5054401755332947,False,ContextBind runtime: Binder abstained / low confidence HOLD
261,,LANE_B_S2_ce6f355f-0556-60d4-614c-920be5bd1684_1,ce6f355f-0556-60d4-614c-920be5bd1684,S2,Longitudinal documentation establishes that Pain severity - 0-10 verbal numeric rating chronologically antedated Well child visit (procedure).,CONTRADICTED,RULE,HOLD,1.0,False,One or both events missing from canonical timeline.
262,,LANE_B_S2_69e8f26d-d408-7fb2-9894-d322b221cd71_1,69e8f26d-d408-7fb2-9894-d322b221cd71,S2,Longitudinal documentation establishes that Encounter for check up (procedure) chronologically succeeded General examination of patient (procedure).,SUPPORTED,ABSTAIN_HOLD,HOLD,0.5425596833229065,False,ContextBind runtime: Binder abstained / low confidence HOLD
263,,LANE_B_S2_69e8f26d-d408-7fb2-9894-d322b221cd71_1,69e8f26d-d408-7fb2-9894-d322b221cd71,S2,Longitudinal documentation establishes that Encounter for check up (procedure) chronologically antedated General examination of patient (procedure).,CONTRADICTED,RULE,HOLD,1.0,False,One or both events missing from canonical timeline.
264,,LANE_B_S2_93459e66-42ed-bb6d-8553-47542d45d9b5_1,93459e66-42ed-bb6d-8553-47542d45d9b5,S2,Clinical records verify that Astemizole 10 MG Oral Tablet was documented in the aftermath of Encounter for problem (procedure).,SUPPORTED,RULE,HOLD,1.0,False,One or both events missing from canonical timeline.
265,,LANE_B_S2_93459e66-42ed-bb6d-8553-47542d45d9b5_1,93459e66-42ed-bb6d-8553-47542d45d9b5,S2,Clinical records verify that Astemizole 10 MG Oral Tablet was documented ahead of Encounter for problem (procedure).,CONTRADICTED,RULE,HOLD,1.0,False,One or both events missing from canonical timeline.
266,,LANE_B_S2_a6650ed3-f9f6-842c-ef66-3e6b37722bfc_0,a6650ed3-f9f6-842c-ef66-3e6b37722bfc,S2,"In the patient's care sequence, Well child visit (procedure) is registered as preceding Blood pressure panel with all children optional.",SUPPORTED,RULE,HOLD,1.0,False,One or both events missing from canonical timeline.
267,,LANE_B_S2_a6650ed3-f9f6-842c-ef66-3e6b37722bfc_0,a6650ed3-f9f6-842c-ef66-3e6b37722bfc,S2,"In the patient's care sequence, Well child visit (procedure) is registered as following Blood pressure panel with all children optional.",CONTRADICTED,ABSTAIN_HOLD,HOLD,0.9974857568740845,False,ContextBind runtime: Binder abstained / low confidence HOLD
268,,LANE_B_S2_ba83fee8-5fdd-ffc9-bc56-ddf43d86a4fd_0,ba83fee8-5fdd-ffc9-bc56-ddf43d86a4fd,S2,Clinical records verify that Emergency room admission (procedure) was documented ahead of Emergency hospital admission (procedure).,SUPPORTED,RULE,HOLD,1.0,False,One or both events missing from canonical timeline.
269,,LANE_B_S2_ba83fee8-5fdd-ffc9-bc56-ddf43d86a4fd_0,ba83fee8-5fdd-ffc9-bc56-ddf43d86a4fd,S2,Clinical records verify that Emergency room admission (procedure) was documented in the aftermath of Emergency hospital admission (procedure).,CONTRADICTED,RULE,HOLD,1.0,False,One or both events missing from canonical timeline.
270,,LANE_B_S2_40ed4e1e-a737-adbd-fed7-d4e53e621ff5_1,40ed4e1e-a737-adbd-fed7-d4e53e621ff5,S2,Clinical records verify that NDA020800 0.3 ML Epinephrine 1 MG/ML Auto-Injector was documented in the aftermath of Encounter for problem (procedure).,SUPPORTED,RULE,HOLD,1.0,False,One or both events missing from canonical timeline.
271,,LANE_B_S2_40ed4e1e-a737-adbd-fed7-d4e53e621ff5_1,40ed4e1e-a737-adbd-fed7-d4e53e621ff5,S2,Clinical records verify that NDA020800 0.3 ML Epinephrine 1 MG/ML Auto-Injector was documented ahead of Encounter for problem (procedure).,CONTRADICTED,RULE,HOLD,1.0,False,One or both events missing from canonical timeline.
272,,LANE_B_S2_7844a0cb-c6b6-e5be-f90f-6e7204265460_0,7844a0cb-c6b6-e5be-f90f-6e7204265460,S2,"In the patient's care sequence, Encounter for problem (procedure) is registered as preceding General examination of patient (procedure).",SUPPORTED,RULE,HOLD,1.0,False,One or both events missing from canonical timeline.
273,,LANE_B_S2_7844a0cb-c6b6-e5be-f90f-6e7204265460_0,7844a0cb-c6b6-e5be-f90f-6e7204265460,S2,"In the patient's care sequence, Encounter for problem (procedure) is registered as following General examination of patient (procedure).",CONTRADICTED,ABSTAIN_HOLD,HOLD,0.9724953770637512,False,ContextBind runtime: Binder abstained / low confidence HOLD
274,,LANE_B_S2_fef0f194-2be9-0da1-1681-12e92a04743a_30,fef0f194-2be9-0da1-1681-12e92a04743a,S2,"In the patient's care sequence, Creatinine is registered as preceding Erythrocytes.",SUPPORTED,RULE,HOLD,1.0,False,One or both events missing from canonical timeline.
275,,LANE_B_S2_fef0f194-2be9-0da1-1681-12e92a04743a_30,fef0f194-2be9-0da1-1681-12e92a04743a,S2,"In the patient's care sequence, Creatinine is registered as following Erythrocytes.",CONTRADICTED,ABSTAIN_HOLD,HOLD,0.6476059556007385,False,ContextBind runtime: Binder abstained / low confidence HOLD
276,,LANE_B_S2_5af9cce9-1154-d631-4690-c8a0a5d7a78e_2,5af9cce9-1154-d631-4690-c8a0a5d7a78e,S2,"In the patient's care sequence, General examination of patient (procedure) is registered as preceding Erythrocyte.",SUPPORTED,RULE,HOLD,1.0,False,One or both events missing from canonical timeline.
277,,LANE_B_S2_5af9cce9-1154-d631-4690-c8a0a5d7a78e_2,5af9cce9-1154-d631-4690-c8a0a5d7a78e,S2,"In the patient's care sequence, General examination of patient (procedure) is registered as following Erythrocyte.",CONTRADICTED,ABSTAIN_HOLD,HOLD,0.9980596899986267,False,ContextBind runtime: Binder abstained / low confidence HOLD
278,,LANE_B_S2_c541b57e-7897-95a6-08ce-be65d7c87200_0,c541b57e-7897-95a6-08ce-be65d7c87200,S2,"In the patient's care sequence, Hospital admission (procedure) is registered as preceding Patient encounter procedure (procedure).",SUPPORTED,RULE,HOLD,1.0,False,One or both events missing from canonical timeline.
279,,LANE_B_S2_c541b57e-7897-95a6-08ce-be65d7c87200_0,c541b57e-7897-95a6-08ce-be65d7c87200,S2,"In the patient's care sequence, Hospital admission (procedure) is registered as following Patient encounter procedure (procedure).",CONTRADICTED,ABSTAIN_HOLD,HOLD,0.9800699949264526,False,ContextBind runtime: Binder abstained / low confidence HOLD
280,,LANE_B_S2_5c796bed-9753-7631-6d5f-015435bd00f8_21,5c796bed-9753-7631-6d5f-015435bd00f8,S2,"In the patient's care sequence, Respiratory rate is registered as following Head Occipital-frontal circumference.",SUPPORTED,ABSTAIN_HOLD,HOLD,0.4715843200683594,False,ContextBind runtime: Binder abstained / low confidence HOLD
281,,LANE_B_S2_5c796bed-9753-7631-6d5f-015435bd00f8_21,5c796bed-9753-7631-6d5f-015435bd00f8,S2,"In the patient's care sequence, Respiratory rate is registered as preceding Head Occipital-frontal circumference.",CONTRADICTED,RULE,HOLD,1.0,False,One or both events missing from canonical timeline.
282,,LANE_B_S2_ad590342-4028-13d8-ae78-8f78dea64cd0_0,ad590342-4028-13d8-ae78-8f78dea64cd0,S2,"In the patient's care sequence, Emergency room admission (procedure) is registered as preceding General examination of patient (procedure).",SUPPORTED,RULE,HOLD,1.0,False,One or both events missing from canonical timeline.
283,,LANE_B_S2_ad590342-4028-13d8-ae78-8f78dea64cd0_0,ad590342-4028-13d8-ae78-8f78dea64cd0,S2,"In the patient's care sequence, Emergency room admission (procedure) is registered as following General examination of patient (procedure).",CONTRADICTED,ABSTAIN_HOLD,HOLD,0.9800640344619751,False,ContextBind runtime: Binder abstained / low confidence HOLD
284,,LANE_B_S2_eccad887-86f4-9b7b-57bc-87a22d767904_9,eccad887-86f4-9b7b-57bc-87a22d767904,S2,Longitudinal documentation establishes that Heart rate chronologically succeeded Respiratory rate.,SUPPORTED,ABSTAIN_HOLD,HOLD,0.6655958294868469,False,ContextBind runtime: Binder abstained / low confidence HOLD
285,,LANE_B_S2_eccad887-86f4-9b7b-57bc-87a22d767904_9,eccad887-86f4-9b7b-57bc-87a22d767904,S2,Longitudinal documentation establishes that Heart rate chronologically antedated Respiratory rate.,CONTRADICTED,RULE,HOLD,1.0,False,One or both events missing from canonical timeline.
286,,LANE_B_S2_fe1a1de4-4b84-e7c3-8333-d8d749881238_9,fe1a1de4-4b84-e7c3-8333-d8d749881238,S2,"In the patient's care sequence, Protocol for Responding to and Assessing Patients' Assets, Risks, and Experiences is registered as following Body mass index (BMI).",SUPPORTED,ABSTAIN_HOLD,HOLD,0.8974071145057678,False,ContextBind runtime: Binder abstained / low confidence HOLD
287,,LANE_B_S2_fe1a1de4-4b84-e7c3-8333-d8d749881238_9,fe1a1de4-4b84-e7c3-8333-d8d749881238,S2,"In the patient's care sequence, Protocol for Responding to and Assessing Patients' Assets, Risks, and Experiences is registered as preceding Body mass index (BMI).",CONTRADICTED,RULE,HOLD,1.0,False,One or both events missing from canonical timeline.
288,,LANE_B_S2_cfc1c338-552e-2760-d5f3-1a444ae699dc_1,cfc1c338-552e-2760-d5f3-1a444ae699dc,S2,"According to the encounter timeline, Body Height took place subsequent to the completion of Encounter for problem (procedure).",SUPPORTED,ABSTAIN_HOLD,HOLD,0.9580395817756653,False,ContextBind runtime: Binder abstained / low confidence HOLD
289,,LANE_B_S2_cfc1c338-552e-2760-d5f3-1a444ae699dc_1,cfc1c338-552e-2760-d5f3-1a444ae699dc,S2,"According to the encounter timeline, Body Height took place prior to the start of Encounter for problem (procedure).",CONTRADICTED,ABSTAIN_HOLD,HOLD,0.9989666938781738,False,ContextBind runtime: Binder abstained / low confidence HOLD
290,,LANE_B_S2_9402452a-9844-3976-8890-5ffb7977fb63_9,9402452a-9844-3976-8890-5ffb7977fb63,S2,Longitudinal documentation establishes that Generalized anxiety disorder 7 item (GAD-7) total score chronologically succeeded Well child visit (procedure).,SUPPORTED,ABSTAIN_HOLD,HOLD,0.9267370700836182,False,ContextBind runtime: Binder abstained / low confidence HOLD
291,,LANE_B_S2_9402452a-9844-3976-8890-5ffb7977fb63_9,9402452a-9844-3976-8890-5ffb7977fb63,S2,Longitudinal documentation establishes that Generalized anxiety disorder 7 item (GAD-7) total score chronologically antedated Well child visit (procedure).,CONTRADICTED,RULE,HOLD,1.0,False,One or both events missing from canonical timeline.
292,,LANE_B_S2_3bc26d88-36b8-3324-338b-818a94708f62_0,3bc26d88-36b8-3324-338b-818a94708f62,S2,Clinical records verify that Encounter for problem (procedure) was documented ahead of Well child visit (procedure).,SUPPORTED,RULE,HOLD,1.0,False,One or both events missing from canonical timeline.
293,,LANE_B_S2_3bc26d88-36b8-3324-338b-818a94708f62_0,3bc26d88-36b8-3324-338b-818a94708f62,S2,Clinical records verify that Encounter for problem (procedure) was documented in the aftermath of Well child visit (procedure).,CONTRADICTED,RULE,HOLD,1.0,False,One or both events missing from canonical timeline.
294,,LANE_B_S2_5bcd5e67-bda9-dae7-b1e0-20f210c83983_0,5bcd5e67-bda9-dae7-b1e0-20f210c83983,S2,"According to the encounter timeline, Encounter for symptom (procedure) took place prior to the start of Prenatal visit (regime/therapy).",SUPPORTED,ABSTAIN_HOLD,HOLD,0.9725160002708435,False,ContextBind runtime: Binder abstained / low confidence HOLD
295,,LANE_B_S2_5bcd5e67-bda9-dae7-b1e0-20f210c83983_0,5bcd5e67-bda9-dae7-b1e0-20f210c83983,S2,"According to the encounter timeline, Encounter for symptom (procedure) took place subsequent to the completion of Prenatal visit (regime/therapy).",CONTRADICTED,ABSTAIN_HOLD,HOLD,0.7950916886329651,False,ContextBind runtime: Binder abstained / low confidence HOLD
296,,LANE_B_S2_917c780c-1887-086c-c379-e894e52e7e24_0,917c780c-1887-086c-c379-e894e52e7e24,S2,Clinical records verify that General examination of patient (procedure) was documented ahead of Encounter for problem (procedure).,SUPPORTED,RULE,HOLD,1.0,False,One or both events missing from canonical timeline.
297,,LANE_B_S2_917c780c-1887-086c-c379-e894e52e7e24_0,917c780c-1887-086c-c379-e894e52e7e24,S2,Clinical records verify that General examination of patient (procedure) was documented in the aftermath of Encounter for problem (procedure).,CONTRADICTED,RULE,HOLD,1.0,False,One or both events missing from canonical timeline.
298,,LANE_B_S2_a60527a8-a633-c3aa-1265-06491490c6d2_1,a60527a8-a633-c3aa-1265-06491490c6d2,S2,Clinical records verify that Consultation for treatment (procedure) was documented in the aftermath of General examination of patient (procedure).,SUPPORTED,RULE,HOLD,1.0,False,One or both events missing from canonical timeline.
299,,LANE_B_S2_a60527a8-a633-c3aa-1265-06491490c6d2_1,a60527a8-a633-c3aa-1265-06491490c6d2,S2,Clinical records verify that Consultation for treatment (procedure) was documented ahead of General examination of patient (procedure).,CONTRADICTED,RULE,HOLD,1.0,False,One or both events missing from canonical timeline.
300,,LANE_B_S2_24dfac59-b3a5-e66c-b21d-3be7e4dffd14_2,24dfac59-b3a5-e66c-b21d-3be7e4dffd14,S2,Clinical records verify that General examination of patient (procedure) was documented ahead of Emergency room admission (procedure).,SUPPORTED,RULE,HOLD,1.0,False,One or both events missing from canonical timeline.
301,,LANE_B_S2_24dfac59-b3a5-e66c-b21d-3be7e4dffd14_2,24dfac59-b3a5-e66c-b21d-3be7e4dffd14,S2,Clinical records verify that General examination of patient (procedure) was documented in the aftermath of Emergency room admission (procedure).,CONTRADICTED,RULE,HOLD,1.0,False,One or both events missing from canonical timeline.
302,,LANE_B_S2_91dd1e88-63f5-bd78-7ed8-64e74ed9da56_0,91dd1e88-63f5-bd78-7ed8-64e74ed9da56,S2,"According to the encounter timeline, Encounter for symptom (procedure) took place prior to the start of General examination of patient (procedure).",SUPPORTED,ABSTAIN_HOLD,HOLD,0.9965423941612244,False,ContextBind runtime: Binder abstained / low confidence HOLD
303,,LANE_B_S2_91dd1e88-63f5-bd78-7ed8-64e74ed9da56_0,91dd1e88-63f5-bd78-7ed8-64e74ed9da56,S2,"According to the encounter timeline, Encounter for symptom (procedure) took place subsequent to the completion of General examination of patient (procedure).",CONTRADICTED,ABSTAIN_HOLD,HOLD,0.5816421508789062,False,ContextBind runtime: Binder abstained / low confidence HOLD
304,,LANE_B_S2_8b05f607-c2f9-f077-6b4e-8fba65529191_0,8b05f607-c2f9-f077-6b4e-8fba65529191,S2,Longitudinal documentation establishes that Well child visit (procedure) chronologically antedated Respiratory rate.,SUPPORTED,RULE,HOLD,1.0,False,One or both events missing from canonical timeline.
305,,LANE_B_S2_8b05f607-c2f9-f077-6b4e-8fba65529191_0,8b05f607-c2f9-f077-6b4e-8fba65529191,S2,Longitudinal documentation establishes that Well child visit (procedure) chronologically succeeded Respiratory rate.,CONTRADICTED,ABSTAIN_HOLD,HOLD,0.7728104591369629,False,ContextBind runtime: Binder abstained / low confidence HOLD
306,,LANE_B_S2_4b3b9763-9460-4f3c-baae-e9d31620da19_0,4b3b9763-9460-4f3c-baae-e9d31620da19,S2,"In the patient's care sequence, Encounter for problem (procedure) is registered as preceding General examination of patient (procedure).",SUPPORTED,RULE,HOLD,1.0,False,One or both events missing from canonical timeline.
307,,LANE_B_S2_4b3b9763-9460-4f3c-baae-e9d31620da19_0,4b3b9763-9460-4f3c-baae-e9d31620da19,S2,"In the patient's care sequence, Encounter for problem (procedure) is registered as following General examination of patient (procedure).",CONTRADICTED,ABSTAIN_HOLD,HOLD,0.9724953770637512,False,ContextBind runtime: Binder abstained / low confidence HOLD
308,,LANE_B_S2_df48bca3-712f-8a5d-7950-29022f3020b1_0,df48bca3-712f-8a5d-7950-29022f3020b1,S2,"According to the encounter timeline, General examination of patient (procedure) took place prior to the start of Initial psychiatric interview with mental status and evaluation (procedure).",SUPPORTED,ABSTAIN_HOLD,HOLD,0.9908906817436218,False,ContextBind runtime: Binder abstained / low confidence HOLD
309,,LANE_B_S2_df48bca3-712f-8a5d-7950-29022f3020b1_0,df48bca3-712f-8a5d-7950-29022f3020b1,S2,"According to the encounter timeline, General examination of patient (procedure) took place subsequent to the completion of Initial psychiatric interview with mental status and evaluation (procedure).",CONTRADICTED,ABSTAIN_HOLD,HOLD,0.56071537733078,False,ContextBind runtime: Binder abstained / low confidence HOLD
310,,LANE_B_S2_1b0bd248-5cc5-9115-9ed5-055d1fbb8724_21,1b0bd248-5cc5-9115-9ed5-055d1fbb8724,S2,"According to the encounter timeline, Pain severity - 0-10 verbal numeric rating took place subsequent to the completion of Platelets.",SUPPORTED,ABSTAIN_HOLD,HOLD,0.44961854815483093,False,ContextBind runtime: Binder abstained / low confidence HOLD
311,,LANE_B_S2_1b0bd248-5cc5-9115-9ed5-055d1fbb8724_21,1b0bd248-5cc5-9115-9ed5-055d1fbb8724,S2,"According to the encounter timeline, Pain severity - 0-10 verbal numeric rating took place prior to the start of Platelets.",CONTRADICTED,ABSTAIN_HOLD,HOLD,0.9744744300842285,False,ContextBind runtime: Binder abstained / low confidence HOLD
312,,LANE_B_S2_512b9943-2b91-1422-a94f-f2f4728d2526_0,512b9943-2b91-1422-a94f-f2f4728d2526,S2,Longitudinal documentation establishes that Encounter for symptom (procedure) chronologically antedated General examination of patient (procedure).,SUPPORTED,RULE,HOLD,1.0,False,One or both events missing from canonical timeline.
313,,LANE_B_S2_512b9943-2b91-1422-a94f-f2f4728d2526_0,512b9943-2b91-1422-a94f-f2f4728d2526,S2,Longitudinal documentation establishes that Encounter for symptom (procedure) chronologically succeeded General examination of patient (procedure).,CONTRADICTED,ABSTAIN_HOLD,HOLD,0.6134060621261597,False,ContextBind runtime: Binder abstained / low confidence HOLD
314,,LANE_B_S2_7e97f6bb-c5c2-2fba-e27c-df1eb1aff0de_0,7e97f6bb-c5c2-2fba-e27c-df1eb1aff0de,S2,"In the patient's care sequence, Encounter for problem (procedure) is registered as preceding Encounter for symptom (procedure).",SUPPORTED,RULE,HOLD,1.0,False,One or both events missing from canonical timeline.
315,,LANE_B_S2_7e97f6bb-c5c2-2fba-e27c-df1eb1aff0de_0,7e97f6bb-c5c2-2fba-e27c-df1eb1aff0de,S2,"In the patient's care sequence, Encounter for problem (procedure) is registered as following Encounter for symptom (procedure).",CONTRADICTED,ABSTAIN_HOLD,HOLD,0.9816117882728577,False,ContextBind runtime: Binder abstained / low confidence HOLD
316,,LANE_B_S2_d40ee66f-e7ae-5a99-24e8-319f56496e8f_0,d40ee66f-e7ae-5a99-24e8-319f56496e8f,S2,"According to the encounter timeline, Follow-up encounter (procedure) took place prior to the start of Encounter for check up (procedure).",SUPPORTED,ABSTAIN_HOLD,HOLD,0.9885109663009644,False,ContextBind runtime: Binder abstained / low confidence HOLD
317,,LANE_B_S2_d40ee66f-e7ae-5a99-24e8-319f56496e8f_0,d40ee66f-e7ae-5a99-24e8-319f56496e8f,S2,"According to the encounter timeline, Follow-up encounter (procedure) took place subsequent to the completion of Encounter for check up (procedure).",CONTRADICTED,ABSTAIN_HOLD,HOLD,0.49372193217277527,False,ContextBind runtime: Binder abstained / low confidence HOLD
318,,LANE_B_S2_44faa1af-0405-53c0-cbb2-b66735aaea13_9,44faa1af-0405-53c0-cbb2-b66735aaea13,S2,"In the patient's care sequence, Encounter for symptom (procedure) is registered as following Well child visit (procedure).",SUPPORTED,ABSTAIN_HOLD,HOLD,0.9842703938484192,False,ContextBind runtime: Binder abstained / low confidence HOLD
319,,LANE_B_S2_44faa1af-0405-53c0-cbb2-b66735aaea13_9,44faa1af-0405-53c0-cbb2-b66735aaea13,S2,"In the patient's care sequence, Encounter for symptom (procedure) is registered as preceding Well child visit (procedure).",CONTRADICTED,RULE,HOLD,1.0,False,One or both events missing from canonical timeline.
320,,LANE_B_S2_2373b983-ecae-825f-72f8-c06bd53df4f0_0,2373b983-ecae-825f-72f8-c06bd53df4f0,S2,"In the patient's care sequence, General examination of patient (procedure) is registered as preceding Prenatal visit (regime/therapy).",SUPPORTED,RULE,HOLD,1.0,False,One or both events missing from canonical timeline.
321,,LANE_B_S2_2373b983-ecae-825f-72f8-c06bd53df4f0_0,2373b983-ecae-825f-72f8-c06bd53df4f0,S2,"In the patient's care sequence, General examination of patient (procedure) is registered as following Prenatal visit (regime/therapy).",CONTRADICTED,ABSTAIN_HOLD,HOLD,0.9319900870323181,False,ContextBind runtime: Binder abstained / low confidence HOLD
322,,LANE_B_S2_ede324e1-b681-cfc8-c782-80fdafe96cb5_0,ede324e1-b681-cfc8-c782-80fdafe96cb5,S2,Longitudinal documentation establishes that Encounter for symptom (procedure) chronologically antedated General examination of patient (procedure).,SUPPORTED,RULE,HOLD,1.0,False,One or both events missing from canonical timeline.
323,,LANE_B_S2_ede324e1-b681-cfc8-c782-80fdafe96cb5_0,ede324e1-b681-cfc8-c782-80fdafe96cb5,S2,Longitudinal documentation establishes that Encounter for symptom (procedure) chronologically succeeded General examination of patient (procedure).,CONTRADICTED,ABSTAIN_HOLD,HOLD,0.6134060621261597,False,ContextBind runtime: Binder abstained / low confidence HOLD
324,,LANE_B_S2_39e09b72-4ec8-2fa9-d851-c616676f07bc_1,39e09b72-4ec8-2fa9-d851-c616676f07bc,S2,"According to the encounter timeline, Encounter for problem (procedure) took place subsequent to the completion of Encounter for symptom (procedure).",SUPPORTED,ABSTAIN_HOLD,HOLD,0.5485056638717651,False,ContextBind runtime: Binder abstained / low confidence HOLD
325,,LANE_B_S2_39e09b72-4ec8-2fa9-d851-c616676f07bc_1,39e09b72-4ec8-2fa9-d851-c616676f07bc,S2,"According to the encounter timeline, Encounter for problem (procedure) took place prior to the start of Encounter for symptom (procedure).",CONTRADICTED,ABSTAIN_HOLD,HOLD,0.9925451874732971,False,ContextBind runtime: Binder abstained / low confidence HOLD
326,,LANE_B_S2_c3838789-e8ab-3fdd-758d-73ab21566d02_21,c3838789-e8ab-3fdd-758d-73ab21566d02,S2,Longitudinal documentation establishes that Tobacco smoking status chronologically succeeded Head Occipital-frontal circumference Percentile.,SUPPORTED,ABSTAIN_HOLD,HOLD,0.5527857542037964,False,ContextBind runtime: Binder abstained / low confidence HOLD
327,,LANE_B_S2_c3838789-e8ab-3fdd-758d-73ab21566d02_21,c3838789-e8ab-3fdd-758d-73ab21566d02,S2,Longitudinal documentation establishes that Tobacco smoking status chronologically antedated Head Occipital-frontal circumference Percentile.,CONTRADICTED,RULE,HOLD,1.0,False,One or both events missing from canonical timeline.
328,,LANE_B_S2_b4606b7d-d84c-f48f-17bb-1722f7086f4e_2,b4606b7d-d84c-f48f-17bb-1722f7086f4e,S2,"In the patient's care sequence, General examination of patient (procedure) is registered as preceding Encounter for problem (procedure).",SUPPORTED,RULE,HOLD,1.0,False,One or both events missing from canonical timeline.
329,,LANE_B_S2_b4606b7d-d84c-f48f-17bb-1722f7086f4e_2,b4606b7d-d84c-f48f-17bb-1722f7086f4e,S2,"In the patient's care sequence, General examination of patient (procedure) is registered as following Encounter for problem (procedure).",CONTRADICTED,ABSTAIN_HOLD,HOLD,0.9736399054527283,False,ContextBind runtime: Binder abstained / low confidence HOLD
330,,LANE_B_S2_6defb8a8-3b3c-72e6-9836-66ff76a4e5e8_2,6defb8a8-3b3c-72e6-9836-66ff76a4e5e8,S2,Clinical records verify that General examination of patient (procedure) was documented ahead of {7 (ethinyl estradiol 0.035 MG / norgestimate 0.18 MG Oral Tablet) / 7 (ethinyl estradiol 0.035 MG / norgestimate 0.215 MG Oral Tablet) / 7 (ethinyl estradiol 0.035 MG / norgestimate 0.25 MG Oral Tablet) / 7 (inert ingredients 1 MG Oral Tablet) } Pack.,SUPPORTED,RULE,HOLD,1.0,False,One or both events missing from canonical timeline.
331,,LANE_B_S2_6defb8a8-3b3c-72e6-9836-66ff76a4e5e8_2,6defb8a8-3b3c-72e6-9836-66ff76a4e5e8,S2,Clinical records verify that General examination of patient (procedure) was documented in the aftermath of {7 (ethinyl estradiol 0.035 MG / norgestimate 0.18 MG Oral Tablet) / 7 (ethinyl estradiol 0.035 MG / norgestimate 0.215 MG Oral Tablet) / 7 (ethinyl estradiol 0.035 MG / norgestimate 0.25 MG Oral Tablet) / 7 (inert ingredients 1 MG Oral Tablet) } Pack.,CONTRADICTED,RULE,HOLD,1.0,False,One or both events missing from canonical timeline.
332,,LANE_B_S2_07674c27-515e-ac72-e31a-6fc01d48e604_0,07674c27-515e-ac72-e31a-6fc01d48e604,S2,"In the patient's care sequence, Encounter for symptom (procedure) is registered as preceding General examination of patient (procedure).",SUPPORTED,RULE,HOLD,1.0,False,One or both events missing from canonical timeline.
333,,LANE_B_S2_07674c27-515e-ac72-e31a-6fc01d48e604_0,07674c27-515e-ac72-e31a-6fc01d48e604,S2,"In the patient's care sequence, Encounter for symptom (procedure) is registered as following General examination of patient (procedure).",CONTRADICTED,ABSTAIN_HOLD,HOLD,0.9561018347740173,False,ContextBind runtime: Binder abstained / low confidence HOLD
334,,LANE_B_S2_431f5d59-bc65-6c92-5f20-ae66027056ed_2,431f5d59-bc65-6c92-5f20-ae66027056ed,S2,Longitudinal documentation establishes that General examination of patient (procedure) chronologically antedated Platelet.,SUPPORTED,RULE,HOLD,1.0,False,One or both events missing from canonical timeline.
335,,LANE_B_S2_431f5d59-bc65-6c92-5f20-ae66027056ed_2,431f5d59-bc65-6c92-5f20-ae66027056ed,S2,Longitudinal documentation establishes that General examination of patient (procedure) chronologically succeeded Platelet.,CONTRADICTED,ABSTAIN_HOLD,HOLD,0.7594214677810669,False,ContextBind runtime: Binder abstained / low confidence HOLD
336,,LANE_B_S2_516f54f0-6c01-e710-8f26-29a1d28f05cd_1,516f54f0-6c01-e710-8f26-29a1d28f05cd,S2,Longitudinal documentation establishes that Encounter for check up (procedure) chronologically succeeded General examination of patient (procedure).,SUPPORTED,ABSTAIN_HOLD,HOLD,0.5425596833229065,False,ContextBind runtime: Binder abstained / low confidence HOLD
337,,LANE_B_S2_516f54f0-6c01-e710-8f26-29a1d28f05cd_1,516f54f0-6c01-e710-8f26-29a1d28f05cd,S2,Longitudinal documentation establishes that Encounter for check up (procedure) chronologically antedated General examination of patient (procedure).,CONTRADICTED,RULE,HOLD,1.0,False,One or both events missing from canonical timeline.
338,,LANE_B_S2_0309c183-6f42-b350-0eda-b89936e92eda_21,0309c183-6f42-b350-0eda-b89936e92eda,S2,"According to the encounter timeline, Head Occipital-frontal circumference took place subsequent to the completion of Respiratory rate.",SUPPORTED,ABSTAIN_HOLD,HOLD,0.48914939165115356,False,ContextBind runtime: Binder abstained / low confidence HOLD
339,,LANE_B_S2_0309c183-6f42-b350-0eda-b89936e92eda_21,0309c183-6f42-b350-0eda-b89936e92eda,S2,"According to the encounter timeline, Head Occipital-frontal circumference took place prior to the start of Respiratory rate.",CONTRADICTED,ABSTAIN_HOLD,HOLD,0.925097644329071,False,ContextBind runtime: Binder abstained / low confidence HOLD
340,,LANE_B_S2_32b79933-e83c-add0-48f0-dd875f072ea2_0,32b79933-e83c-add0-48f0-dd875f072ea2,S2,Clinical records verify that Encounter for symptom (procedure) was documented ahead of Urgent care clinic (environment).,SUPPORTED,RULE,HOLD,1.0,False,One or both events missing from canonical timeline.
341,,LANE_B_S2_32b79933-e83c-add0-48f0-dd875f072ea2_0,32b79933-e83c-add0-48f0-dd875f072ea2,S2,Clinical records verify that Encounter for symptom (procedure) was documented in the aftermath of Urgent care clinic (environment).,CONTRADICTED,RULE,HOLD,1.0,False,One or both events missing from canonical timeline.
342,,LANE_B_S2_239d6a91-81fa-dcc6-4dfe-d09be55e0a36_1,239d6a91-81fa-dcc6-4dfe-d09be55e0a36,S2,"According to the encounter timeline, Well child visit (procedure) took place subsequent to the completion of Consultation for treatment (procedure).",SUPPORTED,ABSTAIN_HOLD,HOLD,0.5402354598045349,False,ContextBind runtime: Binder abstained / low confidence HOLD
343,,LANE_B_S2_239d6a91-81fa-dcc6-4dfe-d09be55e0a36_1,239d6a91-81fa-dcc6-4dfe-d09be55e0a36,S2,"According to the encounter timeline, Well child visit (procedure) took place prior to the start of Consultation for treatment (procedure).",CONTRADICTED,ABSTAIN_HOLD,HOLD,0.9962196946144104,False,ContextBind runtime: Binder abstained / low confidence HOLD
344,,LANE_B_S2_6cb35e20-a561-110f-d5ee-a4dab543167e_1,6cb35e20-a561-110f-d5ee-a4dab543167e,S2,"According to the encounter timeline, Encounter for problem (procedure) took place subsequent to the completion of Chlorpheniramine Maleate 2 MG/ML Oral Solution.",SUPPORTED,ABSTAIN_HOLD,HOLD,0.6070085167884827,False,ContextBind runtime: Binder abstained / low confidence HOLD
345,,LANE_B_S2_6cb35e20-a561-110f-d5ee-a4dab543167e_1,6cb35e20-a561-110f-d5ee-a4dab543167e,S2,"According to the encounter timeline, Encounter for problem (procedure) took place prior to the start of Chlorpheniramine Maleate 2 MG/ML Oral Solution.",CONTRADICTED,ABSTAIN_HOLD,HOLD,0.9887597560882568,False,ContextBind runtime: Binder abstained / low confidence HOLD
346,,LANE_B_S2_8baac7dc-bb36-bdb1-c30c-d39e3a19ab71_0,8baac7dc-bb36-bdb1-c30c-d39e3a19ab71,S2,"In the patient's care sequence, Encounter for problem (procedure) is registered as preceding NDA020800 0.3 ML Epinephrine 1 MG/ML Auto-Injector.",SUPPORTED,RULE,HOLD,1.0,False,One or both events missing from canonical timeline.
347,,LANE_B_S2_8baac7dc-bb36-bdb1-c30c-d39e3a19ab71_0,8baac7dc-bb36-bdb1-c30c-d39e3a19ab71,S2,"In the patient's care sequence, Encounter for problem (procedure) is registered as following NDA020800 0.3 ML Epinephrine 1 MG/ML Auto-Injector.",CONTRADICTED,ABSTAIN_HOLD,HOLD,0.9174365997314453,False,ContextBind runtime: Binder abstained / low confidence HOLD
348,,LANE_B_S2_0caf9d3d-5cc1-daac-b735-9cac1430b820_1,0caf9d3d-5cc1-daac-b735-9cac1430b820,S2,"In the patient's care sequence, NDA020800 0.3 ML Epinephrine 1 MG/ML Auto-Injector is registered as following Encounter for problem (procedure).",SUPPORTED,ABSTAIN_HOLD,HOLD,0.89079350233078,False,ContextBind runtime: Binder abstained / low confidence HOLD
349,,LANE_B_S2_0caf9d3d-5cc1-daac-b735-9cac1430b820_1,0caf9d3d-5cc1-daac-b735-9cac1430b820,S2,"In the patient's care sequence, NDA020800 0.3 ML Epinephrine 1 MG/ML Auto-Injector is registered as preceding Encounter for problem (procedure).",CONTRADICTED,RULE,HOLD,1.0,False,One or both events missing from canonical timeline.
350,,LANE_B_S2_df3584c7-131d-e0e5-61a9-cac58e73f813_0,df3584c7-131d-e0e5-61a9-cac58e73f813,S2,"In the patient's care sequence, Well child visit (procedure) is registered as preceding Pain severity - 0-10 verbal numeric rating.",SUPPORTED,RULE,HOLD,1.0,False,One or both events missing from canonical timeline.
351,,LANE_B_S2_df3584c7-131d-e0e5-61a9-cac58e73f813_0,df3584c7-131d-e0e5-61a9-cac58e73f813,S2,"In the patient's care sequence, Well child visit (procedure) is registered as following Pain severity - 0-10 verbal numeric rating.",CONTRADICTED,ABSTAIN_HOLD,HOLD,0.9690467119216919,False,ContextBind runtime: Binder abstained / low confidence HOLD
352,,LANE_B_S2_6aab5c5e-3a2f-fea1-ca8d-5586ecaee400_2,6aab5c5e-3a2f-fea1-ca8d-5586ecaee400,S2,"According to the encounter timeline, General examination of patient (procedure) took place prior to the start of Encounter for problem (procedure).",SUPPORTED,ABSTAIN_HOLD,HOLD,0.9966247081756592,False,ContextBind runtime: Binder abstained / low confidence HOLD
353,,LANE_B_S2_6aab5c5e-3a2f-fea1-ca8d-5586ecaee400_2,6aab5c5e-3a2f-fea1-ca8d-5586ecaee400,S2,"According to the encounter timeline, General examination of patient (procedure) took place subsequent to the completion of Encounter for problem (procedure).",CONTRADICTED,ABSTAIN_HOLD,HOLD,0.604246199131012,False,ContextBind runtime: Binder abstained / low confidence HOLD
354,,LANE_B_S2_6140b15d-270f-0abb-8532-2a9ccff32dc1_4,6140b15d-270f-0abb-8532-2a9ccff32dc1,S2,"According to the encounter timeline, General examination of patient (procedure) took place prior to the start of Nitroglycerin 0.4 MG/ACTUAT Mucosal Spray.",SUPPORTED,ABSTAIN_HOLD,HOLD,0.9949354529380798,False,ContextBind runtime: Binder abstained / low confidence HOLD
355,,LANE_B_S2_6140b15d-270f-0abb-8532-2a9ccff32dc1_4,6140b15d-270f-0abb-8532-2a9ccff32dc1,S2,"According to the encounter timeline, General examination of patient (procedure) took place subsequent to the completion of Nitroglycerin 0.4 MG/ACTUAT Mucosal Spray.",CONTRADICTED,ABSTAIN_HOLD,HOLD,0.5715619325637817,False,ContextBind runtime: Binder abstained / low confidence HOLD
356,,LANE_B_S2_1ca1c903-f474-d565-c500-56b2ceee443b_1,1ca1c903-f474-d565-c500-56b2ceee443b,S2,Longitudinal documentation establishes that Chlorpheniramine Maleate 2 MG/ML Oral Solution chronologically succeeded Encounter for problem (procedure).,SUPPORTED,ABSTAIN_HOLD,HOLD,0.8465673327445984,False,ContextBind runtime: Binder abstained / low confidence HOLD
357,,LANE_B_S2_1ca1c903-f474-d565-c500-56b2ceee443b_1,1ca1c903-f474-d565-c500-56b2ceee443b,S2,Longitudinal documentation establishes that Chlorpheniramine Maleate 2 MG/ML Oral Solution chronologically antedated Encounter for problem (procedure).,CONTRADICTED,RULE,HOLD,1.0,False,One or both events missing from canonical timeline.
358,,LANE_B_S2_a773f62b-4ac4-fd0d-e7c7-186f095d78ce_3,a773f62b-4ac4-fd0d-e7c7-186f095d78ce,S2,Longitudinal documentation establishes that Emergency room admission (procedure) chronologically succeeded General examination of patient (procedure).,SUPPORTED,ABSTAIN_HOLD,HOLD,0.6837372183799744,False,ContextBind runtime: Binder abstained / low confidence HOLD
359,,LANE_B_S2_a773f62b-4ac4-fd0d-e7c7-186f095d78ce_3,a773f62b-4ac4-fd0d-e7c7-186f095d78ce,S2,Longitudinal documentation establishes that Emergency room admission (procedure) chronologically antedated General examination of patient (procedure).,CONTRADICTED,RULE,HOLD,1.0,False,One or both events missing from canonical timeline.
360,,LANE_B_S2_442bf80e-f176-bec8-5352-5d58b4548a8b_21,442bf80e-f176-bec8-5352-5d58b4548a8b,S2,"In the patient's care sequence, Body Height is registered as following Platelets.",SUPPORTED,ABSTAIN_HOLD,HOLD,0.7161998152732849,False,ContextBind runtime: Binder abstained / low confidence HOLD
361,,LANE_B_S2_442bf80e-f176-bec8-5352-5d58b4548a8b_21,442bf80e-f176-bec8-5352-5d58b4548a8b,S2,"In the patient's care sequence, Body Height is registered as preceding Platelets.",CONTRADICTED,RULE,HOLD,1.0,False,One or both events missing from canonical timeline.
362,,LANE_B_S2_82532b80-f91c-6d28-1407-401f4fe12f2d_10,82532b80-f91c-6d28-1407-401f4fe12f2d,S2,Clinical records verify that Body Height was documented ahead of Encounter for check up (procedure).,SUPPORTED,RULE,HOLD,1.0,False,One or both events missing from canonical timeline.
363,,LANE_B_S2_82532b80-f91c-6d28-1407-401f4fe12f2d_10,82532b80-f91c-6d28-1407-401f4fe12f2d,S2,Clinical records verify that Body Height was documented in the aftermath of Encounter for check up (procedure).,CONTRADICTED,RULE,HOLD,1.0,False,One or both events missing from canonical timeline.
364,,LANE_B_S2_50200931-3736-e446-8c5c-33e9f34f4fc8_1,50200931-3736-e446-8c5c-33e9f34f4fc8,S2,"In the patient's care sequence, Encounter for problem (procedure) is registered as following General examination of patient (procedure).",SUPPORTED,ABSTAIN_HOLD,HOLD,0.9724953770637512,False,ContextBind runtime: Binder abstained / low confidence HOLD
365,,LANE_B_S2_50200931-3736-e446-8c5c-33e9f34f4fc8_1,50200931-3736-e446-8c5c-33e9f34f4fc8,S2,"In the patient's care sequence, Encounter for problem (procedure) is registered as preceding General examination of patient (procedure).",CONTRADICTED,RULE,HOLD,1.0,False,One or both events missing from canonical timeline.
366,,LANE_B_S2_495faddd-1f4a-156a-2dde-ff5fe196f1d5_0,495faddd-1f4a-156a-2dde-ff5fe196f1d5,S2,"In the patient's care sequence, General examination of patient (procedure) is registered as preceding Tobacco smoking status.",SUPPORTED,RULE,HOLD,1.0,False,One or both events missing from canonical timeline.
367,,LANE_B_S2_495faddd-1f4a-156a-2dde-ff5fe196f1d5_0,495faddd-1f4a-156a-2dde-ff5fe196f1d5,S2,"In the patient's care sequence, General examination of patient (procedure) is registered as following Tobacco smoking status.",CONTRADICTED,ABSTAIN_HOLD,HOLD,0.9963153004646301,False,ContextBind runtime: Binder abstained / low confidence HOLD
368,,LANE_B_S2_ae6f9562-f1dc-7d15-80cc-de93adab52c2_0,ae6f9562-f1dc-7d15-80cc-de93adab52c2,S2,Longitudinal documentation establishes that General examination of patient (procedure) chronologically antedated Encounter for problem (procedure).,SUPPORTED,RULE,HOLD,1.0,False,One or both events missing from canonical timeline.
369,,LANE_B_S2_ae6f9562-f1dc-7d15-80cc-de93adab52c2_0,ae6f9562-f1dc-7d15-80cc-de93adab52c2,S2,Longitudinal documentation establishes that General examination of patient (procedure) chronologically succeeded Encounter for problem (procedure).,CONTRADICTED,ABSTAIN_HOLD,HOLD,0.8130289912223816,False,ContextBind runtime: Binder abstained / low confidence HOLD
370,,LANE_B_S2_76f0cad3-a4f4-a8b1-6588-1e227bb208bc_0,76f0cad3-a4f4-a8b1-6588-1e227bb208bc,S2,"According to the encounter timeline, Well child visit (procedure) took place prior to the start of Leukocytes.",SUPPORTED,ABSTAIN_HOLD,HOLD,0.9987103939056396,False,ContextBind runtime: Binder abstained / low confidence HOLD
371,,LANE_B_S2_76f0cad3-a4f4-a8b1-6588-1e227bb208bc_0,76f0cad3-a4f4-a8b1-6588-1e227bb208bc,S2,"According to the encounter timeline, Well child visit (procedure) took place subsequent to the completion of Leukocytes.",CONTRADICTED,ABSTAIN_HOLD,HOLD,0.7322794198989868,False,ContextBind runtime: Binder abstained / low confidence HOLD
372,,LANE_B_S2_2387bba1-05ed-f40d-09aa-f583680f5905_0,2387bba1-05ed-f40d-09aa-f583680f5905,S2,"In the patient's care sequence, General examination of patient (procedure) is registered as preceding Encounter for symptom (procedure).",SUPPORTED,RULE,HOLD,1.0,False,One or both events missing from canonical timeline.
373,,LANE_B_S2_2387bba1-05ed-f40d-09aa-f583680f5905_0,2387bba1-05ed-f40d-09aa-f583680f5905,S2,"In the patient's care sequence, General examination of patient (procedure) is registered as following Encounter for symptom (procedure).",CONTRADICTED,ABSTAIN_HOLD,HOLD,0.9784956574440002,False,ContextBind runtime: Binder abstained / low confidence HOLD
374,,LANE_B_S2_9262df93-c890-8be1-d503-599c234d8755_0,9262df93-c890-8be1-d503-599c234d8755,S2,Clinical records verify that Well child visit (procedure) was documented ahead of Blood pressure panel with all children optional.,SUPPORTED,RULE,HOLD,1.0,False,One or both events missing from canonical timeline.
375,,LANE_B_S2_9262df93-c890-8be1-d503-599c234d8755_0,9262df93-c890-8be1-d503-599c234d8755,S2,Clinical records verify that Well child visit (procedure) was documented in the aftermath of Blood pressure panel with all children optional.,CONTRADICTED,RULE,HOLD,1.0,False,One or both events missing from canonical timeline.
376,,LANE_B_S2_d87916d9-60bb-3afa-994b-8a429634a4f6_2,d87916d9-60bb-3afa-994b-8a429634a4f6,S2,"According to the encounter timeline, General examination of patient (procedure) took place prior to the start of Encounter for problem (procedure).",SUPPORTED,ABSTAIN_HOLD,HOLD,0.9966247081756592,False,ContextBind runtime: Binder abstained / low confidence HOLD
377,,LANE_B_S2_d87916d9-60bb-3afa-994b-8a429634a4f6_2,d87916d9-60bb-3afa-994b-8a429634a4f6,S2,"According to the encounter timeline, General examination of patient (procedure) took place subsequent to the completion of Encounter for problem (procedure).",CONTRADICTED,ABSTAIN_HOLD,HOLD,0.604246199131012,False,ContextBind runtime: Binder abstained / low confidence HOLD
378,,LANE_B_S2_aef30b80-a6fe-a817-4b71-19687c6e3fd6_2,aef30b80-a6fe-a817-4b71-19687c6e3fd6,S2,Clinical records verify that General examination of patient (procedure) was documented ahead of Encounter for check up (procedure).,SUPPORTED,RULE,HOLD,1.0,False,One or both events missing from canonical timeline.
379,,LANE_B_S2_aef30b80-a6fe-a817-4b71-19687c6e3fd6_2,aef30b80-a6fe-a817-4b71-19687c6e3fd6,S2,Clinical records verify that General examination of patient (procedure) was documented in the aftermath of Encounter for check up (procedure).,CONTRADICTED,RULE,HOLD,1.0,False,One or both events missing from canonical timeline.
380,,LANE_B_S2_dd646cc9-85af-3a42-2e1b-098e44ba970e_0,dd646cc9-85af-3a42-2e1b-098e44ba970e,S2,Clinical records verify that General examination of patient (procedure) was documented ahead of Encounter for problem (procedure).,SUPPORTED,RULE,HOLD,1.0,False,One or both events missing from canonical timeline.
381,,LANE_B_S2_dd646cc9-85af-3a42-2e1b-098e44ba970e_0,dd646cc9-85af-3a42-2e1b-098e44ba970e,S2,Clinical records verify that General examination of patient (procedure) was documented in the aftermath of Encounter for problem (procedure).,CONTRADICTED,RULE,HOLD,1.0,False,One or both events missing from canonical timeline.
382,,LANE_B_S2_6a06d359-dfc7-2c49-0b75-9cb3921b6f61_1,6a06d359-dfc7-2c49-0b75-9cb3921b6f61,S2,"According to the encounter timeline, Encounter for problem (procedure) took place subsequent to the completion of General examination of patient (procedure).",SUPPORTED,ABSTAIN_HOLD,HOLD,0.5086254477500916,False,ContextBind runtime: Binder abstained / low confidence HOLD
383,,LANE_B_S2_6a06d359-dfc7-2c49-0b75-9cb3921b6f61_1,6a06d359-dfc7-2c49-0b75-9cb3921b6f61,S2,"According to the encounter timeline, Encounter for problem (procedure) took place prior to the start of General examination of patient (procedure).",CONTRADICTED,ABSTAIN_HOLD,HOLD,0.9949060678482056,False,ContextBind runtime: Binder abstained / low confidence HOLD
384,,LANE_B_S2_0ac7e0a5-049a-213e-b741-2533dc439eba_1,0ac7e0a5-049a-213e-b741-2533dc439eba,S2,"According to the encounter timeline, Prenatal visit (regime/therapy) took place subsequent to the completion of General examination of patient (procedure).",SUPPORTED,ABSTAIN_HOLD,HOLD,0.5522432327270508,False,ContextBind runtime: Binder abstained / low confidence HOLD
385,,LANE_B_S2_0ac7e0a5-049a-213e-b741-2533dc439eba_1,0ac7e0a5-049a-213e-b741-2533dc439eba,S2,"According to the encounter timeline, Prenatal visit (regime/therapy) took place prior to the start of General examination of patient (procedure).",CONTRADICTED,ABSTAIN_HOLD,HOLD,0.992088258266449,False,ContextBind runtime: Binder abstained / low confidence HOLD
386,,LANE_B_S2_ed5a7f35-d35b-0ee6-475a-f1c5baf4dd6f_0,ed5a7f35-d35b-0ee6-475a-f1c5baf4dd6f,S2,Clinical records verify that Well child visit (procedure) was documented ahead of Blood pressure panel with all children optional.,SUPPORTED,RULE,HOLD,1.0,False,One or both events missing from canonical timeline.
387,,LANE_B_S2_ed5a7f35-d35b-0ee6-475a-f1c5baf4dd6f_0,ed5a7f35-d35b-0ee6-475a-f1c5baf4dd6f,S2,Clinical records verify that Well child visit (procedure) was documented in the aftermath of Blood pressure panel with all children optional.,CONTRADICTED,RULE,HOLD,1.0,False,One or both events missing from canonical timeline.
388,,LANE_B_S2_901dc5c3-ba8e-95cb-153a-f8650f565b01_0,901dc5c3-ba8e-95cb-153a-f8650f565b01,S2,"In the patient's care sequence, General examination of patient (procedure) is registered as preceding Encounter for check up (procedure).",SUPPORTED,RULE,HOLD,1.0,False,One or both events missing from canonical timeline.
389,,LANE_B_S2_901dc5c3-ba8e-95cb-153a-f8650f565b01_0,901dc5c3-ba8e-95cb-153a-f8650f565b01,S2,"In the patient's care sequence, General examination of patient (procedure) is registered as following Encounter for check up (procedure).",CONTRADICTED,ABSTAIN_HOLD,HOLD,0.9836907982826233,False,ContextBind runtime: Binder abstained / low confidence HOLD
390,,LANE_B_S2_5cf6f8cb-200c-05a9-e0a7-b6a685f9bedd_0,5cf6f8cb-200c-05a9-e0a7-b6a685f9bedd,S2,"According to the encounter timeline, Well child visit (procedure) took place prior to the start of General examination of patient (procedure).",SUPPORTED,ABSTAIN_HOLD,HOLD,0.9979830980300903,False,ContextBind runtime: Binder abstained / low confidence HOLD
391,,LANE_B_S2_5cf6f8cb-200c-05a9-e0a7-b6a685f9bedd_0,5cf6f8cb-200c-05a9-e0a7-b6a685f9bedd,S2,"According to the encounter timeline, Well child visit (procedure) took place subsequent to the completion of General examination of patient (procedure).",CONTRADICTED,ABSTAIN_HOLD,HOLD,0.6387983560562134,False,ContextBind runtime: Binder abstained / low confidence HOLD
392,,LANE_B_S2_5ba49b4a-ed1f-7608-f6b3-221768980eeb_3,5ba49b4a-ed1f-7608-f6b3-221768980eeb,S2,"In the patient's care sequence, Patient encounter procedure (procedure) is registered as following General examination of patient (procedure).",SUPPORTED,ABSTAIN_HOLD,HOLD,0.9873080849647522,False,ContextBind runtime: Binder abstained / low confidence HOLD
393,,LANE_B_S2_5ba49b4a-ed1f-7608-f6b3-221768980eeb_3,5ba49b4a-ed1f-7608-f6b3-221768980eeb,S2,"In the patient's care sequence, Patient encounter procedure (procedure) is registered as preceding General examination of patient (procedure).",CONTRADICTED,RULE,HOLD,1.0,False,One or both events missing from canonical timeline.
394,,LANE_B_S2_1a45078d-8b5a-4363-58bf-924eb2238303_0,1a45078d-8b5a-4363-58bf-924eb2238303,S2,Longitudinal documentation establishes that General examination of patient (procedure) chronologically antedated Heart rate.,SUPPORTED,RULE,HOLD,1.0,False,One or both events missing from canonical timeline.
395,,LANE_B_S2_1a45078d-8b5a-4363-58bf-924eb2238303_0,1a45078d-8b5a-4363-58bf-924eb2238303,S2,Longitudinal documentation establishes that General examination of patient (procedure) chronologically succeeded Heart rate.,CONTRADICTED,ABSTAIN_HOLD,HOLD,0.7240235209465027,False,ContextBind runtime: Binder abstained / low confidence HOLD
396,,LANE_B_S2_5b909268-8f48-ce8d-da82-29113b6b7c84_1,5b909268-8f48-ce8d-da82-29113b6b7c84,S2,Longitudinal documentation establishes that Loratadine 5 MG Chewable Tablet chronologically succeeded Encounter for problem (procedure).,SUPPORTED,ABSTAIN_HOLD,HOLD,0.933265745639801,False,ContextBind runtime: Binder abstained / low confidence HOLD
397,,LANE_B_S2_5b909268-8f48-ce8d-da82-29113b6b7c84_1,5b909268-8f48-ce8d-da82-29113b6b7c84,S2,Longitudinal documentation establishes that Loratadine 5 MG Chewable Tablet chronologically antedated Encounter for problem (procedure).,CONTRADICTED,RULE,HOLD,1.0,False,One or both events missing from canonical timeline.
398,,LANE_B_S2_7d40f5ce-bb04-7c84-9a1f-e975774be43d_0,7d40f5ce-bb04-7c84-9a1f-e975774be43d,S2,Longitudinal documentation establishes that General examination of patient (procedure) chronologically antedated Encounter for check up (procedure).,SUPPORTED,RULE,HOLD,1.0,False,One or both events missing from canonical timeline.
399,,LANE_B_S2_7d40f5ce-bb04-7c84-9a1f-e975774be43d_0,7d40f5ce-bb04-7c84-9a1f-e975774be43d,S2,Longitudinal documentation establishes that General examination of patient (procedure) chronologically succeeded Encounter for check up (procedure).,CONTRADICTED,ABSTAIN_HOLD,HOLD,0.6706418395042419,False,ContextBind runtime: Binder abstained / low confidence HOLD
400,,LANE_B_S2_bee98767-2f49-903f-2d5a-d3554d220ca1_1,bee98767-2f49-903f-2d5a-d3554d220ca1,S2,Longitudinal documentation establishes that Encounter for problem (procedure) chronologically succeeded Chlorpheniramine Maleate 2 MG/ML Oral Solution.,SUPPORTED,ABSTAIN_HOLD,HOLD,0.5922229886054993,False,ContextBind runtime: Binder abstained / low confidence HOLD
401,,LANE_B_S2_bee98767-2f49-903f-2d5a-d3554d220ca1_1,bee98767-2f49-903f-2d5a-d3554d220ca1,S2,Longitudinal documentation establishes that Encounter for problem (procedure) chronologically antedated Chlorpheniramine Maleate 2 MG/ML Oral Solution.,CONTRADICTED,RULE,HOLD,1.0,False,One or both events missing from canonical timeline.
402,,LANE_B_S2_09799663-ff15-aea9-81a6-d3df0bd96098_0,09799663-ff15-aea9-81a6-d3df0bd96098,S2,Longitudinal documentation establishes that Encounter for symptom (procedure) chronologically antedated General examination of patient (procedure).,SUPPORTED,RULE,HOLD,1.0,False,One or both events missing from canonical timeline.
403,,LANE_B_S2_09799663-ff15-aea9-81a6-d3df0bd96098_0,09799663-ff15-aea9-81a6-d3df0bd96098,S2,Longitudinal documentation establishes that Encounter for symptom (procedure) chronologically succeeded General examination of patient (procedure).,CONTRADICTED,ABSTAIN_HOLD,HOLD,0.6134060621261597,False,ContextBind runtime: Binder abstained / low confidence HOLD
404,,LANE_B_S2_28410d7d-65d1-91cb-d0a6-143507d3ce2d_0,28410d7d-65d1-91cb-d0a6-143507d3ce2d,S2,Longitudinal documentation establishes that Encounter for check up (procedure) chronologically antedated Body mass index (BMI).,SUPPORTED,RULE,HOLD,1.0,False,One or both events missing from canonical timeline.
405,,LANE_B_S2_28410d7d-65d1-91cb-d0a6-143507d3ce2d_0,28410d7d-65d1-91cb-d0a6-143507d3ce2d,S2,Longitudinal documentation establishes that Encounter for check up (procedure) chronologically succeeded Body mass index (BMI).,CONTRADICTED,ABSTAIN_HOLD,HOLD,0.555364191532135,False,ContextBind runtime: Binder abstained / low confidence HOLD
406,,LANE_B_S2_879f0212-b4b8-05e7-e762-9c4e381fd332_20,879f0212-b4b8-05e7-e762-9c4e381fd332,S2,"According to the encounter timeline, Tobacco smoking status took place prior to the start of Encounter for check up (procedure).",SUPPORTED,ABSTAIN_HOLD,HOLD,0.9997286200523376,False,ContextBind runtime: Binder abstained / low confidence HOLD
407,,LANE_B_S2_879f0212-b4b8-05e7-e762-9c4e381fd332_20,879f0212-b4b8-05e7-e762-9c4e381fd332,S2,"According to the encounter timeline, Tobacco smoking status took place subsequent to the completion of Encounter for check up (procedure).",CONTRADICTED,ABSTAIN_HOLD,HOLD,0.9207218289375305,False,ContextBind runtime: Binder abstained / low confidence HOLD
408,,LANE_B_S2_6d124be7-e664-c73f-eba8-94d99e1430f3_0,6d124be7-e664-c73f-eba8-94d99e1430f3,S2,"According to the encounter timeline, General examination of patient (procedure) took place prior to the start of Emergency room admission (procedure).",SUPPORTED,ABSTAIN_HOLD,HOLD,0.9993046522140503,False,ContextBind runtime: Binder abstained / low confidence HOLD
409,,LANE_B_S2_6d124be7-e664-c73f-eba8-94d99e1430f3_0,6d124be7-e664-c73f-eba8-94d99e1430f3,S2,"According to the encounter timeline, General examination of patient (procedure) took place subsequent to the completion of Emergency room admission (procedure).",CONTRADICTED,ABSTAIN_HOLD,HOLD,0.8226633667945862,False,ContextBind runtime: Binder abstained / low confidence HOLD
410,,LANE_B_S2_9a2ee52f-df23-62c4-9502-87ebf5b87b5c_0,9a2ee52f-df23-62c4-9502-87ebf5b87b5c,S2,Longitudinal documentation establishes that Well child visit (procedure) chronologically antedated General examination of patient (procedure).,SUPPORTED,RULE,HOLD,1.0,False,One or both events missing from canonical timeline.
411,,LANE_B_S2_9a2ee52f-df23-62c4-9502-87ebf5b87b5c_0,9a2ee52f-df23-62c4-9502-87ebf5b87b5c,S2,Longitudinal documentation establishes that Well child visit (procedure) chronologically succeeded General examination of patient (procedure).,CONTRADICTED,ABSTAIN_HOLD,HOLD,0.8576560616493225,False,ContextBind runtime: Binder abstained / low confidence HOLD
412,,LANE_B_S2_4d244421-3eed-fa33-b19e-06d08b9a15b5_1,4d244421-3eed-fa33-b19e-06d08b9a15b5,S2,Longitudinal documentation establishes that Encounter for symptom (procedure) chronologically succeeded General examination of patient (procedure).,SUPPORTED,ABSTAIN_HOLD,HOLD,0.6134060621261597,False,ContextBind runtime: Binder abstained / low confidence HOLD
413,,LANE_B_S2_4d244421-3eed-fa33-b19e-06d08b9a15b5_1,4d244421-3eed-fa33-b19e-06d08b9a15b5,S2,Longitudinal documentation establishes that Encounter for symptom (procedure) chronologically antedated General examination of patient (procedure).,CONTRADICTED,RULE,HOLD,1.0,False,One or both events missing from canonical timeline.
414,,LANE_B_S2_75054069-59aa-4bb3-3b13-73730645743e_1,75054069-59aa-4bb3-3b13-73730645743e,S2,Clinical records verify that Encounter for check up (procedure) was documented in the aftermath of General examination of patient (procedure).,SUPPORTED,RULE,HOLD,1.0,False,One or both events missing from canonical timeline.
415,,LANE_B_S2_75054069-59aa-4bb3-3b13-73730645743e_1,75054069-59aa-4bb3-3b13-73730645743e,S2,Clinical records verify that Encounter for check up (procedure) was documented ahead of General examination of patient (procedure).,CONTRADICTED,RULE,HOLD,1.0,False,One or both events missing from canonical timeline.
416,,LANE_B_S2_dc62d04a-06aa-b148-10d7-d14afdd03e3f_0,dc62d04a-06aa-b148-10d7-d14afdd03e3f,S2,"In the patient's care sequence, Well child visit (procedure) is registered as preceding General examination of patient (procedure).",SUPPORTED,RULE,HOLD,1.0,False,One or both events missing from canonical timeline.
417,,LANE_B_S2_dc62d04a-06aa-b148-10d7-d14afdd03e3f_0,dc62d04a-06aa-b148-10d7-d14afdd03e3f,S2,"In the patient's care sequence, Well child visit (procedure) is registered as following General examination of patient (procedure).",CONTRADICTED,ABSTAIN_HOLD,HOLD,0.9749508500099182,False,ContextBind runtime: Binder abstained / low confidence HOLD
418,,LANE_B_S2_a1a2903a-8cbd-658a-95a3-350eaa43e930_1,a1a2903a-8cbd-658a-95a3-350eaa43e930,S2,"According to the encounter timeline, Encounter for problem (procedure) took place subsequent to the completion of Encounter for symptom (procedure).",SUPPORTED,ABSTAIN_HOLD,HOLD,0.5485056638717651,False,ContextBind runtime: Binder abstained / low confidence HOLD
419,,LANE_B_S2_a1a2903a-8cbd-658a-95a3-350eaa43e930_1,a1a2903a-8cbd-658a-95a3-350eaa43e930,S2,"According to the encounter timeline, Encounter for problem (procedure) took place prior to the start of Encounter for symptom (procedure).",CONTRADICTED,ABSTAIN_HOLD,HOLD,0.9925451874732971,False,ContextBind runtime: Binder abstained / low confidence HOLD
420,,LANE_B_S2_bcd2f3ee-c55e-a794-ffb0-c0201d799313_0,bcd2f3ee-c55e-a794-ffb0-c0201d799313,S2,"In the patient's care sequence, General examination of patient (procedure) is registered as preceding Prenatal visit (regime/therapy).",SUPPORTED,RULE,HOLD,1.0,False,One or both events missing from canonical timeline.
421,,LANE_B_S2_bcd2f3ee-c55e-a794-ffb0-c0201d799313_0,bcd2f3ee-c55e-a794-ffb0-c0201d799313,S2,"In the patient's care sequence, General examination of patient (procedure) is registered as following Prenatal visit (regime/therapy).",CONTRADICTED,ABSTAIN_HOLD,HOLD,0.9319900870323181,False,ContextBind runtime: Binder abstained / low confidence HOLD
422,,LANE_B_S2_e206cd37-5446-5dfb-92dc-da87cff0a5ca_0,e206cd37-5446-5dfb-92dc-da87cff0a5ca,S2,Clinical records verify that Well child visit (procedure) was documented ahead of Body temperature.,SUPPORTED,RULE,HOLD,1.0,False,One or both events missing from canonical timeline.
423,,LANE_B_S2_e206cd37-5446-5dfb-92dc-da87cff0a5ca_0,e206cd37-5446-5dfb-92dc-da87cff0a5ca,S2,Clinical records verify that Well child visit (procedure) was documented in the aftermath of Body temperature.,CONTRADICTED,RULE,HOLD,1.0,False,One or both events missing from canonical timeline.
424,,LANE_B_S2_b3457c4e-d098-25ff-4368-ffe9be36e512_4,b3457c4e-d098-25ff-4368-ffe9be36e512,S2,"In the patient's care sequence, General examination of patient (procedure) is registered as preceding Consultation for treatment (procedure).",SUPPORTED,RULE,HOLD,1.0,False,One or both events missing from canonical timeline.
425,,LANE_B_S2_b3457c4e-d098-25ff-4368-ffe9be36e512_4,b3457c4e-d098-25ff-4368-ffe9be36e512,S2,"In the patient's care sequence, General examination of patient (procedure) is registered as following Consultation for treatment (procedure).",CONTRADICTED,ABSTAIN_HOLD,HOLD,0.9886354207992554,False,ContextBind runtime: Binder abstained / low confidence HOLD
426,,LANE_B_S2_8e7dba45-59cf-1424-25b6-44be1b4f9497_1,8e7dba45-59cf-1424-25b6-44be1b4f9497,S2,"In the patient's care sequence, Prenatal initial visit (regime/therapy) is registered as following General examination of patient (procedure).",SUPPORTED,ABSTAIN_HOLD,HOLD,0.9798979163169861,False,ContextBind runtime: Binder abstained / low confidence HOLD
427,,LANE_B_S2_8e7dba45-59cf-1424-25b6-44be1b4f9497_1,8e7dba45-59cf-1424-25b6-44be1b4f9497,S2,"In the patient's care sequence, Prenatal initial visit (regime/therapy) is registered as preceding General examination of patient (procedure).",CONTRADICTED,RULE,HOLD,1.0,False,One or both events missing from canonical timeline.
428,,LANE_B_S2_622655a0-c107-94d1-fe07-63fc26842c4c_21,622655a0-c107-94d1-fe07-63fc26842c4c,S2,"According to the encounter timeline, Weight-for-length Per age and sex took place subsequent to the completion of Body Height.",SUPPORTED,ABSTAIN_HOLD,HOLD,0.697767972946167,False,ContextBind runtime: Binder abstained / low confidence HOLD
429,,LANE_B_S2_622655a0-c107-94d1-fe07-63fc26842c4c_21,622655a0-c107-94d1-fe07-63fc26842c4c,S2,"According to the encounter timeline, Weight-for-length Per age and sex took place prior to the start of Body Height.",CONTRADICTED,ABSTAIN_HOLD,HOLD,0.8359853625297546,False,ContextBind runtime: Binder abstained / low confidence HOLD
430,,LANE_B_S2_8ec60967-1613-3e8e-f540-ebcc28c4fcbb_2,8ec60967-1613-3e8e-f540-ebcc28c4fcbb,S2,"In the patient's care sequence, General examination of patient (procedure) is registered as preceding Prenatal visit (regime/therapy).",SUPPORTED,RULE,HOLD,1.0,False,One or both events missing from canonical timeline.
431,,LANE_B_S2_8ec60967-1613-3e8e-f540-ebcc28c4fcbb_2,8ec60967-1613-3e8e-f540-ebcc28c4fcbb,S2,"In the patient's care sequence, General examination of patient (procedure) is registered as following Prenatal visit (regime/therapy).",CONTRADICTED,ABSTAIN_HOLD,HOLD,0.9319900870323181,False,ContextBind runtime: Binder abstained / low confidence HOLD
432,,LANE_B_S2_2dc3ae00-f149-c791-efae-f02f37a2633b_1,2dc3ae00-f149-c791-efae-f02f37a2633b,S2,Longitudinal documentation establishes that {7 (ethinyl estradiol 0.035 MG / norgestimate 0.18 MG Oral Tablet) / 7 (ethinyl estradiol 0.035 MG / norgestimate 0.215 MG Oral Tablet) / 7 (ethinyl estradiol 0.035 MG / norgestimate 0.25 MG Oral Tablet) / 7 (inert ingredients 1 MG Oral Tablet) } Pack chronologically succeeded General examination of patient (procedure).,SUPPORTED,ABSTAIN_HOLD,HOLD,0.8484175205230713,False,ContextBind runtime: Binder abstained / low confidence HOLD
433,,LANE_B_S2_2dc3ae00-f149-c791-efae-f02f37a2633b_1,2dc3ae00-f149-c791-efae-f02f37a2633b,S2,Longitudinal documentation establishes that {7 (ethinyl estradiol 0.035 MG / norgestimate 0.18 MG Oral Tablet) / 7 (ethinyl estradiol 0.035 MG / norgestimate 0.215 MG Oral Tablet) / 7 (ethinyl estradiol 0.035 MG / norgestimate 0.25 MG Oral Tablet) / 7 (inert ingredients 1 MG Oral Tablet) } Pack chronologically antedated General examination of patient (procedure).,CONTRADICTED,RULE,HOLD,1.0,False,One or both events missing from canonical timeline.
434,,LANE_B_S2_717ad9e9-ef8c-e37c-a260-38f7009bd519_2,717ad9e9-ef8c-e37c-a260-38f7009bd519,S2,Longitudinal documentation establishes that General examination of patient (procedure) chronologically antedated Encounter for problem (procedure).,SUPPORTED,RULE,HOLD,1.0,False,One or both events missing from canonical timeline.
435,,LANE_B_S2_717ad9e9-ef8c-e37c-a260-38f7009bd519_2,717ad9e9-ef8c-e37c-a260-38f7009bd519,S2,Longitudinal documentation establishes that General examination of patient (procedure) chronologically succeeded Encounter for problem (procedure).,CONTRADICTED,ABSTAIN_HOLD,HOLD,0.8130289912223816,False,ContextBind runtime: Binder abstained / low confidence HOLD
436,,LANE_B_S2_406f925c-eeee-c949-92fb-9400879db07b_0,406f925c-eeee-c949-92fb-9400879db07b,S2,"According to the encounter timeline, Well child visit (procedure) took place prior to the start of General examination of patient (procedure).",SUPPORTED,ABSTAIN_HOLD,HOLD,0.9979830980300903,False,ContextBind runtime: Binder abstained / low confidence HOLD
437,,LANE_B_S2_406f925c-eeee-c949-92fb-9400879db07b_0,406f925c-eeee-c949-92fb-9400879db07b,S2,"According to the encounter timeline, Well child visit (procedure) took place subsequent to the completion of General examination of patient (procedure).",CONTRADICTED,ABSTAIN_HOLD,HOLD,0.6387983560562134,False,ContextBind runtime: Binder abstained / low confidence HOLD
438,,LANE_B_S2_b2a4a68a-fd92-6d00-ac7b-cf2410a67e3c_21,b2a4a68a-fd92-6d00-ac7b-cf2410a67e3c,S2,Longitudinal documentation establishes that Respiratory rate chronologically succeeded Well child visit (procedure).,SUPPORTED,ABSTAIN_HOLD,HOLD,0.9720243215560913,False,ContextBind runtime: Binder abstained / low confidence HOLD
439,,LANE_B_S2_b2a4a68a-fd92-6d00-ac7b-cf2410a67e3c_21,b2a4a68a-fd92-6d00-ac7b-cf2410a67e3c,S2,Longitudinal documentation establishes that Respiratory rate chronologically antedated Well child visit (procedure).,CONTRADICTED,RULE,HOLD,1.0,False,One or both events missing from canonical timeline.
440,,LANE_B_S2_785cb364-3b36-774f-8bff-f1338f954e14_2,785cb364-3b36-774f-8bff-f1338f954e14,S2,"In the patient's care sequence, General examination of patient (procedure) is registered as preceding Encounter for check up (procedure).",SUPPORTED,RULE,HOLD,1.0,False,One or both events missing from canonical timeline.
441,,LANE_B_S2_785cb364-3b36-774f-8bff-f1338f954e14_2,785cb364-3b36-774f-8bff-f1338f954e14,S2,"In the patient's care sequence, General examination of patient (procedure) is registered as following Encounter for check up (procedure).",CONTRADICTED,ABSTAIN_HOLD,HOLD,0.9836907982826233,False,ContextBind runtime: Binder abstained / low confidence HOLD
442,,LANE_B_S2_a7574b3b-a37a-243e-783c-72f4fae0bbc9_3,a7574b3b-a37a-243e-783c-72f4fae0bbc9,S2,Clinical records verify that Encounter for problem (procedure) was documented in the aftermath of General examination of patient (procedure).,SUPPORTED,RULE,HOLD,1.0,False,One or both events missing from canonical timeline.
443,,LANE_B_S2_a7574b3b-a37a-243e-783c-72f4fae0bbc9_3,a7574b3b-a37a-243e-783c-72f4fae0bbc9,S2,Clinical records verify that Encounter for problem (procedure) was documented ahead of General examination of patient (procedure).,CONTRADICTED,RULE,HOLD,1.0,False,One or both events missing from canonical timeline.
444,,LANE_B_S2_a008a6cb-ef8a-a6cd-33ab-e4e1786b35f7_0,a008a6cb-ef8a-a6cd-33ab-e4e1786b35f7,S2,"According to the encounter timeline, Encounter for problem (procedure) took place prior to the start of General examination of patient (procedure).",SUPPORTED,ABSTAIN_HOLD,HOLD,0.9949060678482056,False,ContextBind runtime: Binder abstained / low confidence HOLD
445,,LANE_B_S2_a008a6cb-ef8a-a6cd-33ab-e4e1786b35f7_0,a008a6cb-ef8a-a6cd-33ab-e4e1786b35f7,S2,"According to the encounter timeline, Encounter for problem (procedure) took place subsequent to the completion of General examination of patient (procedure).",CONTRADICTED,ABSTAIN_HOLD,HOLD,0.5086254477500916,False,ContextBind runtime: Binder abstained / low confidence HOLD
446,,LANE_B_S2_667c3c2d-4551-0327-485c-bd85e5e9fbb7_1,667c3c2d-4551-0327-485c-bd85e5e9fbb7,S2,Longitudinal documentation establishes that Cholesterol chronologically succeeded General examination of patient (procedure).,SUPPORTED,ABSTAIN_HOLD,HOLD,0.5341798663139343,False,ContextBind runtime: Binder abstained / low confidence HOLD
447,,LANE_B_S2_667c3c2d-4551-0327-485c-bd85e5e9fbb7_1,667c3c2d-4551-0327-485c-bd85e5e9fbb7,S2,Longitudinal documentation establishes that Cholesterol chronologically antedated General examination of patient (procedure).,CONTRADICTED,RULE,HOLD,1.0,False,One or both events missing from canonical timeline.
448,,LANE_B_S2_8d9a1305-9e33-71ed-e15d-725b989ec3c6_3,8d9a1305-9e33-71ed-e15d-725b989ec3c6,S2,Longitudinal documentation establishes that Triglyceride chronologically succeeded General examination of patient (procedure).,SUPPORTED,ABSTAIN_HOLD,HOLD,0.9734362363815308,False,ContextBind runtime: Binder abstained / low confidence HOLD
449,,LANE_B_S2_8d9a1305-9e33-71ed-e15d-725b989ec3c6_3,8d9a1305-9e33-71ed-e15d-725b989ec3c6,S2,Longitudinal documentation establishes that Triglyceride chronologically antedated General examination of patient (procedure).,CONTRADICTED,RULE,HOLD,1.0,False,One or both events missing from canonical timeline.
450,,LANE_B_S2_c5fab86a-ca08-f9e0-21b6-dd6edac5a207_1,c5fab86a-ca08-f9e0-21b6-dd6edac5a207,S2,Longitudinal documentation establishes that General examination of patient (procedure) chronologically succeeded Encounter for problem (procedure).,SUPPORTED,ABSTAIN_HOLD,HOLD,0.8130289912223816,False,ContextBind runtime: Binder abstained / low confidence HOLD
451,,LANE_B_S2_c5fab86a-ca08-f9e0-21b6-dd6edac5a207_1,c5fab86a-ca08-f9e0-21b6-dd6edac5a207,S2,Longitudinal documentation establishes that General examination of patient (procedure) chronologically antedated Encounter for problem (procedure).,CONTRADICTED,RULE,HOLD,1.0,False,One or both events missing from canonical timeline.
452,,LANE_B_S2_58871483-e786-6a6d-1593-ad99ff15b907_3,58871483-e786-6a6d-1593-ad99ff15b907,S2,Clinical records verify that Prenatal initial visit (regime/therapy) was documented in the aftermath of General examination of patient (procedure).,SUPPORTED,RULE,HOLD,1.0,False,One or both events missing from canonical timeline.
453,,LANE_B_S2_58871483-e786-6a6d-1593-ad99ff15b907_3,58871483-e786-6a6d-1593-ad99ff15b907,S2,Clinical records verify that Prenatal initial visit (regime/therapy) was documented ahead of General examination of patient (procedure).,CONTRADICTED,RULE,HOLD,1.0,False,One or both events missing from canonical timeline.
454,,LANE_B_S2_af47bac4-40f1-a7d9-a5c6-5ada7ecc523e_0,af47bac4-40f1-a7d9-a5c6-5ada7ecc523e,S2,Longitudinal documentation establishes that Encounter for problem (procedure) chronologically antedated Encounter for check up (procedure).,SUPPORTED,RULE,HOLD,1.0,False,One or both events missing from canonical timeline.
455,,LANE_B_S2_af47bac4-40f1-a7d9-a5c6-5ada7ecc523e_0,af47bac4-40f1-a7d9-a5c6-5ada7ecc523e,S2,Longitudinal documentation establishes that Encounter for problem (procedure) chronologically succeeded Encounter for check up (procedure).,CONTRADICTED,ABSTAIN_HOLD,HOLD,0.6989762783050537,False,ContextBind runtime: Binder abstained / low confidence HOLD
456,,LANE_B_S2_fd922513-0b25-a9eb-5d7b-569ad4f8bb57_0,fd922513-0b25-a9eb-5d7b-569ad4f8bb57,S2,Longitudinal documentation establishes that Well child visit (procedure) chronologically antedated Head Occipital-frontal circumference Percentile.,SUPPORTED,RULE,HOLD,1.0,False,One or both events missing from canonical timeline.
457,,LANE_B_S2_fd922513-0b25-a9eb-5d7b-569ad4f8bb57_0,fd922513-0b25-a9eb-5d7b-569ad4f8bb57,S2,Longitudinal documentation establishes that Well child visit (procedure) chronologically succeeded Head Occipital-frontal circumference Percentile.,CONTRADICTED,ABSTAIN_HOLD,HOLD,0.7923115491867065,False,ContextBind runtime: Binder abstained / low confidence HOLD
458,,LANE_B_S2_c0710203-a3ba-f525-2eed-992f84cf6ec7_0,c0710203-a3ba-f525-2eed-992f84cf6ec7,S2,"In the patient's care sequence, Encounter for problem (procedure) is registered as preceding General examination of patient (procedure).",SUPPORTED,RULE,HOLD,1.0,False,One or both events missing from canonical timeline.
459,,LANE_B_S2_c0710203-a3ba-f525-2eed-992f84cf6ec7_0,c0710203-a3ba-f525-2eed-992f84cf6ec7,S2,"In the patient's care sequence, Encounter for problem (procedure) is registered as following General examination of patient (procedure).",CONTRADICTED,ABSTAIN_HOLD,HOLD,0.9724953770637512,False,ContextBind runtime: Binder abstained / low confidence HOLD
460,,LANE_B_S2_f9726abc-3c65-ce1c-5cae-e9fb8728e7b7_2,f9726abc-3c65-ce1c-5cae-e9fb8728e7b7,S2,Clinical records verify that General examination of patient (procedure) was documented ahead of Erythrocytes.,SUPPORTED,RULE,HOLD,1.0,False,One or both events missing from canonical timeline.
461,,LANE_B_S2_f9726abc-3c65-ce1c-5cae-e9fb8728e7b7_2,f9726abc-3c65-ce1c-5cae-e9fb8728e7b7,S2,Clinical records verify that General examination of patient (procedure) was documented in the aftermath of Erythrocytes.,CONTRADICTED,RULE,HOLD,1.0,False,One or both events missing from canonical timeline.
462,,LANE_B_S2_3f078dbb-b6c1-0f42-5a6a-b1532f98126a_9,3f078dbb-b6c1-0f42-5a6a-b1532f98126a,S2,"According to the encounter timeline, Generalized anxiety disorder 7 item (GAD-7) total score took place subsequent to the completion of Blood pressure panel with all children optional.",SUPPORTED,ABSTAIN_HOLD,HOLD,0.6696860194206238,False,ContextBind runtime: Binder abstained / low confidence HOLD
463,,LANE_B_S2_3f078dbb-b6c1-0f42-5a6a-b1532f98126a_9,3f078dbb-b6c1-0f42-5a6a-b1532f98126a,S2,"According to the encounter timeline, Generalized anxiety disorder 7 item (GAD-7) total score took place prior to the start of Blood pressure panel with all children optional.",CONTRADICTED,ABSTAIN_HOLD,HOLD,0.9975087642669678,False,ContextBind runtime: Binder abstained / low confidence HOLD
464,,LANE_B_S2_5a4ddc62-4d53-710a-2e52-95b0b97a231a_2,5a4ddc62-4d53-710a-2e52-95b0b97a231a,S2,Longitudinal documentation establishes that General examination of patient (procedure) chronologically antedated Cholesterol in HDL.,SUPPORTED,RULE,HOLD,1.0,False,One or both events missing from canonical timeline.
465,,LANE_B_S2_5a4ddc62-4d53-710a-2e52-95b0b97a231a_2,5a4ddc62-4d53-710a-2e52-95b0b97a231a,S2,Longitudinal documentation establishes that General examination of patient (procedure) chronologically succeeded Cholesterol in HDL.,CONTRADICTED,ABSTAIN_HOLD,HOLD,0.8770838379859924,False,ContextBind runtime: Binder abstained / low confidence HOLD
466,,LANE_B_S2_dfbfdb48-fafa-5f2a-3ce0-5fd22fa9f84d_1,dfbfdb48-fafa-5f2a-3ce0-5fd22fa9f84d,S2,"In the patient's care sequence, Prenatal visit (regime/therapy) is registered as following General examination of patient (procedure).",SUPPORTED,ABSTAIN_HOLD,HOLD,0.9393900036811829,False,ContextBind runtime: Binder abstained / low confidence HOLD
467,,LANE_B_S2_dfbfdb48-fafa-5f2a-3ce0-5fd22fa9f84d_1,dfbfdb48-fafa-5f2a-3ce0-5fd22fa9f84d,S2,"In the patient's care sequence, Prenatal visit (regime/therapy) is registered as preceding General examination of patient (procedure).",CONTRADICTED,RULE,HOLD,1.0,False,One or both events missing from canonical timeline.
468,,LANE_B_S2_69a381be-cc61-5ccc-79a9-c7112ba149de_0,69a381be-cc61-5ccc-79a9-c7112ba149de,S2,"In the patient's care sequence, Well child visit (procedure) is registered as preceding Encounter for problem (procedure).",SUPPORTED,RULE,HOLD,1.0,False,One or both events missing from canonical timeline.
469,,LANE_B_S2_69a381be-cc61-5ccc-79a9-c7112ba149de_0,69a381be-cc61-5ccc-79a9-c7112ba149de,S2,"In the patient's care sequence, Well child visit (procedure) is registered as following Encounter for problem (procedure).",CONTRADICTED,ABSTAIN_HOLD,HOLD,0.986951470375061,False,ContextBind runtime: Binder abstained / low confidence HOLD
470,,LANE_B_S2_37bd999b-8dbb-4681-5c39-a52162038408_1,37bd999b-8dbb-4681-5c39-a52162038408,S2,Longitudinal documentation establishes that Encounter for problem (procedure) chronologically succeeded General examination of patient (procedure).,SUPPORTED,ABSTAIN_HOLD,HOLD,0.7986858487129211,False,ContextBind runtime: Binder abstained / low confidence HOLD
471,,LANE_B_S2_37bd999b-8dbb-4681-5c39-a52162038408_1,37bd999b-8dbb-4681-5c39-a52162038408,S2,Longitudinal documentation establishes that Encounter for problem (procedure) chronologically antedated General examination of patient (procedure).,CONTRADICTED,RULE,HOLD,1.0,False,One or both events missing from canonical timeline.
472,,LANE_B_S2_46bf9027-5d2d-a707-45d4-76e3c5a54636_0,46bf9027-5d2d-a707-45d4-76e3c5a54636,S2,Clinical records verify that Well child visit (procedure) was documented ahead of Encounter for symptom (procedure).,SUPPORTED,RULE,HOLD,1.0,False,One or both events missing from canonical timeline.
473,,LANE_B_S2_46bf9027-5d2d-a707-45d4-76e3c5a54636_0,46bf9027-5d2d-a707-45d4-76e3c5a54636,S2,Clinical records verify that Well child visit (procedure) was documented in the aftermath of Encounter for symptom (procedure).,CONTRADICTED,RULE,HOLD,1.0,False,One or both events missing from canonical timeline.
474,,LANE_B_S2_5d179cc2-f127-844f-4f7e-f7cfbe71d6fc_1,5d179cc2-f127-844f-4f7e-f7cfbe71d6fc,S2,Clinical records verify that NDA020800 0.3 ML Epinephrine 1 MG/ML Auto-Injector was documented in the aftermath of Encounter for problem (procedure).,SUPPORTED,RULE,HOLD,1.0,False,One or both events missing from canonical timeline.
475,,LANE_B_S2_5d179cc2-f127-844f-4f7e-f7cfbe71d6fc_1,5d179cc2-f127-844f-4f7e-f7cfbe71d6fc,S2,Clinical records verify that NDA020800 0.3 ML Epinephrine 1 MG/ML Auto-Injector was documented ahead of Encounter for problem (procedure).,CONTRADICTED,RULE,HOLD,1.0,False,One or both events missing from canonical timeline.
476,,LANE_B_S2_d2bb4ad7-a6e2-1a93-d206-1227ac0b99df_9,d2bb4ad7-a6e2-1a93-d206-1227ac0b99df,S2,"In the patient's care sequence, Encounter for symptom (procedure) is registered as following Blood pressure panel with all children optional.",SUPPORTED,ABSTAIN_HOLD,HOLD,0.9977818131446838,False,ContextBind runtime: Binder abstained / low confidence HOLD
477,,LANE_B_S2_d2bb4ad7-a6e2-1a93-d206-1227ac0b99df_9,d2bb4ad7-a6e2-1a93-d206-1227ac0b99df,S2,"In the patient's care sequence, Encounter for symptom (procedure) is registered as preceding Blood pressure panel with all children optional.",CONTRADICTED,RULE,HOLD,1.0,False,One or both events missing from canonical timeline.
478,,LANE_B_S2_8d5f9503-6c0d-edc9-40f6-628b44250c4b_0,8d5f9503-6c0d-edc9-40f6-628b44250c4b,S2,Clinical records verify that General examination of patient (procedure) was documented ahead of Prenatal initial visit (regime/therapy).,SUPPORTED,RULE,HOLD,1.0,False,One or both events missing from canonical timeline.
479,,LANE_B_S2_8d5f9503-6c0d-edc9-40f6-628b44250c4b_0,8d5f9503-6c0d-edc9-40f6-628b44250c4b,S2,Clinical records verify that General examination of patient (procedure) was documented in the aftermath of Prenatal initial visit (regime/therapy).,CONTRADICTED,RULE,HOLD,1.0,False,One or both events missing from canonical timeline.
480,,LANE_B_S2_af9f8a5a-c0d9-9441-cb63-b69ec50a5881_19,af9f8a5a-c0d9-9441-cb63-b69ec50a5881,S2,"In the patient's care sequence, Protocol for Responding to and Assessing Patients' Assets, Risks, and Experiences is registered as following Urea nitrogen.",SUPPORTED,ABSTAIN_HOLD,HOLD,0.9912900924682617,False,ContextBind runtime: Binder abstained / low confidence HOLD
481,,LANE_B_S2_af9f8a5a-c0d9-9441-cb63-b69ec50a5881_19,af9f8a5a-c0d9-9441-cb63-b69ec50a5881,S2,"In the patient's care sequence, Protocol for Responding to and Assessing Patients' Assets, Risks, and Experiences is registered as preceding Urea nitrogen.",CONTRADICTED,RULE,HOLD,1.0,False,One or both events missing from canonical timeline.
482,,LANE_B_S2_a522c6b9-a01a-66f6-6486-b0aa398e2977_7,a522c6b9-a01a-66f6-6486-b0aa398e2977,S2,"According to the encounter timeline, Creatinine took place subsequent to the completion of General examination of patient (procedure).",SUPPORTED,ABSTAIN_HOLD,HOLD,0.9662617444992065,False,ContextBind runtime: Binder abstained / low confidence HOLD
483,,LANE_B_S2_a522c6b9-a01a-66f6-6486-b0aa398e2977_7,a522c6b9-a01a-66f6-6486-b0aa398e2977,S2,"According to the encounter timeline, Creatinine took place prior to the start of General examination of patient (procedure).",CONTRADICTED,ABSTAIN_HOLD,HOLD,0.9998955726623535,False,ContextBind runtime: Binder abstained / low confidence HOLD
484,,LANE_B_S2_75c91a89-af09-1d66-fc52-a3614d298548_43,75c91a89-af09-1d66-fc52-a3614d298548,S2,"In the patient's care sequence, Blood pressure panel with all children optional is registered as following Body Height.",SUPPORTED,ABSTAIN_HOLD,HOLD,0.9668944478034973,False,ContextBind runtime: Binder abstained / low confidence HOLD
485,,LANE_B_S2_75c91a89-af09-1d66-fc52-a3614d298548_43,75c91a89-af09-1d66-fc52-a3614d298548,S2,"In the patient's care sequence, Blood pressure panel with all children optional is registered as preceding Body Height.",CONTRADICTED,RULE,HOLD,1.0,False,One or both events missing from canonical timeline.
486,,LANE_B_S2_6ad0b984-27c9-831b-f0a2-a1a5f9669e4b_6,6ad0b984-27c9-831b-f0a2-a1a5f9669e4b,S2,"According to the encounter timeline, General examination of patient (procedure) took place prior to the start of Blood pressure panel with all children optional.",SUPPORTED,ABSTAIN_HOLD,HOLD,0.9996826648712158,False,ContextBind runtime: Binder abstained / low confidence HOLD
487,,LANE_B_S2_6ad0b984-27c9-831b-f0a2-a1a5f9669e4b_6,6ad0b984-27c9-831b-f0a2-a1a5f9669e4b,S2,"According to the encounter timeline, General examination of patient (procedure) took place subsequent to the completion of Blood pressure panel with all children optional.",CONTRADICTED,ABSTAIN_HOLD,HOLD,0.8855136632919312,False,ContextBind runtime: Binder abstained / low confidence HOLD
488,,LANE_B_S2_0c9a7dee-31e4-36d3-2e22-3ee19a8eadbd_1,0c9a7dee-31e4-36d3-2e22-3ee19a8eadbd,S2,"In the patient's care sequence, Urgent care clinic (environment) is registered as following General examination of patient (procedure).",SUPPORTED,ABSTAIN_HOLD,HOLD,0.9729819893836975,False,ContextBind runtime: Binder abstained / low confidence HOLD
489,,LANE_B_S2_0c9a7dee-31e4-36d3-2e22-3ee19a8eadbd_1,0c9a7dee-31e4-36d3-2e22-3ee19a8eadbd,S2,"In the patient's care sequence, Urgent care clinic (environment) is registered as preceding General examination of patient (procedure).",CONTRADICTED,RULE,HOLD,1.0,False,One or both events missing from canonical timeline.
490,,LANE_B_S2_ce6f355f-0556-60d4-614c-920be5bd1684_11,ce6f355f-0556-60d4-614c-920be5bd1684,S2,Clinical records verify that Patient Health Questionnaire-9: Modified for Teens total score was documented in the aftermath of Body mass index (BMI).,SUPPORTED,RULE,HOLD,1.0,False,One or both events missing from canonical timeline.
491,,LANE_B_S2_ce6f355f-0556-60d4-614c-920be5bd1684_11,ce6f355f-0556-60d4-614c-920be5bd1684,S2,Clinical records verify that Patient Health Questionnaire-9: Modified for Teens total score was documented ahead of Body mass index (BMI).,CONTRADICTED,RULE,HOLD,1.0,False,One or both events missing from canonical timeline.
492,,LANE_B_S2_69e8f26d-d408-7fb2-9894-d322b221cd71_2,69e8f26d-d408-7fb2-9894-d322b221cd71,S2,"According to the encounter timeline, Encounter for check up (procedure) took place prior to the start of Encounter for symptom (procedure).",SUPPORTED,ABSTAIN_HOLD,HOLD,0.9903878569602966,False,ContextBind runtime: Binder abstained / low confidence HOLD
493,,LANE_B_S2_69e8f26d-d408-7fb2-9894-d322b221cd71_2,69e8f26d-d408-7fb2-9894-d322b221cd71,S2,"According to the encounter timeline, Encounter for check up (procedure) took place subsequent to the completion of Encounter for symptom (procedure).",CONTRADICTED,ABSTAIN_HOLD,HOLD,0.5366846323013306,False,ContextBind runtime: Binder abstained / low confidence HOLD
494,,LANE_B_S2_93459e66-42ed-bb6d-8553-47542d45d9b5_3,93459e66-42ed-bb6d-8553-47542d45d9b5,S2,"In the patient's care sequence, General examination of patient (procedure) is registered as following NDA020800 0.3 ML Epinephrine 1 MG/ML Auto-Injector.",SUPPORTED,ABSTAIN_HOLD,HOLD,0.9482700228691101,False,ContextBind runtime: Binder abstained / low confidence HOLD
495,,LANE_B_S2_93459e66-42ed-bb6d-8553-47542d45d9b5_3,93459e66-42ed-bb6d-8553-47542d45d9b5,S2,"In the patient's care sequence, General examination of patient (procedure) is registered as preceding NDA020800 0.3 ML Epinephrine 1 MG/ML Auto-Injector.",CONTRADICTED,RULE,HOLD,1.0,False,One or both events missing from canonical timeline.
496,,LANE_B_S2_a6650ed3-f9f6-842c-ef66-3e6b37722bfc_13,a6650ed3-f9f6-842c-ef66-3e6b37722bfc,S2,Longitudinal documentation establishes that Head Occipital-frontal circumference chronologically succeeded Well child visit (procedure).,SUPPORTED,ABSTAIN_HOLD,HOLD,0.8383058309555054,False,ContextBind runtime: Binder abstained / low confidence HOLD
497,,LANE_B_S2_a6650ed3-f9f6-842c-ef66-3e6b37722bfc_13,a6650ed3-f9f6-842c-ef66-3e6b37722bfc,S2,Longitudinal documentation establishes that Head Occipital-frontal circumference chronologically antedated Well child visit (procedure).,CONTRADICTED,RULE,HOLD,1.0,False,One or both events missing from canonical timeline.
498,,LANE_B_S2_ba83fee8-5fdd-ffc9-bc56-ddf43d86a4fd_1,ba83fee8-5fdd-ffc9-bc56-ddf43d86a4fd,S2,Clinical records verify that Emergency room admission (procedure) was documented in the aftermath of Emergency hospital admission (procedure).,SUPPORTED,RULE,HOLD,1.0,False,One or both events missing from canonical timeline.
499,,LANE_B_S2_ba83fee8-5fdd-ffc9-bc56-ddf43d86a4fd_1,ba83fee8-5fdd-ffc9-bc56-ddf43d86a4fd,S2,Clinical records verify that Emergency room admission (procedure) was documented ahead of Emergency hospital admission (procedure).,CONTRADICTED,RULE,HOLD,1.0,False,One or both events missing from canonical timeline.
500,,LANE_B_S3_69a381be-cc61-5ccc-79a9-c7112ba149de_20565-8_0,69a381be-cc61-5ccc-79a9-c7112ba149de,S3,"Evaluating recent trends reveals that current Carbon dioxide, total levels are lower relative to the earlier measurement.",SUPPORTED,AI_FALLBACK,PASS,0.7881888747215271,False,Latest (21.84) < Prev (27.87) verified.
501,,LANE_B_S3_69a381be-cc61-5ccc-79a9-c7112ba149de_20565-8_0,69a381be-cc61-5ccc-79a9-c7112ba149de,S3,"Evaluating recent trends reveals that current Carbon dioxide, total levels are higher relative to the earlier measurement.",CONTRADICTED,AI_FALLBACK,BLOCK,0.9833206534385681,False,Contradicted HIGHER: Latest (21.84) <= Prev (27.87)
502,,LANE_B_S3_c3838789-e8ab-3fdd-758d-73ab21566d02_29463-7_0,c3838789-e8ab-3fdd-758d-73ab21566d02,S3,The active reading for Body Weight reflects a rise in value compared to the previous clinical record.,SUPPORTED,ABSTAIN_HOLD,HOLD,0.5229250192642212,False,ContextBind runtime: Binder abstained / low confidence HOLD
503,,LANE_B_S3_c3838789-e8ab-3fdd-758d-73ab21566d02_29463-7_0,c3838789-e8ab-3fdd-758d-73ab21566d02,S3,The active reading for Body Weight reflects a reduction in value compared to the previous clinical record.,CONTRADICTED,AI_FALLBACK,BLOCK,0.9981440305709839,False,Contradicted LOWER: Latest (5.3) >= Prev (4.4)
504,,LANE_B_S3_a1a2903a-8cbd-658a-95a3-350eaa43e930_29463-7_0,a1a2903a-8cbd-658a-95a3-350eaa43e930,S3,The active reading for Body Weight reflects a rise in value compared to the previous clinical record.,SUPPORTED,ABSTAIN_HOLD,HOLD,0.5229250192642212,False,ContextBind runtime: Binder abstained / low confidence HOLD
505,,LANE_B_S3_a1a2903a-8cbd-658a-95a3-350eaa43e930_29463-7_0,a1a2903a-8cbd-658a-95a3-350eaa43e930,S3,The active reading for Body Weight reflects a reduction in value compared to the previous clinical record.,CONTRADICTED,AI_FALLBACK,BLOCK,0.9981440305709839,False,Contradicted LOWER: Latest (74.5) >= Prev (73.0)
506,,LANE_B_S3_5cf6f8cb-200c-05a9-e0a7-b6a685f9bedd_14959-1_0,5cf6f8cb-200c-05a9-e0a7-b6a685f9bedd,S3,The active reading for Microalbumin/Creatinine reflects a reduction in value compared to the previous clinical record.,SUPPORTED,AI_FALLBACK,PASS,0.9633687138557434,False,Latest (4.07) < Prev (5.51) verified.
507,,LANE_B_S3_5cf6f8cb-200c-05a9-e0a7-b6a685f9bedd_14959-1_0,5cf6f8cb-200c-05a9-e0a7-b6a685f9bedd,S3,The active reading for Microalbumin/Creatinine reflects a rise in value compared to the previous clinical record.,CONTRADICTED,ABSTAIN_HOLD,HOLD,0.43593332171440125,False,ContextBind runtime: Binder abstained / low confidence HOLD
508,,LANE_B_S3_ad590342-4028-13d8-ae78-8f78dea64cd0_10834-0_0,ad590342-4028-13d8-ae78-8f78dea64cd0,S3,"Compared against baseline measurements from the preceding visit, the patient's current Globulin demonstrates an attenuated reading.",SUPPORTED,AI_FALLBACK,PASS,0.9112043380737305,False,Latest (2.492) < Prev (3.416) verified.
509,,LANE_B_S3_ad590342-4028-13d8-ae78-8f78dea64cd0_10834-0_0,ad590342-4028-13d8-ae78-8f78dea64cd0,S3,"Compared against baseline measurements from the preceding visit, the patient's current Globulin demonstrates an elevated reading.",CONTRADICTED,AI_FALLBACK,BLOCK,0.9818083643913269,False,Contradicted HIGHER: Latest (2.492) <= Prev (3.416)
510,,LANE_B_S3_a6650ed3-f9f6-842c-ef66-3e6b37722bfc_29463-7_0,a6650ed3-f9f6-842c-ef66-3e6b37722bfc,S3,Evaluating recent trends reveals that current Body Weight levels are higher relative to the earlier measurement.,SUPPORTED,AI_FALLBACK,BLOCK,0.9461598992347717,False,Contradicted LOWER: Latest (14.1) >= Prev (13.8)
511,,LANE_B_S3_a6650ed3-f9f6-842c-ef66-3e6b37722bfc_29463-7_0,a6650ed3-f9f6-842c-ef66-3e6b37722bfc,S3,Evaluating recent trends reveals that current Body Weight levels are lower relative to the earlier measurement.,CONTRADICTED,AI_FALLBACK,BLOCK,0.9394679665565491,False,Contradicted LOWER: Latest (14.1) >= Prev (13.8)
512,,LANE_B_S3_cfc1c338-552e-2760-d5f3-1a444ae699dc_29463-7_0,cfc1c338-552e-2760-d5f3-1a444ae699dc,S3,Diagnostic assessment shows that the most recently documented Body Weight surpasses the prior encounter's result.,SUPPORTED,AI_FALLBACK,PASS,0.9994624257087708,False,Latest (48.0) > Prev (42.3) verified.
513,,LANE_B_S3_cfc1c338-552e-2760-d5f3-1a444ae699dc_29463-7_0,cfc1c338-552e-2760-d5f3-1a444ae699dc,S3,Diagnostic assessment shows that the most recently documented Body Weight drops below the prior encounter's result.,CONTRADICTED,AI_FALLBACK,PASS,0.8345898985862732,False,Latest (48.0) > Prev (42.3) verified.
514,,LANE_B_S3_5af9cce9-1154-d631-4690-c8a0a5d7a78e_18262-6_0,5af9cce9-1154-d631-4690-c8a0a5d7a78e,S3,"Compared against baseline measurements from the preceding visit, the patient's current Cholesterol in LDL demonstrates an elevated reading.",SUPPORTED,AI_FALLBACK,PASS,0.9831488132476807,False,Latest (90.18) > Prev (59.16) verified.
515,,LANE_B_S3_5af9cce9-1154-d631-4690-c8a0a5d7a78e_18262-6_0,5af9cce9-1154-d631-4690-c8a0a5d7a78e,S3,"Compared against baseline measurements from the preceding visit, the patient's current Cholesterol in LDL demonstrates an attenuated reading.",CONTRADICTED,AI_FALLBACK,BLOCK,0.9578426480293274,False,Contradicted LOWER: Latest (90.18) >= Prev (59.16)
516,,LANE_B_S3_442bf80e-f176-bec8-5352-5d58b4548a8b_29463-7_0,442bf80e-f176-bec8-5352-5d58b4548a8b,S3,The active reading for Body Weight reflects a rise in value compared to the previous clinical record.,SUPPORTED,ABSTAIN_HOLD,HOLD,0.5229250192642212,False,ContextBind runtime: Binder abstained / low confidence HOLD
517,,LANE_B_S3_442bf80e-f176-bec8-5352-5d58b4548a8b_29463-7_0,442bf80e-f176-bec8-5352-5d58b4548a8b,S3,The active reading for Body Weight reflects a reduction in value compared to the previous clinical record.,CONTRADICTED,AI_FALLBACK,BLOCK,0.9981440305709839,False,Contradicted LOWER: Latest (4.5) >= Prev (3.7)
518,,LANE_B_S3_82532b80-f91c-6d28-1407-401f4fe12f2d_29463-7_0,82532b80-f91c-6d28-1407-401f4fe12f2d,S3,Evaluating recent trends reveals that current Body Weight levels are higher relative to the earlier measurement.,SUPPORTED,AI_FALLBACK,BLOCK,0.9461598992347717,False,Contradicted LOWER: Latest (27.1) >= Prev (24.5)
519,,LANE_B_S3_82532b80-f91c-6d28-1407-401f4fe12f2d_29463-7_0,82532b80-f91c-6d28-1407-401f4fe12f2d,S3,Evaluating recent trends reveals that current Body Weight levels are lower relative to the earlier measurement.,CONTRADICTED,AI_FALLBACK,BLOCK,0.9394679665565491,False,Contradicted LOWER: Latest (27.1) >= Prev (24.5)
520,,LANE_B_S3_7e97f6bb-c5c2-2fba-e27c-df1eb1aff0de_14959-1_0,7e97f6bb-c5c2-2fba-e27c-df1eb1aff0de,S3,The active reading for Microalbumin/Creatinine reflects a rise in value compared to the previous clinical record.,SUPPORTED,ABSTAIN_HOLD,HOLD,0.43593332171440125,False,ContextBind runtime: Binder abstained / low confidence HOLD
521,,LANE_B_S3_7e97f6bb-c5c2-2fba-e27c-df1eb1aff0de_14959-1_0,7e97f6bb-c5c2-2fba-e27c-df1eb1aff0de,S3,The active reading for Microalbumin/Creatinine reflects a reduction in value compared to the previous clinical record.,CONTRADICTED,AI_FALLBACK,BLOCK,0.9633687138557434,False,Contradicted LOWER: Latest (16.67) >= Prev (12.1)
522,,LANE_B_S3_516f54f0-6c01-e710-8f26-29a1d28f05cd_10834-0_0,516f54f0-6c01-e710-8f26-29a1d28f05cd,S3,The active reading for Globulin reflects a reduction in value compared to the previous clinical record.,SUPPORTED,AI_FALLBACK,PASS,0.9707968235015869,False,Latest (2.0444) < Prev (2.7738) verified.
523,,LANE_B_S3_516f54f0-6c01-e710-8f26-29a1d28f05cd_10834-0_0,516f54f0-6c01-e710-8f26-29a1d28f05cd,S3,The active reading for Globulin reflects a rise in value compared to the previous clinical record.,CONTRADICTED,ABSTAIN_HOLD,HOLD,0.5416395664215088,False,ContextBind runtime: Binder abstained / low confidence HOLD
524,,LANE_B_S3_5c796bed-9753-7631-6d5f-015435bd00f8_29463-7_0,5c796bed-9753-7631-6d5f-015435bd00f8,S3,The active reading for Body Weight reflects a rise in value compared to the previous clinical record.,SUPPORTED,ABSTAIN_HOLD,HOLD,0.5229250192642212,False,ContextBind runtime: Binder abstained / low confidence HOLD
525,,LANE_B_S3_5c796bed-9753-7631-6d5f-015435bd00f8_29463-7_0,5c796bed-9753-7631-6d5f-015435bd00f8,S3,The active reading for Body Weight reflects a reduction in value compared to the previous clinical record.,CONTRADICTED,AI_FALLBACK,BLOCK,0.9981440305709839,False,Contradicted LOWER: Latest (4.5) >= Prev (3.7)
526,,LANE_B_S3_1a45078d-8b5a-4363-58bf-924eb2238303_29463-7_0,1a45078d-8b5a-4363-58bf-924eb2238303,S3,The active reading for Body Weight reflects a rise in value compared to the previous clinical record.,SUPPORTED,ABSTAIN_HOLD,HOLD,0.5229250192642212,False,ContextBind runtime: Binder abstained / low confidence HOLD
527,,LANE_B_S3_1a45078d-8b5a-4363-58bf-924eb2238303_29463-7_0,1a45078d-8b5a-4363-58bf-924eb2238303,S3,The active reading for Body Weight reflects a reduction in value compared to the previous clinical record.,CONTRADICTED,AI_FALLBACK,BLOCK,0.9981440305709839,False,Contradicted LOWER: Latest (63.8) >= Prev (63.3)
528,,LANE_B_S3_eccad887-86f4-9b7b-57bc-87a22d767904_29463-7_0,eccad887-86f4-9b7b-57bc-87a22d767904,S3,"Compared against baseline measurements from the preceding visit, the patient's current Body Weight demonstrates an elevated reading.",SUPPORTED,AI_FALLBACK,BLOCK,0.9949867725372314,False,Contradicted LOWER: Latest (31.9) >= Prev (29.3)
529,,LANE_B_S3_eccad887-86f4-9b7b-57bc-87a22d767904_29463-7_0,eccad887-86f4-9b7b-57bc-87a22d767904,S3,"Compared against baseline measurements from the preceding visit, the patient's current Body Weight demonstrates an attenuated reading.",CONTRADICTED,AI_FALLBACK,BLOCK,0.9823771715164185,False,Contradicted LOWER: Latest (31.9) >= Prev (29.3)
530,,LANE_B_S3_a008a6cb-ef8a-a6cd-33ab-e4e1786b35f7_18262-6_0,a008a6cb-ef8a-a6cd-33ab-e4e1786b35f7,S3,The active reading for Cholesterol in LDL reflects a rise in value compared to the previous clinical record.,SUPPORTED,ABSTAIN_HOLD,HOLD,0.5964049100875854,False,ContextBind runtime: Binder abstained / low confidence HOLD
531,,LANE_B_S3_a008a6cb-ef8a-a6cd-33ab-e4e1786b35f7_18262-6_0,a008a6cb-ef8a-a6cd-33ab-e4e1786b35f7,S3,The active reading for Cholesterol in LDL reflects a reduction in value compared to the previous clinical record.,CONTRADICTED,AI_FALLBACK,BLOCK,0.9872342944145203,False,Contradicted LOWER: Latest (84.2) >= Prev (65.1)
532,,LANE_B_S3_df3584c7-131d-e0e5-61a9-cac58e73f813_29463-7_0,df3584c7-131d-e0e5-61a9-cac58e73f813,S3,"Compared against baseline measurements from the preceding visit, the patient's current Body Weight demonstrates an elevated reading.",SUPPORTED,AI_FALLBACK,BLOCK,0.9949867725372314,False,Contradicted LOWER: Latest (72.8) >= Prev (65.6)
533,,LANE_B_S3_df3584c7-131d-e0e5-61a9-cac58e73f813_29463-7_0,df3584c7-131d-e0e5-61a9-cac58e73f813,S3,"Compared against baseline measurements from the preceding visit, the patient's current Body Weight demonstrates an attenuated reading.",CONTRADICTED,AI_FALLBACK,BLOCK,0.9823771715164185,False,Contradicted LOWER: Latest (72.8) >= Prev (65.6)
534,,LANE_B_S3_512b9943-2b91-1422-a94f-f2f4728d2526_18262-6_0,512b9943-2b91-1422-a94f-f2f4728d2526,S3,Evaluating recent trends reveals that current Cholesterol in LDL levels are lower relative to the earlier measurement.,SUPPORTED,AI_FALLBACK,PASS,0.8462762236595154,False,Latest (143.61) < Prev (167.76) verified.
535,,LANE_B_S3_512b9943-2b91-1422-a94f-f2f4728d2526_18262-6_0,512b9943-2b91-1422-a94f-f2f4728d2526,S3,Evaluating recent trends reveals that current Cholesterol in LDL levels are higher relative to the earlier measurement.,CONTRADICTED,AI_FALLBACK,PASS,0.9145293235778809,False,Latest (143.61) < Prev (167.76) verified.
536,,LANE_B_S3_39e09b72-4ec8-2fa9-d851-c616676f07bc_13945-1_0,39e09b72-4ec8-2fa9-d851-c616676f07bc,S3,The active reading for Erythrocytes reflects a rise in value compared to the previous clinical record.,SUPPORTED,ABSTAIN_HOLD,HOLD,0.5270122289657593,False,ContextBind runtime: Binder abstained / low confidence HOLD
537,,LANE_B_S3_39e09b72-4ec8-2fa9-d851-c616676f07bc_13945-1_0,39e09b72-4ec8-2fa9-d851-c616676f07bc,S3,The active reading for Erythrocytes reflects a reduction in value compared to the previous clinical record.,CONTRADICTED,AI_FALLBACK,BLOCK,0.9892992973327637,False,Contradicted LOWER: Latest (2.4207) >= Prev (1.9178)
538,,LANE_B_S3_8e7dba45-59cf-1424-25b6-44be1b4f9497_20565-8_0,8e7dba45-59cf-1424-25b6-44be1b4f9497,S3,"Compared against baseline measurements from the preceding visit, the patient's current Carbon dioxide, total demonstrates an elevated reading.",SUPPORTED,AI_FALLBACK,BLOCK,0.9940292835235596,False,Contradicted LOWER: Latest (24.95) >= Prev (21.27)
539,,LANE_B_S3_8e7dba45-59cf-1424-25b6-44be1b4f9497_20565-8_0,8e7dba45-59cf-1424-25b6-44be1b4f9497,S3,"Compared against baseline measurements from the preceding visit, the patient's current Carbon dioxide, total demonstrates an attenuated reading.",CONTRADICTED,AI_FALLBACK,BLOCK,0.9595514535903931,False,Contradicted LOWER: Latest (24.95) >= Prev (21.27)
540,,LANE_B_S3_dfbfdb48-fafa-5f2a-3ce0-5fd22fa9f84d_18262-6_0,dfbfdb48-fafa-5f2a-3ce0-5fd22fa9f84d,S3,Evaluating recent trends reveals that current Cholesterol in LDL levels are lower relative to the earlier measurement.,SUPPORTED,AI_FALLBACK,PASS,0.8462762236595154,False,Latest (23.71) < Prev (63.22) verified.
541,,LANE_B_S3_dfbfdb48-fafa-5f2a-3ce0-5fd22fa9f84d_18262-6_0,dfbfdb48-fafa-5f2a-3ce0-5fd22fa9f84d,S3,Evaluating recent trends reveals that current Cholesterol in LDL levels are higher relative to the earlier measurement.,CONTRADICTED,AI_FALLBACK,PASS,0.9145293235778809,False,Latest (23.71) < Prev (63.22) verified.
542,,LANE_B_S3_7d40f5ce-bb04-7c84-9a1f-e975774be43d_18262-6_0,7d40f5ce-bb04-7c84-9a1f-e975774be43d,S3,"Compared against baseline measurements from the preceding visit, the patient's current Cholesterol in LDL demonstrates an attenuated reading.",SUPPORTED,AI_FALLBACK,PASS,0.9578426480293274,False,Latest (116.05) < Prev (162.53) verified.
543,,LANE_B_S3_7d40f5ce-bb04-7c84-9a1f-e975774be43d_18262-6_0,7d40f5ce-bb04-7c84-9a1f-e975774be43d,S3,"Compared against baseline measurements from the preceding visit, the patient's current Cholesterol in LDL demonstrates an elevated reading.",CONTRADICTED,AI_FALLBACK,BLOCK,0.9831488132476807,False,Contradicted HIGHER: Latest (116.05) <= Prev (162.53)
544,,LANE_B_S3_667c3c2d-4551-0327-485c-bd85e5e9fbb7_18262-6_0,667c3c2d-4551-0327-485c-bd85e5e9fbb7,S3,"Compared against baseline measurements from the preceding visit, the patient's current Cholesterol in LDL demonstrates an attenuated reading.",SUPPORTED,AI_FALLBACK,PASS,0.9578426480293274,False,Latest (52.43) < Prev (78.15) verified.
545,,LANE_B_S3_667c3c2d-4551-0327-485c-bd85e5e9fbb7_18262-6_0,667c3c2d-4551-0327-485c-bd85e5e9fbb7,S3,"Compared against baseline measurements from the preceding visit, the patient's current Cholesterol in LDL demonstrates an elevated reading.",CONTRADICTED,AI_FALLBACK,BLOCK,0.9831488132476807,False,Contradicted HIGHER: Latest (52.43) <= Prev (78.15)
546,,LANE_B_S3_09799663-ff15-aea9-81a6-d3df0bd96098_17861-6_0,09799663-ff15-aea9-81a6-d3df0bd96098,S3,The active reading for Calcium reflects a reduction in value compared to the previous clinical record.,SUPPORTED,AI_FALLBACK,PASS,0.9957476258277893,False,Latest (9.17) < Prev (9.81) verified.
547,,LANE_B_S3_09799663-ff15-aea9-81a6-d3df0bd96098_17861-6_0,09799663-ff15-aea9-81a6-d3df0bd96098,S3,The active reading for Calcium reflects a rise in value compared to the previous clinical record.,CONTRADICTED,ABSTAIN_HOLD,HOLD,0.6620823740959167,False,ContextBind runtime: Binder abstained / low confidence HOLD
548,,LANE_B_S3_fd922513-0b25-a9eb-5d7b-569ad4f8bb57_29463-7_0,fd922513-0b25-a9eb-5d7b-569ad4f8bb57,S3,Diagnostic assessment shows that the most recently documented Body Weight surpasses the prior encounter's result.,SUPPORTED,AI_FALLBACK,PASS,0.9994624257087708,False,Latest (15.3) > Prev (14.4) verified.
549,,LANE_B_S3_fd922513-0b25-a9eb-5d7b-569ad4f8bb57_29463-7_0,fd922513-0b25-a9eb-5d7b-569ad4f8bb57,S3,Diagnostic assessment shows that the most recently documented Body Weight drops below the prior encounter's result.,CONTRADICTED,AI_FALLBACK,PASS,0.8345898985862732,False,Latest (15.3) > Prev (14.4) verified.
550,,LANE_B_S3_6defb8a8-3b3c-72e6-9836-66ff76a4e5e8_10834-0_0,6defb8a8-3b3c-72e6-9836-66ff76a4e5e8,S3,Diagnostic assessment shows that the most recently documented Globulin drops below the prior encounter's result.,SUPPORTED,ABSTAIN_HOLD,HOLD,0.6043636202812195,False,ContextBind runtime: Binder abstained / low confidence HOLD
551,,LANE_B_S3_6defb8a8-3b3c-72e6-9836-66ff76a4e5e8_10834-0_0,6defb8a8-3b3c-72e6-9836-66ff76a4e5e8,S3,Diagnostic assessment shows that the most recently documented Globulin surpasses the prior encounter's result.,CONTRADICTED,AI_FALLBACK,BLOCK,0.9973119497299194,False,Contradicted HIGHER: Latest (2.8577) <= Prev (3.4774)
552,,LANE_B_S3_2387bba1-05ed-f40d-09aa-f583680f5905_18262-6_0,2387bba1-05ed-f40d-09aa-f583680f5905,S3,Evaluating recent trends reveals that current Cholesterol in LDL levels are lower relative to the earlier measurement.,SUPPORTED,AI_FALLBACK,PASS,0.8462762236595154,False,Latest (112.36) < Prev (115.41) verified.
553,,LANE_B_S3_2387bba1-05ed-f40d-09aa-f583680f5905_18262-6_0,2387bba1-05ed-f40d-09aa-f583680f5905,S3,Evaluating recent trends reveals that current Cholesterol in LDL levels are higher relative to the earlier measurement.,CONTRADICTED,AI_FALLBACK,PASS,0.9145293235778809,False,Latest (112.36) < Prev (115.41) verified.
554,,LANE_B_S3_af9f8a5a-c0d9-9441-cb63-b69ec50a5881_14959-1_0,af9f8a5a-c0d9-9441-cb63-b69ec50a5881,S3,"Compared against baseline measurements from the preceding visit, the patient's current Microalbumin/Creatinine demonstrates an attenuated reading.",SUPPORTED,AI_FALLBACK,BLOCK,0.9343417286872864,False,Contradicted HIGHER: Latest (8.51) <= Prev (14.17)
555,,LANE_B_S3_af9f8a5a-c0d9-9441-cb63-b69ec50a5881_14959-1_0,af9f8a5a-c0d9-9441-cb63-b69ec50a5881,S3,"Compared against baseline measurements from the preceding visit, the patient's current Microalbumin/Creatinine demonstrates an elevated reading.",CONTRADICTED,AI_FALLBACK,BLOCK,0.9727454781532288,False,Contradicted HIGHER: Latest (8.51) <= Prev (14.17)
556,,LANE_B_S3_93459e66-42ed-bb6d-8553-47542d45d9b5_18262-6_0,93459e66-42ed-bb6d-8553-47542d45d9b5,S3,The active reading for Cholesterol in LDL reflects a rise in value compared to the previous clinical record.,SUPPORTED,ABSTAIN_HOLD,HOLD,0.5964049100875854,False,ContextBind runtime: Binder abstained / low confidence HOLD
557,,LANE_B_S3_93459e66-42ed-bb6d-8553-47542d45d9b5_18262-6_0,93459e66-42ed-bb6d-8553-47542d45d9b5,S3,The active reading for Cholesterol in LDL reflects a reduction in value compared to the previous clinical record.,CONTRADICTED,AI_FALLBACK,BLOCK,0.9872342944145203,False,Contradicted LOWER: Latest (125.81) >= Prev (103.88)
558,,LANE_B_S3_aef30b80-a6fe-a817-4b71-19687c6e3fd6_10834-0_0,aef30b80-a6fe-a817-4b71-19687c6e3fd6,S3,The active reading for Globulin reflects a rise in value compared to the previous clinical record.,SUPPORTED,ABSTAIN_HOLD,HOLD,0.5416395664215088,False,ContextBind runtime: Binder abstained / low confidence HOLD
559,,LANE_B_S3_aef30b80-a6fe-a817-4b71-19687c6e3fd6_10834-0_0,aef30b80-a6fe-a817-4b71-19687c6e3fd6,S3,The active reading for Globulin reflects a reduction in value compared to the previous clinical record.,CONTRADICTED,AI_FALLBACK,BLOCK,0.9707968235015869,False,Contradicted LOWER: Latest (3.4441) >= Prev (2.2543)
560,,LANE_B_S3_ede324e1-b681-cfc8-c782-80fdafe96cb5_29463-7_1,ede324e1-b681-cfc8-c782-80fdafe96cb5,S3,The active reading for Body Weight reflects a rise in value compared to the previous clinical record.,SUPPORTED,ABSTAIN_HOLD,HOLD,0.5229250192642212,False,ContextBind runtime: Binder abstained / low confidence HOLD
561,,LANE_B_S3_ede324e1-b681-cfc8-c782-80fdafe96cb5_29463-7_1,ede324e1-b681-cfc8-c782-80fdafe96cb5,S3,The active reading for Body Weight reflects a reduction in value compared to the previous clinical record.,CONTRADICTED,AI_FALLBACK,BLOCK,0.9981440305709839,False,Contradicted LOWER: Latest (82.7) >= Prev (81.1)
562,,LANE_B_S3_d40ee66f-e7ae-5a99-24e8-319f56496e8f_14959-1_0,d40ee66f-e7ae-5a99-24e8-319f56496e8f,S3,Diagnostic assessment shows that the most recently documented Microalbumin/Creatinine drops below the prior encounter's result.,SUPPORTED,ABSTAIN_HOLD,HOLD,0.6965354681015015,False,ContextBind runtime: Binder abstained / low confidence HOLD
563,,LANE_B_S3_d40ee66f-e7ae-5a99-24e8-319f56496e8f_14959-1_0,d40ee66f-e7ae-5a99-24e8-319f56496e8f,S3,Diagnostic assessment shows that the most recently documented Microalbumin/Creatinine surpasses the prior encounter's result.,CONTRADICTED,AI_FALLBACK,BLOCK,0.972209632396698,False,Contradicted HIGHER: Latest (3.89) <= Prev (11.45)
564,,LANE_B_S3_8d5f9503-6c0d-edc9-40f6-628b44250c4b_18262-6_0,8d5f9503-6c0d-edc9-40f6-628b44250c4b,S3,Evaluating recent trends reveals that current Cholesterol in LDL levels are lower relative to the earlier measurement.,SUPPORTED,AI_FALLBACK,PASS,0.8462762236595154,False,Latest (38.41) < Prev (107.87) verified.
565,,LANE_B_S3_8d5f9503-6c0d-edc9-40f6-628b44250c4b_18262-6_0,8d5f9503-6c0d-edc9-40f6-628b44250c4b,S3,Evaluating recent trends reveals that current Cholesterol in LDL levels are higher relative to the earlier measurement.,CONTRADICTED,AI_FALLBACK,PASS,0.9145293235778809,False,Latest (38.41) < Prev (107.87) verified.
566,,LANE_B_S3_917c780c-1887-086c-c379-e894e52e7e24_18262-6_0,917c780c-1887-086c-c379-e894e52e7e24,S3,The active reading for Cholesterol in LDL reflects a reduction in value compared to the previous clinical record.,SUPPORTED,AI_FALLBACK,PASS,0.9872342944145203,False,Latest (36.66) < Prev (93.16) verified.
567,,LANE_B_S3_917c780c-1887-086c-c379-e894e52e7e24_18262-6_0,917c780c-1887-086c-c379-e894e52e7e24,S3,The active reading for Cholesterol in LDL reflects a rise in value compared to the previous clinical record.,CONTRADICTED,ABSTAIN_HOLD,HOLD,0.5964049100875854,False,ContextBind runtime: Binder abstained / low confidence HOLD
568,,LANE_B_S3_fef0f194-2be9-0da1-1681-12e92a04743a_10834-0_0,fef0f194-2be9-0da1-1681-12e92a04743a,S3,The active reading for Globulin reflects a reduction in value compared to the previous clinical record.,SUPPORTED,AI_FALLBACK,PASS,0.9707968235015869,False,Latest (2.0829) < Prev (2.8779) verified.
569,,LANE_B_S3_fef0f194-2be9-0da1-1681-12e92a04743a_10834-0_0,fef0f194-2be9-0da1-1681-12e92a04743a,S3,The active reading for Globulin reflects a rise in value compared to the previous clinical record.,CONTRADICTED,ABSTAIN_HOLD,HOLD,0.5416395664215088,False,ContextBind runtime: Binder abstained / low confidence HOLD
570,,LANE_B_S3_6d124be7-e664-c73f-eba8-94d99e1430f3_17861-6_0,6d124be7-e664-c73f-eba8-94d99e1430f3,S3,The active reading for Calcium reflects a reduction in value compared to the previous clinical record.,SUPPORTED,AI_FALLBACK,PASS,0.9957476258277893,False,Latest (9.06) < Prev (9.59) verified.
571,,LANE_B_S3_6d124be7-e664-c73f-eba8-94d99e1430f3_17861-6_0,6d124be7-e664-c73f-eba8-94d99e1430f3,S3,The active reading for Calcium reflects a rise in value compared to the previous clinical record.,CONTRADICTED,ABSTAIN_HOLD,HOLD,0.6620823740959167,False,ContextBind runtime: Binder abstained / low confidence HOLD
572,,LANE_B_S3_495faddd-1f4a-156a-2dde-ff5fe196f1d5_29463-7_0,495faddd-1f4a-156a-2dde-ff5fe196f1d5,S3,"Compared against baseline measurements from the preceding visit, the patient's current Body Weight demonstrates an elevated reading.",SUPPORTED,AI_FALLBACK,BLOCK,0.9949867725372314,False,Contradicted LOWER: Latest (85.2) >= Prev (82.5)
573,,LANE_B_S3_495faddd-1f4a-156a-2dde-ff5fe196f1d5_29463-7_0,495faddd-1f4a-156a-2dde-ff5fe196f1d5,S3,"Compared against baseline measurements from the preceding visit, the patient's current Body Weight demonstrates an attenuated reading.",CONTRADICTED,AI_FALLBACK,BLOCK,0.9823771715164185,False,Contradicted LOWER: Latest (85.2) >= Prev (82.5)
574,,LANE_B_S3_f9726abc-3c65-ce1c-5cae-e9fb8728e7b7_18262-6_0,f9726abc-3c65-ce1c-5cae-e9fb8728e7b7,S3,"Compared against baseline measurements from the preceding visit, the patient's current Cholesterol in LDL demonstrates an attenuated reading.",SUPPORTED,AI_FALLBACK,PASS,0.9578426480293274,False,Latest (82.05) < Prev (120.4) verified.
575,,LANE_B_S3_f9726abc-3c65-ce1c-5cae-e9fb8728e7b7_18262-6_0,f9726abc-3c65-ce1c-5cae-e9fb8728e7b7,S3,"Compared against baseline measurements from the preceding visit, the patient's current Cholesterol in LDL demonstrates an elevated reading.",CONTRADICTED,AI_FALLBACK,BLOCK,0.9831488132476807,False,Contradicted HIGHER: Latest (82.05) <= Prev (120.4)
576,,LANE_B_S3_6a06d359-dfc7-2c49-0b75-9cb3921b6f61_18262-6_0,6a06d359-dfc7-2c49-0b75-9cb3921b6f61,S3,Diagnostic assessment shows that the most recently documented Cholesterol in LDL surpasses the prior encounter's result.,SUPPORTED,AI_FALLBACK,PASS,0.9966058731079102,False,Latest (99.77) > Prev (71.5) verified.
577,,LANE_B_S3_6a06d359-dfc7-2c49-0b75-9cb3921b6f61_18262-6_0,6a06d359-dfc7-2c49-0b75-9cb3921b6f61,S3,Diagnostic assessment shows that the most recently documented Cholesterol in LDL drops below the prior encounter's result.,CONTRADICTED,ABSTAIN_HOLD,HOLD,0.4922558069229126,False,ContextBind runtime: Binder abstained / low confidence HOLD
578,,LANE_B_S3_ba83fee8-5fdd-ffc9-bc56-ddf43d86a4fd_18262-6_0,ba83fee8-5fdd-ffc9-bc56-ddf43d86a4fd,S3,The active reading for Cholesterol in LDL reflects a rise in value compared to the previous clinical record.,SUPPORTED,ABSTAIN_HOLD,HOLD,0.5964049100875854,False,ContextBind runtime: Binder abstained / low confidence HOLD
579,,LANE_B_S3_ba83fee8-5fdd-ffc9-bc56-ddf43d86a4fd_18262-6_0,ba83fee8-5fdd-ffc9-bc56-ddf43d86a4fd,S3,The active reading for Cholesterol in LDL reflects a reduction in value compared to the previous clinical record.,CONTRADICTED,AI_FALLBACK,BLOCK,0.9872342944145203,False,Contradicted LOWER: Latest (120.64) >= Prev (102.87)
580,,LANE_B_S3_1b0bd248-5cc5-9115-9ed5-055d1fbb8724_29463-7_0,1b0bd248-5cc5-9115-9ed5-055d1fbb8724,S3,Evaluating recent trends reveals that current Body Weight levels are higher relative to the earlier measurement.,SUPPORTED,AI_FALLBACK,BLOCK,0.9461598992347717,False,Contradicted LOWER: Latest (6.0) >= Prev (5.0)
581,,LANE_B_S3_1b0bd248-5cc5-9115-9ed5-055d1fbb8724_29463-7_0,1b0bd248-5cc5-9115-9ed5-055d1fbb8724,S3,Evaluating recent trends reveals that current Body Weight levels are lower relative to the earlier measurement.,CONTRADICTED,AI_FALLBACK,BLOCK,0.9394679665565491,False,Contradicted LOWER: Latest (6.0) >= Prev (5.0)
582,,LANE_B_S3_9262df93-c890-8be1-d503-599c234d8755_29463-7_0,9262df93-c890-8be1-d503-599c234d8755,S3,Evaluating recent trends reveals that current Body Weight levels are higher relative to the earlier measurement.,SUPPORTED,AI_FALLBACK,BLOCK,0.9461598992347717,False,Contradicted LOWER: Latest (37.9) >= Prev (33.4)
583,,LANE_B_S3_9262df93-c890-8be1-d503-599c234d8755_29463-7_0,9262df93-c890-8be1-d503-599c234d8755,S3,Evaluating recent trends reveals that current Body Weight levels are lower relative to the earlier measurement.,CONTRADICTED,AI_FALLBACK,BLOCK,0.9394679665565491,False,Contradicted LOWER: Latest (37.9) >= Prev (33.4)
584,,LANE_B_S3_b3457c4e-d098-25ff-4368-ffe9be36e512_17861-6_0,b3457c4e-d098-25ff-4368-ffe9be36e512,S3,"Compared against baseline measurements from the preceding visit, the patient's current Calcium demonstrates an attenuated reading.",SUPPORTED,AI_FALLBACK,PASS,0.9736987948417664,False,Latest (9.48) < Prev (9.56) verified.
585,,LANE_B_S3_b3457c4e-d098-25ff-4368-ffe9be36e512_17861-6_0,b3457c4e-d098-25ff-4368-ffe9be36e512,S3,"Compared against baseline measurements from the preceding visit, the patient's current Calcium demonstrates an elevated reading.",CONTRADICTED,AI_FALLBACK,BLOCK,0.9937090873718262,False,Contradicted HIGHER: Latest (9.48) <= Prev (9.56)
586,,LANE_B_S3_9402452a-9844-3976-8890-5ffb7977fb63_29463-7_0,9402452a-9844-3976-8890-5ffb7977fb63,S3,Diagnostic assessment shows that the most recently documented Body Weight surpasses the prior encounter's result.,SUPPORTED,AI_FALLBACK,PASS,0.9994624257087708,False,Latest (53.4) > Prev (46.4) verified.
587,,LANE_B_S3_9402452a-9844-3976-8890-5ffb7977fb63_29463-7_0,9402452a-9844-3976-8890-5ffb7977fb63,S3,Diagnostic assessment shows that the most recently documented Body Weight drops below the prior encounter's result.,CONTRADICTED,AI_FALLBACK,PASS,0.8345898985862732,False,Latest (53.4) > Prev (46.4) verified.
588,,LANE_B_S3_40ed4e1e-a737-adbd-fed7-d4e53e621ff5_18262-6_0,40ed4e1e-a737-adbd-fed7-d4e53e621ff5,S3,The active reading for Cholesterol in LDL reflects a rise in value compared to the previous clinical record.,SUPPORTED,ABSTAIN_HOLD,HOLD,0.5964049100875854,False,ContextBind runtime: Binder abstained / low confidence HOLD
589,,LANE_B_S3_40ed4e1e-a737-adbd-fed7-d4e53e621ff5_18262-6_0,40ed4e1e-a737-adbd-fed7-d4e53e621ff5,S3,The active reading for Cholesterol in LDL reflects a reduction in value compared to the previous clinical record.,CONTRADICTED,AI_FALLBACK,BLOCK,0.9872342944145203,False,Contradicted LOWER: Latest (88.74) >= Prev (82.19)
590,,LANE_B_S3_5ba49b4a-ed1f-7608-f6b3-221768980eeb_18262-6_0,5ba49b4a-ed1f-7608-f6b3-221768980eeb,S3,"Compared against baseline measurements from the preceding visit, the patient's current Cholesterol in LDL demonstrates an elevated reading.",SUPPORTED,AI_FALLBACK,PASS,0.9831488132476807,False,Latest (91.86) > Prev (58.51) verified.
591,,LANE_B_S3_5ba49b4a-ed1f-7608-f6b3-221768980eeb_18262-6_0,5ba49b4a-ed1f-7608-f6b3-221768980eeb,S3,"Compared against baseline measurements from the preceding visit, the patient's current Cholesterol in LDL demonstrates an attenuated reading.",CONTRADICTED,AI_FALLBACK,BLOCK,0.9578427672386169,False,Contradicted LOWER: Latest (91.86) >= Prev (58.51)
592,,LANE_B_S3_4b3b9763-9460-4f3c-baae-e9d31620da19_18262-6_0,4b3b9763-9460-4f3c-baae-e9d31620da19,S3,Evaluating recent trends reveals that current Cholesterol in LDL levels are higher relative to the earlier measurement.,SUPPORTED,AI_FALLBACK,BLOCK,0.9145293235778809,False,Contradicted LOWER: Latest (127.6) >= Prev (71.88)
593,,LANE_B_S3_4b3b9763-9460-4f3c-baae-e9d31620da19_18262-6_0,4b3b9763-9460-4f3c-baae-e9d31620da19,S3,Evaluating recent trends reveals that current Cholesterol in LDL levels are lower relative to the earlier measurement.,CONTRADICTED,AI_FALLBACK,BLOCK,0.8462762236595154,False,Contradicted LOWER: Latest (127.6) >= Prev (71.88)
594,,LANE_B_S3_5d179cc2-f127-844f-4f7e-f7cfbe71d6fc_18262-6_0,5d179cc2-f127-844f-4f7e-f7cfbe71d6fc,S3,Diagnostic assessment shows that the most recently documented Cholesterol in LDL surpasses the prior encounter's result.,SUPPORTED,AI_FALLBACK,PASS,0.9966058731079102,False,Latest (117.76) > Prev (83.21) verified.
595,,LANE_B_S3_5d179cc2-f127-844f-4f7e-f7cfbe71d6fc_18262-6_0,5d179cc2-f127-844f-4f7e-f7cfbe71d6fc,S3,Diagnostic assessment shows that the most recently documented Cholesterol in LDL drops below the prior encounter's result.,CONTRADICTED,ABSTAIN_HOLD,HOLD,0.4922558069229126,False,ContextBind runtime: Binder abstained / low confidence HOLD
596,,LANE_B_S3_69e8f26d-d408-7fb2-9894-d322b221cd71_13945-1_0,69e8f26d-d408-7fb2-9894-d322b221cd71,S3,Diagnostic assessment shows that the most recently documented Erythrocytes surpasses the prior encounter's result.,SUPPORTED,AI_FALLBACK,PASS,0.9969382286071777,False,Latest (2.896) > Prev (1.2082) verified.
597,,LANE_B_S3_69e8f26d-d408-7fb2-9894-d322b221cd71_13945-1_0,69e8f26d-d408-7fb2-9894-d322b221cd71,S3,Diagnostic assessment shows that the most recently documented Erythrocytes drops below the prior encounter's result.,CONTRADICTED,ABSTAIN_HOLD,HOLD,0.6619823575019836,False,ContextBind runtime: Binder abstained / low confidence HOLD
598,,LANE_B_S3_d87916d9-60bb-3afa-994b-8a429634a4f6_14959-1_0,d87916d9-60bb-3afa-994b-8a429634a4f6,S3,Diagnostic assessment shows that the most recently documented Microalbumin/Creatinine surpasses the prior encounter's result.,SUPPORTED,AI_FALLBACK,PASS,0.9722095727920532,False,Latest (14.96) > Prev (8.12) verified.
599,,LANE_B_S3_d87916d9-60bb-3afa-994b-8a429634a4f6_14959-1_0,d87916d9-60bb-3afa-994b-8a429634a4f6,S3,Diagnostic assessment shows that the most recently documented Microalbumin/Creatinine drops below the prior encounter's result.,CONTRADICTED,ABSTAIN_HOLD,HOLD,0.6965354084968567,False,ContextBind runtime: Binder abstained / low confidence HOLD
600,,LANE_B_S3_5b909268-8f48-ce8d-da82-29113b6b7c84_20565-8_0,5b909268-8f48-ce8d-da82-29113b6b7c84,S3,"The active reading for Carbon dioxide, total reflects a reduction in value compared to the previous clinical record.",SUPPORTED,AI_FALLBACK,PASS,0.997367799282074,False,Latest (22.97) < Prev (26.45) verified.
601,,LANE_B_S3_5b909268-8f48-ce8d-da82-29113b6b7c84_20565-8_0,5b909268-8f48-ce8d-da82-29113b6b7c84,S3,"The active reading for Carbon dioxide, total reflects a rise in value compared to the previous clinical record.",CONTRADICTED,ABSTAIN_HOLD,HOLD,0.5108271241188049,False,ContextBind runtime: Binder abstained / low confidence HOLD
602,,LANE_B_S3_6aab5c5e-3a2f-fea1-ca8d-5586ecaee400_17861-6_0,6aab5c5e-3a2f-fea1-ca8d-5586ecaee400,S3,Diagnostic assessment shows that the most recently documented Calcium drops below the prior encounter's result.,SUPPORTED,AI_FALLBACK,PASS,0.816312849521637,False,Latest (8.68) < Prev (9.23) verified.
603,,LANE_B_S3_6aab5c5e-3a2f-fea1-ca8d-5586ecaee400_17861-6_0,6aab5c5e-3a2f-fea1-ca8d-5586ecaee400,S3,Diagnostic assessment shows that the most recently documented Calcium surpasses the prior encounter's result.,CONTRADICTED,AI_FALLBACK,BLOCK,0.9981081485748291,False,Contradicted HIGHER: Latest (8.68) <= Prev (9.23)
604,,LANE_B_S3_50200931-3736-e446-8c5c-33e9f34f4fc8_29463-7_0,50200931-3736-e446-8c5c-33e9f34f4fc8,S3,"Compared against baseline measurements from the preceding visit, the patient's current Body Weight demonstrates an elevated reading.",SUPPORTED,AI_FALLBACK,BLOCK,0.9949867725372314,False,Contradicted LOWER: Latest (77.6) >= Prev (74.5)
605,,LANE_B_S3_50200931-3736-e446-8c5c-33e9f34f4fc8_29463-7_0,50200931-3736-e446-8c5c-33e9f34f4fc8,S3,"Compared against baseline measurements from the preceding visit, the patient's current Body Weight demonstrates an attenuated reading.",CONTRADICTED,AI_FALLBACK,BLOCK,0.9823771715164185,False,Contradicted LOWER: Latest (77.6) >= Prev (74.5)
606,,LANE_B_S3_5bcd5e67-bda9-dae7-b1e0-20f210c83983_18262-6_0,5bcd5e67-bda9-dae7-b1e0-20f210c83983,S3,Diagnostic assessment shows that the most recently documented Cholesterol in LDL drops below the prior encounter's result.,SUPPORTED,ABSTAIN_HOLD,HOLD,0.4922558069229126,False,ContextBind runtime: Binder abstained / low confidence HOLD
607,,LANE_B_S3_5bcd5e67-bda9-dae7-b1e0-20f210c83983_18262-6_0,5bcd5e67-bda9-dae7-b1e0-20f210c83983,S3,Diagnostic assessment shows that the most recently documented Cholesterol in LDL surpasses the prior encounter's result.,CONTRADICTED,AI_FALLBACK,BLOCK,0.9966058731079102,False,Contradicted HIGHER: Latest (103.64) <= Prev (108.04)
608,,LANE_B_S3_dc62d04a-06aa-b148-10d7-d14afdd03e3f_14959-1_0,dc62d04a-06aa-b148-10d7-d14afdd03e3f,S3,The active reading for Microalbumin/Creatinine reflects a reduction in value compared to the previous clinical record.,SUPPORTED,AI_FALLBACK,PASS,0.9633687138557434,False,Latest (3.22) < Prev (10.61) verified.
609,,LANE_B_S3_dc62d04a-06aa-b148-10d7-d14afdd03e3f_14959-1_0,dc62d04a-06aa-b148-10d7-d14afdd03e3f,S3,The active reading for Microalbumin/Creatinine reflects a rise in value compared to the previous clinical record.,CONTRADICTED,ABSTAIN_HOLD,HOLD,0.43593379855155945,False,ContextBind runtime: Binder abstained / low confidence HOLD
610,,LANE_B_S3_8baac7dc-bb36-bdb1-c30c-d39e3a19ab71_18262-6_0,8baac7dc-bb36-bdb1-c30c-d39e3a19ab71,S3,"Compared against baseline measurements from the preceding visit, the patient's current Cholesterol in LDL demonstrates an attenuated reading.",SUPPORTED,AI_FALLBACK,PASS,0.9578427672386169,False,Latest (174.7) < Prev (223.64) verified.
611,,LANE_B_S3_8baac7dc-bb36-bdb1-c30c-d39e3a19ab71_18262-6_0,8baac7dc-bb36-bdb1-c30c-d39e3a19ab71,S3,"Compared against baseline measurements from the preceding visit, the patient's current Cholesterol in LDL demonstrates an elevated reading.",CONTRADICTED,AI_FALLBACK,BLOCK,0.9831488132476807,False,Contradicted HIGHER: Latest (174.7) <= Prev (223.64)
612,,LANE_B_S3_24dfac59-b3a5-e66c-b21d-3be7e4dffd14_10834-0_0,24dfac59-b3a5-e66c-b21d-3be7e4dffd14,S3,Diagnostic assessment shows that the most recently documented Globulin surpasses the prior encounter's result.,SUPPORTED,AI_FALLBACK,PASS,0.9973119497299194,False,Latest (3.1252) > Prev (2.6629) verified.
613,,LANE_B_S3_24dfac59-b3a5-e66c-b21d-3be7e4dffd14_10834-0_0,24dfac59-b3a5-e66c-b21d-3be7e4dffd14,S3,Diagnostic assessment shows that the most recently documented Globulin drops below the prior encounter's result.,CONTRADICTED,ABSTAIN_HOLD,HOLD,0.6043636202812195,False,ContextBind runtime: Binder abstained / low confidence HOLD
614,,LANE_B_S3_28410d7d-65d1-91cb-d0a6-143507d3ce2d_29463-7_0,28410d7d-65d1-91cb-d0a6-143507d3ce2d,S3,The active reading for Body Weight reflects a rise in value compared to the previous clinical record.,SUPPORTED,ABSTAIN_HOLD,HOLD,0.5229250192642212,False,ContextBind runtime: Binder abstained / low confidence HOLD
615,,LANE_B_S3_28410d7d-65d1-91cb-d0a6-143507d3ce2d_29463-7_0,28410d7d-65d1-91cb-d0a6-143507d3ce2d,S3,The active reading for Body Weight reflects a reduction in value compared to the previous clinical record.,CONTRADICTED,AI_FALLBACK,BLOCK,0.9981440305709839,False,Contradicted LOWER: Latest (52.4) >= Prev (46.4)
616,,LANE_B_S3_785cb364-3b36-774f-8bff-f1338f954e14_18262-6_0,785cb364-3b36-774f-8bff-f1338f954e14,S3,Diagnostic assessment shows that the most recently documented Cholesterol in LDL drops below the prior encounter's result.,SUPPORTED,ABSTAIN_HOLD,HOLD,0.4922558069229126,False,ContextBind runtime: Binder abstained / low confidence HOLD
617,,LANE_B_S3_785cb364-3b36-774f-8bff-f1338f954e14_18262-6_0,785cb364-3b36-774f-8bff-f1338f954e14,S3,Diagnostic assessment shows that the most recently documented Cholesterol in LDL surpasses the prior encounter's result.,CONTRADICTED,AI_FALLBACK,BLOCK,0.9966058731079102,False,Contradicted HIGHER: Latest (74.03) <= Prev (96.34)
618,,LANE_B_S3_ed5a7f35-d35b-0ee6-475a-f1c5baf4dd6f_29463-7_0,ed5a7f35-d35b-0ee6-475a-f1c5baf4dd6f,S3,The active reading for Body Weight reflects a rise in value compared to the previous clinical record.,SUPPORTED,ABSTAIN_HOLD,HOLD,0.5229250192642212,False,ContextBind runtime: Binder abstained / low confidence HOLD
619,,LANE_B_S3_ed5a7f35-d35b-0ee6-475a-f1c5baf4dd6f_29463-7_0,ed5a7f35-d35b-0ee6-475a-f1c5baf4dd6f,S3,The active reading for Body Weight reflects a reduction in value compared to the previous clinical record.,CONTRADICTED,AI_FALLBACK,BLOCK,0.9981440305709839,False,Contradicted LOWER: Latest (10.8) >= Prev (9.6)
620,,LANE_B_S3_b2a4a68a-fd92-6d00-ac7b-cf2410a67e3c_29463-7_0,b2a4a68a-fd92-6d00-ac7b-cf2410a67e3c,S3,Diagnostic assessment shows that the most recently documented Body Weight surpasses the prior encounter's result.,SUPPORTED,AI_FALLBACK,PASS,0.9994624257087708,False,Latest (4.6) > Prev (3.9) verified.
621,,LANE_B_S3_b2a4a68a-fd92-6d00-ac7b-cf2410a67e3c_29463-7_0,b2a4a68a-fd92-6d00-ac7b-cf2410a67e3c,S3,Diagnostic assessment shows that the most recently documented Body Weight drops below the prior encounter's result.,CONTRADICTED,AI_FALLBACK,PASS,0.8345898985862732,False,Latest (4.6) > Prev (3.9) verified.
622,,LANE_B_S3_7844a0cb-c6b6-e5be-f90f-6e7204265460_18262-6_0,7844a0cb-c6b6-e5be-f90f-6e7204265460,S3,"Compared against baseline measurements from the preceding visit, the patient's current Cholesterol in LDL demonstrates an elevated reading.",SUPPORTED,AI_FALLBACK,PASS,0.9831488132476807,False,Latest (110.25) > Prev (47.82) verified.
623,,LANE_B_S3_7844a0cb-c6b6-e5be-f90f-6e7204265460_18262-6_0,7844a0cb-c6b6-e5be-f90f-6e7204265460,S3,"Compared against baseline measurements from the preceding visit, the patient's current Cholesterol in LDL demonstrates an attenuated reading.",CONTRADICTED,AI_FALLBACK,BLOCK,0.9578427672386169,False,Contradicted LOWER: Latest (110.25) >= Prev (47.82)
624,,LANE_B_S3_e206cd37-5446-5dfb-92dc-da87cff0a5ca_29463-7_0,e206cd37-5446-5dfb-92dc-da87cff0a5ca,S3,The active reading for Body Weight reflects a rise in value compared to the previous clinical record.,SUPPORTED,ABSTAIN_HOLD,HOLD,0.5229250192642212,False,ContextBind runtime: Binder abstained / low confidence HOLD
625,,LANE_B_S3_e206cd37-5446-5dfb-92dc-da87cff0a5ca_29463-7_0,e206cd37-5446-5dfb-92dc-da87cff0a5ca,S3,The active reading for Body Weight reflects a reduction in value compared to the previous clinical record.,CONTRADICTED,AI_FALLBACK,BLOCK,0.9981440305709839,False,Contradicted LOWER: Latest (11.7) >= Prev (10.6)
626,,LANE_B_S3_bee98767-2f49-903f-2d5a-d3554d220ca1_18262-6_0,bee98767-2f49-903f-2d5a-d3554d220ca1,S3,Diagnostic assessment shows that the most recently documented Cholesterol in LDL surpasses the prior encounter's result.,SUPPORTED,AI_FALLBACK,PASS,0.9966058731079102,False,Latest (94.87) > Prev (41.89) verified.
627,,LANE_B_S3_bee98767-2f49-903f-2d5a-d3554d220ca1_18262-6_0,bee98767-2f49-903f-2d5a-d3554d220ca1,S3,Diagnostic assessment shows that the most recently documented Cholesterol in LDL drops below the prior encounter's result.,CONTRADICTED,ABSTAIN_HOLD,HOLD,0.4922558069229126,False,ContextBind runtime: Binder abstained / low confidence HOLD
628,,LANE_B_S3_46bf9027-5d2d-a707-45d4-76e3c5a54636_29463-7_0,46bf9027-5d2d-a707-45d4-76e3c5a54636,S3,Evaluating recent trends reveals that current Body Weight levels are higher relative to the earlier measurement.,SUPPORTED,AI_FALLBACK,BLOCK,0.9461598992347717,False,Contradicted LOWER: Latest (16.6) >= Prev (14.7)
629,,LANE_B_S3_46bf9027-5d2d-a707-45d4-76e3c5a54636_29463-7_0,46bf9027-5d2d-a707-45d4-76e3c5a54636,S3,Evaluating recent trends reveals that current Body Weight levels are lower relative to the earlier measurement.,CONTRADICTED,AI_FALLBACK,BLOCK,0.9394679665565491,False,Contradicted LOWER: Latest (16.6) >= Prev (14.7)
630,,LANE_B_S3_a60527a8-a633-c3aa-1265-06491490c6d2_29463-7_0,a60527a8-a633-c3aa-1265-06491490c6d2,S3,Evaluating recent trends reveals that current Body Weight levels are higher relative to the earlier measurement.,SUPPORTED,AI_FALLBACK,BLOCK,0.9461598992347717,False,Contradicted LOWER: Latest (69.8) >= Prev (64.8)
631,,LANE_B_S3_a60527a8-a633-c3aa-1265-06491490c6d2_29463-7_0,a60527a8-a633-c3aa-1265-06491490c6d2,S3,Evaluating recent trends reveals that current Body Weight levels are lower relative to the earlier measurement.,CONTRADICTED,AI_FALLBACK,BLOCK,0.9394679665565491,False,Contradicted LOWER: Latest (69.8) >= Prev (64.8)
632,,LANE_B_S3_2dc3ae00-f149-c791-efae-f02f37a2633b_18262-6_0,2dc3ae00-f149-c791-efae-f02f37a2633b,S3,Diagnostic assessment shows that the most recently documented Cholesterol in LDL surpasses the prior encounter's result.,SUPPORTED,AI_FALLBACK,PASS,0.9966058731079102,False,Latest (114.55) > Prev (33.0) verified.
633,,LANE_B_S3_2dc3ae00-f149-c791-efae-f02f37a2633b_18262-6_0,2dc3ae00-f149-c791-efae-f02f37a2633b,S3,Diagnostic assessment shows that the most recently documented Cholesterol in LDL drops below the prior encounter's result.,CONTRADICTED,ABSTAIN_HOLD,HOLD,0.4922558069229126,False,ContextBind runtime: Binder abstained / low confidence HOLD
634,,LANE_B_S3_0c9a7dee-31e4-36d3-2e22-3ee19a8eadbd_18262-6_0,0c9a7dee-31e4-36d3-2e22-3ee19a8eadbd,S3,"Compared against baseline measurements from the preceding visit, the patient's current Cholesterol in LDL demonstrates an attenuated reading.",SUPPORTED,AI_FALLBACK,PASS,0.9578427672386169,False,Latest (89.7) < Prev (183.02) verified.
635,,LANE_B_S3_0c9a7dee-31e4-36d3-2e22-3ee19a8eadbd_18262-6_0,0c9a7dee-31e4-36d3-2e22-3ee19a8eadbd,S3,"Compared against baseline measurements from the preceding visit, the patient's current Cholesterol in LDL demonstrates an elevated reading.",CONTRADICTED,AI_FALLBACK,BLOCK,0.9831488132476807,False,Contradicted HIGHER: Latest (89.7) <= Prev (183.02)
636,,LANE_B_S3_a7574b3b-a37a-243e-783c-72f4fae0bbc9_18262-6_0,a7574b3b-a37a-243e-783c-72f4fae0bbc9,S3,Evaluating recent trends reveals that current Cholesterol in LDL levels are higher relative to the earlier measurement.,SUPPORTED,AI_FALLBACK,BLOCK,0.9145293235778809,False,Contradicted LOWER: Latest (89.42) >= Prev (43.74)
637,,LANE_B_S3_a7574b3b-a37a-243e-783c-72f4fae0bbc9_18262-6_0,a7574b3b-a37a-243e-783c-72f4fae0bbc9,S3,Evaluating recent trends reveals that current Cholesterol in LDL levels are lower relative to the earlier measurement.,CONTRADICTED,AI_FALLBACK,BLOCK,0.8462762236595154,False,Contradicted LOWER: Latest (89.42) >= Prev (43.74)
638,,LANE_B_S3_3bc26d88-36b8-3324-338b-818a94708f62_10834-0_0,3bc26d88-36b8-3324-338b-818a94708f62,S3,Evaluating recent trends reveals that current Globulin levels are higher relative to the earlier measurement.,SUPPORTED,AI_FALLBACK,BLOCK,0.9127005338668823,False,Contradicted LOWER: Latest (3.4442) >= Prev (2.9035)
639,,LANE_B_S3_3bc26d88-36b8-3324-338b-818a94708f62_10834-0_0,3bc26d88-36b8-3324-338b-818a94708f62,S3,Evaluating recent trends reveals that current Globulin levels are lower relative to the earlier measurement.,CONTRADICTED,AI_FALLBACK,BLOCK,0.7057583928108215,False,Contradicted LOWER: Latest (3.4442) >= Prev (2.9035)
640,,LANE_B_S3_b4606b7d-d84c-f48f-17bb-1722f7086f4e_18262-6_0,b4606b7d-d84c-f48f-17bb-1722f7086f4e,S3,Evaluating recent trends reveals that current Cholesterol in LDL levels are higher relative to the earlier measurement.,SUPPORTED,AI_FALLBACK,BLOCK,0.9145293235778809,False,Contradicted LOWER: Latest (93.23) >= Prev (61.74)
641,,LANE_B_S3_b4606b7d-d84c-f48f-17bb-1722f7086f4e_18262-6_0,b4606b7d-d84c-f48f-17bb-1722f7086f4e,S3,Evaluating recent trends reveals that current Cholesterol in LDL levels are lower relative to the earlier measurement.,CONTRADICTED,AI_FALLBACK,BLOCK,0.8462762236595154,False,Contradicted LOWER: Latest (93.23) >= Prev (61.74)
642,,LANE_B_S3_58871483-e786-6a6d-1593-ad99ff15b907_18262-6_0,58871483-e786-6a6d-1593-ad99ff15b907,S3,Evaluating recent trends reveals that current Cholesterol in LDL levels are higher relative to the earlier measurement.,SUPPORTED,AI_FALLBACK,BLOCK,0.9145293235778809,False,Contradicted LOWER: Latest (120.74) >= Prev (66.27)
643,,LANE_B_S3_58871483-e786-6a6d-1593-ad99ff15b907_18262-6_0,58871483-e786-6a6d-1593-ad99ff15b907,S3,Evaluating recent trends reveals that current Cholesterol in LDL levels are lower relative to the earlier measurement.,CONTRADICTED,AI_FALLBACK,BLOCK,0.8462762236595154,False,Contradicted LOWER: Latest (120.74) >= Prev (66.27)
644,,LANE_B_S3_bcd2f3ee-c55e-a794-ffb0-c0201d799313_10230-1_0,bcd2f3ee-c55e-a794-ffb0-c0201d799313,S3,"Compared against baseline measurements from the preceding visit, the patient's current Left ventricular Ejection fraction demonstrates an attenuated reading.",SUPPORTED,AI_FALLBACK,PASS,0.8070521950721741,False,Latest (51.54) < Prev (75.39) verified.
645,,LANE_B_S3_bcd2f3ee-c55e-a794-ffb0-c0201d799313_10230-1_0,bcd2f3ee-c55e-a794-ffb0-c0201d799313,S3,"Compared against baseline measurements from the preceding visit, the patient's current Left ventricular Ejection fraction demonstrates an elevated reading.",CONTRADICTED,ABSTAIN_HOLD,HOLD,0.587130069732666,False,ContextBind runtime: Binder abstained / low confidence HOLD
646,,LANE_B_S3_ae6f9562-f1dc-7d15-80cc-de93adab52c2_18262-6_0,ae6f9562-f1dc-7d15-80cc-de93adab52c2,S3,"Compared against baseline measurements from the preceding visit, the patient's current Cholesterol in LDL demonstrates an elevated reading.",SUPPORTED,AI_FALLBACK,PASS,0.9831488132476807,False,Latest (93.95) > Prev (71.37) verified.
647,,LANE_B_S3_ae6f9562-f1dc-7d15-80cc-de93adab52c2_18262-6_0,ae6f9562-f1dc-7d15-80cc-de93adab52c2,S3,"Compared against baseline measurements from the preceding visit, the patient's current Cholesterol in LDL demonstrates an attenuated reading.",CONTRADICTED,AI_FALLBACK,BLOCK,0.9578427672386169,False,Contradicted LOWER: Latest (93.95) >= Prev (71.37)
648,,LANE_B_S3_431f5d59-bc65-6c92-5f20-ae66027056ed_18262-6_0,431f5d59-bc65-6c92-5f20-ae66027056ed,S3,The active reading for Cholesterol in LDL reflects a reduction in value compared to the previous clinical record.,SUPPORTED,AI_FALLBACK,PASS,0.9872342944145203,False,Latest (58.84) < Prev (78.19) verified.
649,,LANE_B_S3_431f5d59-bc65-6c92-5f20-ae66027056ed_18262-6_0,431f5d59-bc65-6c92-5f20-ae66027056ed,S3,The active reading for Cholesterol in LDL reflects a rise in value compared to the previous clinical record.,CONTRADICTED,ABSTAIN_HOLD,HOLD,0.5964049100875854,False,ContextBind runtime: Binder abstained / low confidence HOLD
650,,LANE_B_S3_8d9a1305-9e33-71ed-e15d-725b989ec3c6_1742-6_0,8d9a1305-9e33-71ed-e15d-725b989ec3c6,S3,Diagnostic assessment shows that the most recently documented Alanine aminotransferase surpasses the prior encounter's result.,SUPPORTED,AI_FALLBACK,PASS,0.9971362352371216,False,Latest (34.301) > Prev (22.716) verified.
651,,LANE_B_S3_8d9a1305-9e33-71ed-e15d-725b989ec3c6_1742-6_0,8d9a1305-9e33-71ed-e15d-725b989ec3c6,S3,Diagnostic assessment shows that the most recently documented Alanine aminotransferase drops below the prior encounter's result.,CONTRADICTED,ABSTAIN_HOLD,HOLD,0.462483286857605,False,ContextBind runtime: Binder abstained / low confidence HOLD
652,,LANE_B_S3_406f925c-eeee-c949-92fb-9400879db07b_18262-6_0,406f925c-eeee-c949-92fb-9400879db07b,S3,Diagnostic assessment shows that the most recently documented Cholesterol in LDL drops below the prior encounter's result.,SUPPORTED,ABSTAIN_HOLD,HOLD,0.4922558069229126,False,ContextBind runtime: Binder abstained / low confidence HOLD
653,,LANE_B_S3_406f925c-eeee-c949-92fb-9400879db07b_18262-6_0,406f925c-eeee-c949-92fb-9400879db07b,S3,Diagnostic assessment shows that the most recently documented Cholesterol in LDL surpasses the prior encounter's result.,CONTRADICTED,AI_FALLBACK,BLOCK,0.9966058731079102,False,Contradicted HIGHER: Latest (53.28) <= Prev (91.96)
654,,LANE_B_S3_76f0cad3-a4f4-a8b1-6588-1e227bb208bc_29463-7_0,76f0cad3-a4f4-a8b1-6588-1e227bb208bc,S3,The active reading for Body Weight reflects a rise in value compared to the previous clinical record.,SUPPORTED,ABSTAIN_HOLD,HOLD,0.5229250192642212,False,ContextBind runtime: Binder abstained / low confidence HOLD
655,,LANE_B_S3_76f0cad3-a4f4-a8b1-6588-1e227bb208bc_29463-7_0,76f0cad3-a4f4-a8b1-6588-1e227bb208bc,S3,The active reading for Body Weight reflects a reduction in value compared to the previous clinical record.,CONTRADICTED,AI_FALLBACK,BLOCK,0.9981440305709839,False,Contradicted LOWER: Latest (89.7) >= Prev (84.3)
656,,LANE_B_S3_07674c27-515e-ac72-e31a-6fc01d48e604_18262-6_0,07674c27-515e-ac72-e31a-6fc01d48e604,S3,Diagnostic assessment shows that the most recently documented Cholesterol in LDL surpasses the prior encounter's result.,SUPPORTED,AI_FALLBACK,PASS,0.9966058731079102,False,Latest (140.23) > Prev (80.51) verified.
657,,LANE_B_S3_07674c27-515e-ac72-e31a-6fc01d48e604_18262-6_0,07674c27-515e-ac72-e31a-6fc01d48e604,S3,Diagnostic assessment shows that the most recently documented Cholesterol in LDL drops below the prior encounter's result.,CONTRADICTED,ABSTAIN_HOLD,HOLD,0.4922558069229126,False,ContextBind runtime: Binder abstained / low confidence HOLD
658,,LANE_B_S3_d2bb4ad7-a6e2-1a93-d206-1227ac0b99df_29463-7_0,d2bb4ad7-a6e2-1a93-d206-1227ac0b99df,S3,Evaluating recent trends reveals that current Body Weight levels are higher relative to the earlier measurement.,SUPPORTED,AI_FALLBACK,BLOCK,0.9461598992347717,False,Contradicted LOWER: Latest (31.9) >= Prev (24.7)
659,,LANE_B_S3_d2bb4ad7-a6e2-1a93-d206-1227ac0b99df_29463-7_0,d2bb4ad7-a6e2-1a93-d206-1227ac0b99df,S3,Evaluating recent trends reveals that current Body Weight levels are lower relative to the earlier measurement.,CONTRADICTED,AI_FALLBACK,BLOCK,0.9394679665565491,False,Contradicted LOWER: Latest (31.9) >= Prev (24.7)
660,,LANE_B_S3_8ec60967-1613-3e8e-f540-ebcc28c4fcbb_18262-6_0,8ec60967-1613-3e8e-f540-ebcc28c4fcbb,S3,Evaluating recent trends reveals that current Cholesterol in LDL levels are lower relative to the earlier measurement.,SUPPORTED,AI_FALLBACK,PASS,0.8462762236595154,False,Latest (91.15) < Prev (92.34) verified.
661,,LANE_B_S3_8ec60967-1613-3e8e-f540-ebcc28c4fcbb_18262-6_0,8ec60967-1613-3e8e-f540-ebcc28c4fcbb,S3,Evaluating recent trends reveals that current Cholesterol in LDL levels are higher relative to the earlier measurement.,CONTRADICTED,AI_FALLBACK,PASS,0.9145293235778809,False,Latest (91.15) < Prev (92.34) verified.
662,,LANE_B_S3_9a2ee52f-df23-62c4-9502-87ebf5b87b5c_18262-6_0,9a2ee52f-df23-62c4-9502-87ebf5b87b5c,S3,"Compared against baseline measurements from the preceding visit, the patient's current Cholesterol in LDL demonstrates an attenuated reading.",SUPPORTED,AI_FALLBACK,PASS,0.9578427672386169,False,Latest (100.44) < Prev (105.3) verified.
663,,LANE_B_S3_9a2ee52f-df23-62c4-9502-87ebf5b87b5c_18262-6_0,9a2ee52f-df23-62c4-9502-87ebf5b87b5c,S3,"Compared against baseline measurements from the preceding visit, the patient's current Cholesterol in LDL demonstrates an elevated reading.",CONTRADICTED,AI_FALLBACK,BLOCK,0.9831488132476807,False,Contradicted HIGHER: Latest (100.44) <= Prev (105.3)
664,,LANE_B_S3_4d244421-3eed-fa33-b19e-06d08b9a15b5_18262-6_0,4d244421-3eed-fa33-b19e-06d08b9a15b5,S3,Diagnostic assessment shows that the most recently documented Cholesterol in LDL drops below the prior encounter's result.,SUPPORTED,ABSTAIN_HOLD,HOLD,0.4922558069229126,False,ContextBind runtime: Binder abstained / low confidence HOLD
665,,LANE_B_S3_4d244421-3eed-fa33-b19e-06d08b9a15b5_18262-6_0,4d244421-3eed-fa33-b19e-06d08b9a15b5,S3,Diagnostic assessment shows that the most recently documented Cholesterol in LDL surpasses the prior encounter's result.,CONTRADICTED,AI_FALLBACK,BLOCK,0.9966058731079102,False,Contradicted HIGHER: Latest (91.55) <= Prev (104.76)
666,,LANE_B_S3_622655a0-c107-94d1-fe07-63fc26842c4c_29463-7_0,622655a0-c107-94d1-fe07-63fc26842c4c,S3,Evaluating recent trends reveals that current Body Weight levels are higher relative to the earlier measurement.,SUPPORTED,AI_FALLBACK,BLOCK,0.9461598992347717,False,Contradicted LOWER: Latest (5.1) >= Prev (4.3)
667,,LANE_B_S3_622655a0-c107-94d1-fe07-63fc26842c4c_29463-7_0,622655a0-c107-94d1-fe07-63fc26842c4c,S3,Evaluating recent trends reveals that current Body Weight levels are lower relative to the earlier measurement.,CONTRADICTED,AI_FALLBACK,BLOCK,0.9394679665565491,False,Contradicted LOWER: Latest (5.1) >= Prev (4.3)
668,,LANE_B_S3_75054069-59aa-4bb3-3b13-73730645743e_18262-6_0,75054069-59aa-4bb3-3b13-73730645743e,S3,Evaluating recent trends reveals that current Cholesterol in LDL levels are higher relative to the earlier measurement.,SUPPORTED,AI_FALLBACK,BLOCK,0.9145293235778809,False,Contradicted LOWER: Latest (65.85) >= Prev (24.71)
669,,LANE_B_S3_75054069-59aa-4bb3-3b13-73730645743e_18262-6_0,75054069-59aa-4bb3-3b13-73730645743e,S3,Evaluating recent trends reveals that current Cholesterol in LDL levels are lower relative to the earlier measurement.,CONTRADICTED,AI_FALLBACK,BLOCK,0.8462762236595154,False,Contradicted LOWER: Latest (65.85) >= Prev (24.71)
670,,LANE_B_S3_c5fab86a-ca08-f9e0-21b6-dd6edac5a207_17861-6_0,c5fab86a-ca08-f9e0-21b6-dd6edac5a207,S3,Evaluating recent trends reveals that current Calcium levels are higher relative to the earlier measurement.,SUPPORTED,AI_FALLBACK,BLOCK,0.9774701595306396,False,Contradicted LOWER: Latest (10.11) >= Prev (8.61)
671,,LANE_B_S3_c5fab86a-ca08-f9e0-21b6-dd6edac5a207_17861-6_0,c5fab86a-ca08-f9e0-21b6-dd6edac5a207,S3,Evaluating recent trends reveals that current Calcium levels are lower relative to the earlier measurement.,CONTRADICTED,AI_FALLBACK,BLOCK,0.8506996631622314,False,Contradicted LOWER: Latest (10.11) >= Prev (8.61)
672,,LANE_B_S3_44faa1af-0405-53c0-cbb2-b66735aaea13_29463-7_0,44faa1af-0405-53c0-cbb2-b66735aaea13,S3,"Compared against baseline measurements from the preceding visit, the patient's current Body Weight demonstrates an elevated reading.",SUPPORTED,AI_FALLBACK,BLOCK,0.9949867725372314,False,Contradicted LOWER: Latest (30.4) >= Prev (26.9)
673,,LANE_B_S3_44faa1af-0405-53c0-cbb2-b66735aaea13_29463-7_0,44faa1af-0405-53c0-cbb2-b66735aaea13,S3,"Compared against baseline measurements from the preceding visit, the patient's current Body Weight demonstrates an attenuated reading.",CONTRADICTED,AI_FALLBACK,BLOCK,0.9823771715164185,False,Contradicted LOWER: Latest (30.4) >= Prev (26.9)
674,,LANE_B_S3_0309c183-6f42-b350-0eda-b89936e92eda_29463-7_0,0309c183-6f42-b350-0eda-b89936e92eda,S3,Evaluating recent trends reveals that current Body Weight levels are higher relative to the earlier measurement.,SUPPORTED,AI_FALLBACK,BLOCK,0.9461598992347717,False,Contradicted LOWER: Latest (4.0) >= Prev (3.2)
675,,LANE_B_S3_0309c183-6f42-b350-0eda-b89936e92eda_29463-7_0,0309c183-6f42-b350-0eda-b89936e92eda,S3,Evaluating recent trends reveals that current Body Weight levels are lower relative to the earlier measurement.,CONTRADICTED,AI_FALLBACK,BLOCK,0.9394679665565491,False,Contradicted LOWER: Latest (4.0) >= Prev (3.2)
676,,LANE_B_S3_879f0212-b4b8-05e7-e762-9c4e381fd332_29463-7_0,879f0212-b4b8-05e7-e762-9c4e381fd332,S3,"Compared against baseline measurements from the preceding visit, the patient's current Body Weight demonstrates an elevated reading.",SUPPORTED,AI_FALLBACK,BLOCK,0.9949867725372314,False,Contradicted LOWER: Latest (35.3) >= Prev (32.1)
677,,LANE_B_S3_879f0212-b4b8-05e7-e762-9c4e381fd332_29463-7_0,879f0212-b4b8-05e7-e762-9c4e381fd332,S3,"Compared against baseline measurements from the preceding visit, the patient's current Body Weight demonstrates an attenuated reading.",CONTRADICTED,AI_FALLBACK,BLOCK,0.9823771715164185,False,Contradicted LOWER: Latest (35.3) >= Prev (32.1)
678,,LANE_B_S3_5a4ddc62-4d53-710a-2e52-95b0b97a231a_18262-6_0,5a4ddc62-4d53-710a-2e52-95b0b97a231a,S3,Evaluating recent trends reveals that current Cholesterol in LDL levels are higher relative to the earlier measurement.,SUPPORTED,AI_FALLBACK,BLOCK,0.9145293235778809,False,Contradicted LOWER: Latest (177.7) >= Prev (92.45)
679,,LANE_B_S3_5a4ddc62-4d53-710a-2e52-95b0b97a231a_18262-6_0,5a4ddc62-4d53-710a-2e52-95b0b97a231a,S3,Evaluating recent trends reveals that current Cholesterol in LDL levels are lower relative to the earlier measurement.,CONTRADICTED,AI_FALLBACK,BLOCK,0.8462762236595154,False,Contradicted LOWER: Latest (177.7) >= Prev (92.45)
680,,LANE_B_S3_6ad0b984-27c9-831b-f0a2-a1a5f9669e4b_1742-6_0,6ad0b984-27c9-831b-f0a2-a1a5f9669e4b,S3,"Compared against baseline measurements from the preceding visit, the patient's current Alanine aminotransferase demonstrates an elevated reading.",SUPPORTED,AI_FALLBACK,PASS,0.9709547162055969,False,Latest (12.577) > Prev (5.6236) verified.
681,,LANE_B_S3_6ad0b984-27c9-831b-f0a2-a1a5f9669e4b_1742-6_0,6ad0b984-27c9-831b-f0a2-a1a5f9669e4b,S3,"Compared against baseline measurements from the preceding visit, the patient's current Alanine aminotransferase demonstrates an attenuated reading.",CONTRADICTED,AI_FALLBACK,BLOCK,0.9143885374069214,False,Contradicted LOWER: Latest (12.577) >= Prev (5.6236)
682,,LANE_B_S3_6cb35e20-a561-110f-d5ee-a4dab543167e_10834-0_0,6cb35e20-a561-110f-d5ee-a4dab543167e,S3,"Compared against baseline measurements from the preceding visit, the patient's current Globulin demonstrates an attenuated reading.",SUPPORTED,AI_FALLBACK,PASS,0.9112042188644409,False,Latest (2.7986) < Prev (2.9666) verified.
683,,LANE_B_S3_6cb35e20-a561-110f-d5ee-a4dab543167e_10834-0_0,6cb35e20-a561-110f-d5ee-a4dab543167e,S3,"Compared against baseline measurements from the preceding visit, the patient's current Globulin demonstrates an elevated reading.",CONTRADICTED,AI_FALLBACK,BLOCK,0.9818083643913269,False,Contradicted HIGHER: Latest (2.7986) <= Prev (2.9666)
684,,LANE_B_S3_75c91a89-af09-1d66-fc52-a3614d298548_29463-7_0,75c91a89-af09-1d66-fc52-a3614d298548,S3,Diagnostic assessment shows that the most recently documented Body Weight surpasses the prior encounter's result.,SUPPORTED,AI_FALLBACK,PASS,0.9994624257087708,False,Latest (5.6) > Prev (4.6) verified.
685,,LANE_B_S3_75c91a89-af09-1d66-fc52-a3614d298548_29463-7_0,75c91a89-af09-1d66-fc52-a3614d298548,S3,Diagnostic assessment shows that the most recently documented Body Weight drops below the prior encounter's result.,CONTRADICTED,AI_FALLBACK,PASS,0.8345898985862732,False,Latest (5.6) > Prev (4.6) verified.
686,,LANE_B_S3_a522c6b9-a01a-66f6-6486-b0aa398e2977_10834-0_0,a522c6b9-a01a-66f6-6486-b0aa398e2977,S3,Evaluating recent trends reveals that current Globulin levels are higher relative to the earlier measurement.,SUPPORTED,AI_FALLBACK,BLOCK,0.9127005338668823,False,Contradicted LOWER: Latest (2.5947) >= Prev (2.0587)
687,,LANE_B_S3_a522c6b9-a01a-66f6-6486-b0aa398e2977_10834-0_0,a522c6b9-a01a-66f6-6486-b0aa398e2977,S3,Evaluating recent trends reveals that current Globulin levels are lower relative to the earlier measurement.,CONTRADICTED,AI_FALLBACK,BLOCK,0.7057583928108215,False,Contradicted LOWER: Latest (2.5947) >= Prev (2.0587)
688,,LANE_B_S3_37bd999b-8dbb-4681-5c39-a52162038408_10834-0_0,37bd999b-8dbb-4681-5c39-a52162038408,S3,Evaluating recent trends reveals that current Globulin levels are lower relative to the earlier measurement.,SUPPORTED,AI_FALLBACK,PASS,0.7057583928108215,False,Latest (2.2361) < Prev (2.3777) verified.
689,,LANE_B_S3_37bd999b-8dbb-4681-5c39-a52162038408_10834-0_0,37bd999b-8dbb-4681-5c39-a52162038408,S3,Evaluating recent trends reveals that current Globulin levels are higher relative to the earlier measurement.,CONTRADICTED,AI_FALLBACK,PASS,0.9127005338668823,False,Latest (2.2361) < Prev (2.3777) verified.
690,,LANE_B_S3_32b79933-e83c-add0-48f0-dd875f072ea2_29463-7_0,32b79933-e83c-add0-48f0-dd875f072ea2,S3,Diagnostic assessment shows that the most recently documented Body Weight surpasses the prior encounter's result.,SUPPORTED,AI_FALLBACK,PASS,0.9994624257087708,False,Latest (69.4) > Prev (65.6) verified.
691,,LANE_B_S3_32b79933-e83c-add0-48f0-dd875f072ea2_29463-7_0,32b79933-e83c-add0-48f0-dd875f072ea2,S3,Diagnostic assessment shows that the most recently documented Body Weight drops below the prior encounter's result.,CONTRADICTED,AI_FALLBACK,PASS,0.8345898985862732,False,Latest (69.4) > Prev (65.6) verified.
692,,LANE_B_S3_91dd1e88-63f5-bd78-7ed8-64e74ed9da56_18262-6_0,91dd1e88-63f5-bd78-7ed8-64e74ed9da56,S3,Diagnostic assessment shows that the most recently documented Cholesterol in LDL surpasses the prior encounter's result.,SUPPORTED,AI_FALLBACK,PASS,0.9966058731079102,False,Latest (64.64) > Prev (36.62) verified.
693,,LANE_B_S3_91dd1e88-63f5-bd78-7ed8-64e74ed9da56_18262-6_0,91dd1e88-63f5-bd78-7ed8-64e74ed9da56,S3,Diagnostic assessment shows that the most recently documented Cholesterol in LDL drops below the prior encounter's result.,CONTRADICTED,ABSTAIN_HOLD,HOLD,0.4922558069229126,False,ContextBind runtime: Binder abstained / low confidence HOLD
694,,LANE_B_S3_1ca1c903-f474-d565-c500-56b2ceee443b_18262-6_0,1ca1c903-f474-d565-c500-56b2ceee443b,S3,Diagnostic assessment shows that the most recently documented Cholesterol in LDL surpasses the prior encounter's result.,SUPPORTED,AI_FALLBACK,PASS,0.9966058731079102,False,Latest (157.15) > Prev (18.44) verified.
695,,LANE_B_S3_1ca1c903-f474-d565-c500-56b2ceee443b_18262-6_0,1ca1c903-f474-d565-c500-56b2ceee443b,S3,Diagnostic assessment shows that the most recently documented Cholesterol in LDL drops below the prior encounter's result.,CONTRADICTED,ABSTAIN_HOLD,HOLD,0.4922558069229126,False,ContextBind runtime: Binder abstained / low confidence HOLD
696,,LANE_B_S3_3f078dbb-b6c1-0f42-5a6a-b1532f98126a_29463-7_0,3f078dbb-b6c1-0f42-5a6a-b1532f98126a,S3,Diagnostic assessment shows that the most recently documented Body Weight drops below the prior encounter's result.,SUPPORTED,AI_FALLBACK,BLOCK,0.8345898985862732,False,Contradicted HIGHER: Latest (76.0) <= Prev (76.3)
697,,LANE_B_S3_3f078dbb-b6c1-0f42-5a6a-b1532f98126a_29463-7_0,3f078dbb-b6c1-0f42-5a6a-b1532f98126a,S3,Diagnostic assessment shows that the most recently documented Body Weight surpasses the prior encounter's result.,CONTRADICTED,AI_FALLBACK,BLOCK,0.9994624257087708,False,Contradicted HIGHER: Latest (76.0) <= Prev (76.3)
698,,LANE_B_S3_c0710203-a3ba-f525-2eed-992f84cf6ec7_18262-6_0,c0710203-a3ba-f525-2eed-992f84cf6ec7,S3,"Compared against baseline measurements from the preceding visit, the patient's current Cholesterol in LDL demonstrates an elevated reading.",SUPPORTED,AI_FALLBACK,PASS,0.9831488132476807,False,Latest (118.04) > Prev (38.49) verified.
699,,LANE_B_S3_c0710203-a3ba-f525-2eed-992f84cf6ec7_18262-6_0,c0710203-a3ba-f525-2eed-992f84cf6ec7,S3,"Compared against baseline measurements from the preceding visit, the patient's current Cholesterol in LDL demonstrates an attenuated reading.",CONTRADICTED,AI_FALLBACK,BLOCK,0.9578427672386169,False,Contradicted LOWER: Latest (118.04) >= Prev (38.49)
700,,LANE_B_S3_239d6a91-81fa-dcc6-4dfe-d09be55e0a36_29463-7_0,239d6a91-81fa-dcc6-4dfe-d09be55e0a36,S3,Diagnostic assessment shows that the most recently documented Body Weight surpasses the prior encounter's result.,SUPPORTED,AI_FALLBACK,PASS,0.9994624257087708,False,Latest (49.1) > Prev (44.9) verified.
701,,LANE_B_S3_239d6a91-81fa-dcc6-4dfe-d09be55e0a36_29463-7_0,239d6a91-81fa-dcc6-4dfe-d09be55e0a36,S3,Diagnostic assessment shows that the most recently documented Body Weight drops below the prior encounter's result.,CONTRADICTED,AI_FALLBACK,PASS,0.8345898985862732,False,Latest (49.1) > Prev (44.9) verified.
702,,LANE_B_S3_717ad9e9-ef8c-e37c-a260-38f7009bd519_10834-0_0,717ad9e9-ef8c-e37c-a260-38f7009bd519,S3,"Compared against baseline measurements from the preceding visit, the patient's current Globulin demonstrates an elevated reading.",SUPPORTED,AI_FALLBACK,PASS,0.9818083643913269,False,Latest (3.1561) > Prev (2.6623) verified.
703,,LANE_B_S3_717ad9e9-ef8c-e37c-a260-38f7009bd519_10834-0_0,717ad9e9-ef8c-e37c-a260-38f7009bd519,S3,"Compared against baseline measurements from the preceding visit, the patient's current Globulin demonstrates an attenuated reading.",CONTRADICTED,AI_FALLBACK,BLOCK,0.9112042188644409,False,Contradicted LOWER: Latest (3.1561) >= Prev (2.6623)
704,,LANE_B_S3_2373b983-ecae-825f-72f8-c06bd53df4f0_1742-6_0,2373b983-ecae-825f-72f8-c06bd53df4f0,S3,Evaluating recent trends reveals that current Alanine aminotransferase levels are lower relative to the earlier measurement.,SUPPORTED,AI_FALLBACK,PASS,0.8634119033813477,False,Latest (22.091) < Prev (42.926) verified.
705,,LANE_B_S3_2373b983-ecae-825f-72f8-c06bd53df4f0_1742-6_0,2373b983-ecae-825f-72f8-c06bd53df4f0,S3,Evaluating recent trends reveals that current Alanine aminotransferase levels are higher relative to the earlier measurement.,CONTRADICTED,AI_FALLBACK,BLOCK,0.888387143611908,False,Contradicted HIGHER: Latest (22.091) <= Prev (42.926)
706,,LANE_B_S3_ce6f355f-0556-60d4-614c-920be5bd1684_29463-7_0,ce6f355f-0556-60d4-614c-920be5bd1684,S3,Diagnostic assessment shows that the most recently documented Body Weight surpasses the prior encounter's result.,SUPPORTED,AI_FALLBACK,PASS,0.9994624257087708,False,Latest (61.8) > Prev (51.7) verified.
707,,LANE_B_S3_ce6f355f-0556-60d4-614c-920be5bd1684_29463-7_0,ce6f355f-0556-60d4-614c-920be5bd1684,S3,Diagnostic assessment shows that the most recently documented Body Weight drops below the prior encounter's result.,CONTRADICTED,AI_FALLBACK,PASS,0.8345898985862732,False,Latest (61.8) > Prev (51.7) verified.
708,,LANE_B_S3_901dc5c3-ba8e-95cb-153a-f8650f565b01_14804-9_0,901dc5c3-ba8e-95cb-153a-f8650f565b01,S3,Evaluating recent trends reveals that current Lactate dehydrogenase levels are higher relative to the earlier measurement.,SUPPORTED,AI_FALLBACK,PASS,0.8963286280632019,False,Latest (227.34) > Prev (222.3) verified.
709,,LANE_B_S3_901dc5c3-ba8e-95cb-153a-f8650f565b01_14804-9_0,901dc5c3-ba8e-95cb-153a-f8650f565b01,S3,Evaluating recent trends reveals that current Lactate dehydrogenase levels are lower relative to the earlier measurement.,CONTRADICTED,ABSTAIN_HOLD,HOLD,0.5985279679298401,False,ContextBind runtime: Binder abstained / low confidence HOLD
710,,LANE_B_S3_fe1a1de4-4b84-e7c3-8333-d8d749881238_29463-7_0,fe1a1de4-4b84-e7c3-8333-d8d749881238,S3,Evaluating recent trends reveals that current Body Weight levels are higher relative to the earlier measurement.,SUPPORTED,AI_FALLBACK,BLOCK,0.9461598992347717,False,Contradicted LOWER: Latest (64.2) >= Prev (62.3)
711,,LANE_B_S3_fe1a1de4-4b84-e7c3-8333-d8d749881238_29463-7_0,fe1a1de4-4b84-e7c3-8333-d8d749881238,S3,Evaluating recent trends reveals that current Body Weight levels are lower relative to the earlier measurement.,CONTRADICTED,AI_FALLBACK,BLOCK,0.9394679665565491,False,Contradicted LOWER: Latest (64.2) >= Prev (62.3)
712,,LANE_B_S3_0ac7e0a5-049a-213e-b741-2533dc439eba_10834-0_0,0ac7e0a5-049a-213e-b741-2533dc439eba,S3,Diagnostic assessment shows that the most recently documented Globulin drops below the prior encounter's result.,SUPPORTED,ABSTAIN_HOLD,HOLD,0.6043636202812195,False,ContextBind runtime: Binder abstained / low confidence HOLD
713,,LANE_B_S3_0ac7e0a5-049a-213e-b741-2533dc439eba_10834-0_0,0ac7e0a5-049a-213e-b741-2533dc439eba,S3,Diagnostic assessment shows that the most recently documented Globulin surpasses the prior encounter's result.,CONTRADICTED,AI_FALLBACK,BLOCK,0.9973119497299194,False,Contradicted HIGHER: Latest (2.1632) <= Prev (2.17)
714,,LANE_B_S3_af47bac4-40f1-a7d9-a5c6-5ada7ecc523e_29463-7_0,af47bac4-40f1-a7d9-a5c6-5ada7ecc523e,S3,Evaluating recent trends reveals that current Body Weight levels are higher relative to the earlier measurement.,SUPPORTED,AI_FALLBACK,BLOCK,0.9461598992347717,False,Contradicted LOWER: Latest (94.1) >= Prev (91.2)
715,,LANE_B_S3_af47bac4-40f1-a7d9-a5c6-5ada7ecc523e_29463-7_0,af47bac4-40f1-a7d9-a5c6-5ada7ecc523e,S3,Evaluating recent trends reveals that current Body Weight levels are lower relative to the earlier measurement.,CONTRADICTED,AI_FALLBACK,BLOCK,0.9394679665565491,False,Contradicted LOWER: Latest (94.1) >= Prev (91.2)
716,,LANE_B_S3_6140b15d-270f-0abb-8532-2a9ccff32dc1_10834-0_0,6140b15d-270f-0abb-8532-2a9ccff32dc1,S3,The active reading for Globulin reflects a reduction in value compared to the previous clinical record.,SUPPORTED,AI_FALLBACK,PASS,0.9707968235015869,False,Latest (2.9403) < Prev (3.4117) verified.
717,,LANE_B_S3_6140b15d-270f-0abb-8532-2a9ccff32dc1_10834-0_0,6140b15d-270f-0abb-8532-2a9ccff32dc1,S3,The active reading for Globulin reflects a rise in value compared to the previous clinical record.,CONTRADICTED,ABSTAIN_HOLD,HOLD,0.5416395664215088,False,ContextBind runtime: Binder abstained / low confidence HOLD
718,,LANE_B_S3_0caf9d3d-5cc1-daac-b735-9cac1430b820_29463-7_0,0caf9d3d-5cc1-daac-b735-9cac1430b820,S3,Diagnostic assessment shows that the most recently documented Body Weight surpasses the prior encounter's result.,SUPPORTED,AI_FALLBACK,PASS,0.9994624257087708,False,Latest (13.0) > Prev (12.3) verified.
719,,LANE_B_S3_0caf9d3d-5cc1-daac-b735-9cac1430b820_29463-7_0,0caf9d3d-5cc1-daac-b735-9cac1430b820,S3,Diagnostic assessment shows that the most recently documented Body Weight drops below the prior encounter's result.,CONTRADICTED,AI_FALLBACK,PASS,0.8345898985862732,False,Latest (13.0) > Prev (12.3) verified.
720,,LANE_B_S3_a773f62b-4ac4-fd0d-e7c7-186f095d78ce_18262-6_0,a773f62b-4ac4-fd0d-e7c7-186f095d78ce,S3,"Compared against baseline measurements from the preceding visit, the patient's current Cholesterol in LDL demonstrates an attenuated reading.",SUPPORTED,AI_FALLBACK,PASS,0.9578426480293274,False,Latest (112.29) < Prev (157.98) verified.
721,,LANE_B_S3_a773f62b-4ac4-fd0d-e7c7-186f095d78ce_18262-6_0,a773f62b-4ac4-fd0d-e7c7-186f095d78ce,S3,"Compared against baseline measurements from the preceding visit, the patient's current Cholesterol in LDL demonstrates an elevated reading.",CONTRADICTED,AI_FALLBACK,BLOCK,0.9831488132476807,False,Contradicted HIGHER: Latest (112.29) <= Prev (157.98)
722,,LANE_B_S3_c541b57e-7897-95a6-08ce-be65d7c87200_18262-6_0,c541b57e-7897-95a6-08ce-be65d7c87200,S3,"Compared against baseline measurements from the preceding visit, the patient's current Cholesterol in LDL demonstrates an attenuated reading.",SUPPORTED,AI_FALLBACK,PASS,0.9578426480293274,False,Latest (89.07) < Prev (101.4) verified.
723,,LANE_B_S3_c541b57e-7897-95a6-08ce-be65d7c87200_18262-6_0,c541b57e-7897-95a6-08ce-be65d7c87200,S3,"Compared against baseline measurements from the preceding visit, the patient's current Cholesterol in LDL demonstrates an elevated reading.",CONTRADICTED,AI_FALLBACK,BLOCK,0.9831488132476807,False,Contradicted HIGHER: Latest (89.07) <= Prev (101.4)
724,,LANE_B_S3_dd646cc9-85af-3a42-2e1b-098e44ba970e_18262-6_0,dd646cc9-85af-3a42-2e1b-098e44ba970e,S3,Evaluating recent trends reveals that current Cholesterol in LDL levels are lower relative to the earlier measurement.,SUPPORTED,AI_FALLBACK,PASS,0.8462762236595154,False,Latest (86.05) < Prev (91.79) verified.
725,,LANE_B_S3_dd646cc9-85af-3a42-2e1b-098e44ba970e_18262-6_0,dd646cc9-85af-3a42-2e1b-098e44ba970e,S3,Evaluating recent trends reveals that current Cholesterol in LDL levels are higher relative to the earlier measurement.,CONTRADICTED,AI_FALLBACK,PASS,0.9145293235778809,False,Latest (86.05) < Prev (91.79) verified.
726,,LANE_B_S3_df48bca3-712f-8a5d-7950-29022f3020b1_18262-6_0,df48bca3-712f-8a5d-7950-29022f3020b1,S3,Evaluating recent trends reveals that current Cholesterol in LDL levels are lower relative to the earlier measurement.,SUPPORTED,AI_FALLBACK,PASS,0.8462762236595154,False,Latest (222.28) < Prev (226.95) verified.
727,,LANE_B_S3_df48bca3-712f-8a5d-7950-29022f3020b1_18262-6_0,df48bca3-712f-8a5d-7950-29022f3020b1,S3,Evaluating recent trends reveals that current Cholesterol in LDL levels are higher relative to the earlier measurement.,CONTRADICTED,AI_FALLBACK,PASS,0.9145293235778809,False,Latest (222.28) < Prev (226.95) verified.
728,,LANE_B_S3_8b05f607-c2f9-f077-6b4e-8fba65529191_29463-7_0,8b05f607-c2f9-f077-6b4e-8fba65529191,S3,The active reading for Body Weight reflects a rise in value compared to the previous clinical record.,SUPPORTED,ABSTAIN_HOLD,HOLD,0.5229250192642212,False,ContextBind runtime: Binder abstained / low confidence HOLD
729,,LANE_B_S3_8b05f607-c2f9-f077-6b4e-8fba65529191_29463-7_0,8b05f607-c2f9-f077-6b4e-8fba65529191,S3,The active reading for Body Weight reflects a reduction in value compared to the previous clinical record.,CONTRADICTED,AI_FALLBACK,BLOCK,0.9981440305709839,False,Contradicted LOWER: Latest (18.7) >= Prev (17.5)
730,,LANE_B_S3_69a381be-cc61-5ccc-79a9-c7112ba149de_20565-8_1,69a381be-cc61-5ccc-79a9-c7112ba149de,S3,"Evaluating recent trends reveals that current Carbon dioxide, total levels are lower relative to the earlier measurement.",SUPPORTED,AI_FALLBACK,PASS,0.7881888747215271,False,Latest (21.16) < Prev (21.84) verified.
731,,LANE_B_S3_69a381be-cc61-5ccc-79a9-c7112ba149de_20565-8_1,69a381be-cc61-5ccc-79a9-c7112ba149de,S3,"Evaluating recent trends reveals that current Carbon dioxide, total levels are higher relative to the earlier measurement.",CONTRADICTED,AI_FALLBACK,BLOCK,0.9833206534385681,False,Contradicted HIGHER: Latest (21.16) <= Prev (21.84)
732,,LANE_B_S3_c3838789-e8ab-3fdd-758d-73ab21566d02_29463-7_1,c3838789-e8ab-3fdd-758d-73ab21566d02,S3,The active reading for Body Weight reflects a rise in value compared to the previous clinical record.,SUPPORTED,ABSTAIN_HOLD,HOLD,0.5229250192642212,False,ContextBind runtime: Binder abstained / low confidence HOLD
733,,LANE_B_S3_c3838789-e8ab-3fdd-758d-73ab21566d02_29463-7_1,c3838789-e8ab-3fdd-758d-73ab21566d02,S3,The active reading for Body Weight reflects a reduction in value compared to the previous clinical record.,CONTRADICTED,AI_FALLBACK,BLOCK,0.9981440305709839,False,Contradicted LOWER: Latest (6.9) >= Prev (5.3)
734,,LANE_B_S3_a1a2903a-8cbd-658a-95a3-350eaa43e930_29463-7_1,a1a2903a-8cbd-658a-95a3-350eaa43e930,S3,Evaluating recent trends reveals that current Body Weight levels are higher relative to the earlier measurement.,SUPPORTED,AI_FALLBACK,BLOCK,0.9461598992347717,False,Contradicted LOWER: Latest (78.1) >= Prev (74.5)
735,,LANE_B_S3_a1a2903a-8cbd-658a-95a3-350eaa43e930_29463-7_1,a1a2903a-8cbd-658a-95a3-350eaa43e930,S3,Evaluating recent trends reveals that current Body Weight levels are lower relative to the earlier measurement.,CONTRADICTED,AI_FALLBACK,BLOCK,0.9394679665565491,False,Contradicted LOWER: Latest (78.1) >= Prev (74.5)
736,,LANE_B_S3_5cf6f8cb-200c-05a9-e0a7-b6a685f9bedd_14959-1_1,5cf6f8cb-200c-05a9-e0a7-b6a685f9bedd,S3,"Compared against baseline measurements from the preceding visit, the patient's current Microalbumin/Creatinine demonstrates an elevated reading.",SUPPORTED,AI_FALLBACK,PASS,0.9727454781532288,False,Latest (5.33) > Prev (4.07) verified.
737,,LANE_B_S3_5cf6f8cb-200c-05a9-e0a7-b6a685f9bedd_14959-1_1,5cf6f8cb-200c-05a9-e0a7-b6a685f9bedd,S3,"Compared against baseline measurements from the preceding visit, the patient's current Microalbumin/Creatinine demonstrates an attenuated reading.",CONTRADICTED,AI_FALLBACK,PASS,0.9343417286872864,False,Latest (5.33) > Prev (4.07) verified.
738,,LANE_B_S3_ad590342-4028-13d8-ae78-8f78dea64cd0_10834-0_1,ad590342-4028-13d8-ae78-8f78dea64cd0,S3,Evaluating recent trends reveals that current Globulin levels are higher relative to the earlier measurement.,SUPPORTED,AI_FALLBACK,BLOCK,0.9127005338668823,False,Contradicted LOWER: Latest (3.3142) >= Prev (2.492)
739,,LANE_B_S3_ad590342-4028-13d8-ae78-8f78dea64cd0_10834-0_1,ad590342-4028-13d8-ae78-8f78dea64cd0,S3,Evaluating recent trends reveals that current Globulin levels are lower relative to the earlier measurement.,CONTRADICTED,AI_FALLBACK,BLOCK,0.7057583928108215,False,Contradicted LOWER: Latest (3.3142) >= Prev (2.492)
740,,LANE_B_S3_a6650ed3-f9f6-842c-ef66-3e6b37722bfc_29463-7_1,a6650ed3-f9f6-842c-ef66-3e6b37722bfc,S3,The active reading for Body Weight reflects a rise in value compared to the previous clinical record.,SUPPORTED,ABSTAIN_HOLD,HOLD,0.5229250192642212,False,ContextBind runtime: Binder abstained / low confidence HOLD
741,,LANE_B_S3_a6650ed3-f9f6-842c-ef66-3e6b37722bfc_29463-7_1,a6650ed3-f9f6-842c-ef66-3e6b37722bfc,S3,The active reading for Body Weight reflects a reduction in value compared to the previous clinical record.,CONTRADICTED,AI_FALLBACK,BLOCK,0.9981440305709839,False,Contradicted LOWER: Latest (15.3) >= Prev (14.1)
742,,LANE_B_S3_cfc1c338-552e-2760-d5f3-1a444ae699dc_29463-7_1,cfc1c338-552e-2760-d5f3-1a444ae699dc,S3,Evaluating recent trends reveals that current Body Weight levels are higher relative to the earlier measurement.,SUPPORTED,AI_FALLBACK,BLOCK,0.9461598992347717,False,Contradicted LOWER: Latest (54.3) >= Prev (48.0)
743,,LANE_B_S3_cfc1c338-552e-2760-d5f3-1a444ae699dc_29463-7_1,cfc1c338-552e-2760-d5f3-1a444ae699dc,S3,Evaluating recent trends reveals that current Body Weight levels are lower relative to the earlier measurement.,CONTRADICTED,AI_FALLBACK,BLOCK,0.9394679665565491,False,Contradicted LOWER: Latest (54.3) >= Prev (48.0)
744,,LANE_B_S3_5af9cce9-1154-d631-4690-c8a0a5d7a78e_18262-6_1,5af9cce9-1154-d631-4690-c8a0a5d7a78e,S3,Evaluating recent trends reveals that current Cholesterol in LDL levels are lower relative to the earlier measurement.,SUPPORTED,AI_FALLBACK,PASS,0.8462762236595154,False,Latest (90.11) < Prev (90.18) verified.
745,,LANE_B_S3_5af9cce9-1154-d631-4690-c8a0a5d7a78e_18262-6_1,5af9cce9-1154-d631-4690-c8a0a5d7a78e,S3,Evaluating recent trends reveals that current Cholesterol in LDL levels are higher relative to the earlier measurement.,CONTRADICTED,AI_FALLBACK,PASS,0.9145293235778809,False,Latest (90.11) < Prev (90.18) verified.
746,,LANE_B_S3_442bf80e-f176-bec8-5352-5d58b4548a8b_29463-7_1,442bf80e-f176-bec8-5352-5d58b4548a8b,S3,Diagnostic assessment shows that the most recently documented Body Weight surpasses the prior encounter's result.,SUPPORTED,AI_FALLBACK,PASS,0.9994624257087708,False,Latest (5.9) > Prev (4.5) verified.
747,,LANE_B_S3_442bf80e-f176-bec8-5352-5d58b4548a8b_29463-7_1,442bf80e-f176-bec8-5352-5d58b4548a8b,S3,Diagnostic assessment shows that the most recently documented Body Weight drops below the prior encounter's result.,CONTRADICTED,AI_FALLBACK,PASS,0.8345898985862732,False,Latest (5.9) > Prev (4.5) verified.
748,,LANE_B_S3_82532b80-f91c-6d28-1407-401f4fe12f2d_29463-7_1,82532b80-f91c-6d28-1407-401f4fe12f2d,S3,The active reading for Body Weight reflects a rise in value compared to the previous clinical record.,SUPPORTED,ABSTAIN_HOLD,HOLD,0.5229250192642212,False,ContextBind runtime: Binder abstained / low confidence HOLD
749,,LANE_B_S3_82532b80-f91c-6d28-1407-401f4fe12f2d_29463-7_1,82532b80-f91c-6d28-1407-401f4fe12f2d,S3,The active reading for Body Weight reflects a reduction in value compared to the previous clinical record.,CONTRADICTED,AI_FALLBACK,BLOCK,0.9981440305709839,False,Contradicted LOWER: Latest (29.5) >= Prev (27.1)
750,,LANE_B_S4_d2bb4ad7-a6e2-1a93-d206-1227ac0b99df_29463-7_0,d2bb4ad7-a6e2-1a93-d206-1227ac0b99df,S4,The most recent laboratory panel documents active Body Weight at 84.3 kg.,SUPPORTED,RULE,HOLD,1.0,False,No eligible observations found for code.
751,,LANE_B_S4_d2bb4ad7-a6e2-1a93-d206-1227ac0b99df_29463-7_0,d2bb4ad7-a6e2-1a93-d206-1227ac0b99df,S4,The most recent laboratory panel documents active Body Weight at 24.7 kg.,CONTRADICTED,RULE,HOLD,1.0,False,No eligible observations found for code.
752,,LANE_B_S4_91dd1e88-63f5-bd78-7ed8-64e74ed9da56_18262-6_0,91dd1e88-63f5-bd78-7ed8-64e74ed9da56,S4,"According to the EHR summary, the active recorded finding for Cholesterol in LDL is 107.08 mg/dL.",SUPPORTED,RULE,HOLD,1.0,False,No eligible observations found for code.
753,,LANE_B_S4_91dd1e88-63f5-bd78-7ed8-64e74ed9da56_18262-6_0,91dd1e88-63f5-bd78-7ed8-64e74ed9da56,S4,"According to the EHR summary, the active recorded finding for Cholesterol in LDL is 36.62 mg/dL.",CONTRADICTED,RULE,HOLD,1.0,False,No eligible observations found for code.
754,,LANE_B_S4_6defb8a8-3b3c-72e6-9836-66ff76a4e5e8_10834-0_0,6defb8a8-3b3c-72e6-9836-66ff76a4e5e8,S4,The most recent laboratory panel documents active Globulin at 2.4177 g/L.,SUPPORTED,RULE,HOLD,1.0,False,No eligible observations found for code.
755,,LANE_B_S4_6defb8a8-3b3c-72e6-9836-66ff76a4e5e8_10834-0_0,6defb8a8-3b3c-72e6-9836-66ff76a4e5e8,S4,The most recent laboratory panel documents active Globulin at 3.4774 g/L.,CONTRADICTED,RULE,HOLD,1.0,False,No eligible observations found for code.
756,,LANE_B_S4_ede324e1-b681-cfc8-c782-80fdafe96cb5_29463-7_0,ede324e1-b681-cfc8-c782-80fdafe96cb5,S4,"According to the EHR summary, the active recorded finding for Body Weight is 83.5 kg.",SUPPORTED,RULE,HOLD,1.0,False,No eligible observations found for code.
757,,LANE_B_S4_ede324e1-b681-cfc8-c782-80fdafe96cb5_29463-7_0,ede324e1-b681-cfc8-c782-80fdafe96cb5,S4,"According to the EHR summary, the active recorded finding for Body Weight is 81.1 kg.",CONTRADICTED,RULE,HOLD,1.0,False,No eligible observations found for code.
758,,LANE_B_S4_5a4ddc62-4d53-710a-2e52-95b0b97a231a_18262-6_0,5a4ddc62-4d53-710a-2e52-95b0b97a231a,S4,The latest clinical evaluation confirms Cholesterol in LDL measuring 141.35 mg/dL.,SUPPORTED,RULE,HOLD,1.0,False,No eligible observations found for code.
759,,LANE_B_S4_5a4ddc62-4d53-710a-2e52-95b0b97a231a_18262-6_0,5a4ddc62-4d53-710a-2e52-95b0b97a231a,S4,The latest clinical evaluation confirms Cholesterol in LDL measuring 92.45 mg/dL.,CONTRADICTED,RULE,HOLD,1.0,False,No eligible observations found for code.
760,,LANE_B_S4_6140b15d-270f-0abb-8532-2a9ccff32dc1_10834-0_0,6140b15d-270f-0abb-8532-2a9ccff32dc1,S4,The latest clinical evaluation confirms Globulin measuring 2.0102 g/L.,SUPPORTED,RULE,HOLD,1.0,False,No eligible observations found for code.
761,,LANE_B_S4_6140b15d-270f-0abb-8532-2a9ccff32dc1_10834-0_0,6140b15d-270f-0abb-8532-2a9ccff32dc1,S4,The latest clinical evaluation confirms Globulin measuring 3.4117 g/L.,CONTRADICTED,RULE,HOLD,1.0,False,No eligible observations found for code.
762,,LANE_B_S4_5ba49b4a-ed1f-7608-f6b3-221768980eeb_18262-6_0,5ba49b4a-ed1f-7608-f6b3-221768980eeb,S4,"According to the EHR summary, the active recorded finding for Cholesterol in LDL is 91.86 mg/dL.",SUPPORTED,RULE,HOLD,1.0,False,No eligible observations found for code.
763,,LANE_B_S4_5ba49b4a-ed1f-7608-f6b3-221768980eeb_18262-6_0,5ba49b4a-ed1f-7608-f6b3-221768980eeb,S4,"According to the EHR summary, the active recorded finding for Cholesterol in LDL is 58.51 mg/dL.",CONTRADICTED,RULE,HOLD,1.0,False,No eligible observations found for code.
764,,LANE_B_S4_ce6f355f-0556-60d4-614c-920be5bd1684_29463-7_0,ce6f355f-0556-60d4-614c-920be5bd1684,S4,"According to the EHR summary, the active recorded finding for Body Weight is 93.3 kg.",SUPPORTED,RULE,HOLD,1.0,False,No eligible observations found for code.
765,,LANE_B_S4_ce6f355f-0556-60d4-614c-920be5bd1684_29463-7_0,ce6f355f-0556-60d4-614c-920be5bd1684,S4,"According to the EHR summary, the active recorded finding for Body Weight is 51.7 kg.",CONTRADICTED,RULE,HOLD,1.0,False,No eligible observations found for code.
766,,LANE_B_S4_bcd2f3ee-c55e-a794-ffb0-c0201d799313_10230-1_0,bcd2f3ee-c55e-a794-ffb0-c0201d799313,S4,The latest clinical evaluation confirms Left ventricular Ejection fraction measuring 91.71 %.,SUPPORTED,RULE,HOLD,1.0,False,No eligible observations found for code.
767,,LANE_B_S4_bcd2f3ee-c55e-a794-ffb0-c0201d799313_10230-1_0,bcd2f3ee-c55e-a794-ffb0-c0201d799313,S4,The latest clinical evaluation confirms Left ventricular Ejection fraction measuring 75.39 %.,CONTRADICTED,RULE,HOLD,1.0,False,No eligible observations found for code.
768,,LANE_B_S4_c0710203-a3ba-f525-2eed-992f84cf6ec7_18262-6_0,c0710203-a3ba-f525-2eed-992f84cf6ec7,S4,The most recent laboratory panel documents active Cholesterol in LDL at 102.83 mg/dL.,SUPPORTED,RULE,HOLD,1.0,False,No eligible observations found for code.
769,,LANE_B_S4_c0710203-a3ba-f525-2eed-992f84cf6ec7_18262-6_0,c0710203-a3ba-f525-2eed-992f84cf6ec7,S4,The most recent laboratory panel documents active Cholesterol in LDL at 38.49 mg/dL.,CONTRADICTED,RULE,HOLD,1.0,False,No eligible observations found for code.
770,,LANE_B_S4_ed5a7f35-d35b-0ee6-475a-f1c5baf4dd6f_29463-7_0,ed5a7f35-d35b-0ee6-475a-f1c5baf4dd6f,S4,"Based on active chart documentation, the patient's current Body Weight is confirmed at 43.2 kg.",SUPPORTED,RULE,HOLD,1.0,False,No eligible observations found for code.
771,,LANE_B_S4_ed5a7f35-d35b-0ee6-475a-f1c5baf4dd6f_29463-7_0,ed5a7f35-d35b-0ee6-475a-f1c5baf4dd6f,S4,"Based on active chart documentation, the patient's current Body Weight is confirmed at 9.6 kg.",CONTRADICTED,RULE,HOLD,1.0,False,No eligible observations found for code.
772,,LANE_B_S4_1a45078d-8b5a-4363-58bf-924eb2238303_29463-7_0,1a45078d-8b5a-4363-58bf-924eb2238303,S4,The most recent laboratory panel documents active Body Weight at 75.9 kg.,SUPPORTED,RULE,HOLD,1.0,False,No eligible observations found for code.
773,,LANE_B_S4_1a45078d-8b5a-4363-58bf-924eb2238303_29463-7_0,1a45078d-8b5a-4363-58bf-924eb2238303,S4,The most recent laboratory panel documents active Body Weight at 63.3 kg.,CONTRADICTED,RULE,HOLD,1.0,False,No eligible observations found for code.
774,,LANE_B_S4_6d124be7-e664-c73f-eba8-94d99e1430f3_17861-6_0,6d124be7-e664-c73f-eba8-94d99e1430f3,S4,"Based on active chart documentation, the patient's current Calcium is confirmed at 9.6 mg/dL.",SUPPORTED,RULE,HOLD,1.0,False,No eligible observations found for code.
775,,LANE_B_S4_6d124be7-e664-c73f-eba8-94d99e1430f3_17861-6_0,6d124be7-e664-c73f-eba8-94d99e1430f3,S4,"Based on active chart documentation, the patient's current Calcium is confirmed at 9.59 mg/dL.",CONTRADICTED,RULE,HOLD,1.0,False,No eligible observations found for code.
776,,LANE_B_S4_622655a0-c107-94d1-fe07-63fc26842c4c_29463-7_0,622655a0-c107-94d1-fe07-63fc26842c4c,S4,"Based on active chart documentation, the patient's current Body Weight is confirmed at 9.3 kg.",SUPPORTED,RULE,HOLD,1.0,False,No eligible observations found for code.
777,,LANE_B_S4_622655a0-c107-94d1-fe07-63fc26842c4c_29463-7_0,622655a0-c107-94d1-fe07-63fc26842c4c,S4,"Based on active chart documentation, the patient's current Body Weight is confirmed at 4.3 kg.",CONTRADICTED,RULE,HOLD,1.0,False,No eligible observations found for code.
778,,LANE_B_S4_df3584c7-131d-e0e5-61a9-cac58e73f813_29463-7_0,df3584c7-131d-e0e5-61a9-cac58e73f813,S4,"Based on active chart documentation, the patient's current Body Weight is confirmed at 75.9 kg.",SUPPORTED,RULE,HOLD,1.0,False,No eligible observations found for code.
779,,LANE_B_S4_df3584c7-131d-e0e5-61a9-cac58e73f813_29463-7_0,df3584c7-131d-e0e5-61a9-cac58e73f813,S4,"Based on active chart documentation, the patient's current Body Weight is confirmed at 65.6 kg.",CONTRADICTED,RULE,HOLD,1.0,False,No eligible observations found for code.
780,,LANE_B_S4_69a381be-cc61-5ccc-79a9-c7112ba149de_20565-8_0,69a381be-cc61-5ccc-79a9-c7112ba149de,S4,"Based on active chart documentation, the patient's current Carbon dioxide, total is confirmed at 22.8 mmol/L.",SUPPORTED,RULE,HOLD,1.0,False,No eligible observations found for code.
781,,LANE_B_S4_69a381be-cc61-5ccc-79a9-c7112ba149de_20565-8_0,69a381be-cc61-5ccc-79a9-c7112ba149de,S4,"Based on active chart documentation, the patient's current Carbon dioxide, total is confirmed at 27.87 mmol/L.",CONTRADICTED,RULE,HOLD,1.0,False,No eligible observations found for code.
782,,LANE_B_S4_c541b57e-7897-95a6-08ce-be65d7c87200_18262-6_0,c541b57e-7897-95a6-08ce-be65d7c87200,S4,The most recent laboratory panel documents active Cholesterol in LDL at 113.98 mg/dL.,SUPPORTED,RULE,HOLD,1.0,False,No eligible observations found for code.
783,,LANE_B_S4_c541b57e-7897-95a6-08ce-be65d7c87200_18262-6_0,c541b57e-7897-95a6-08ce-be65d7c87200,S4,The most recent laboratory panel documents active Cholesterol in LDL at 101.4 mg/dL.,CONTRADICTED,RULE,HOLD,1.0,False,No eligible observations found for code.
784,,LANE_B_S4_dc62d04a-06aa-b148-10d7-d14afdd03e3f_14959-1_0,dc62d04a-06aa-b148-10d7-d14afdd03e3f,S4,The latest clinical evaluation confirms Microalbumin/Creatinine measuring 14.69 mg/g.,SUPPORTED,RULE,HOLD,1.0,False,No eligible observations found for code.
785,,LANE_B_S4_dc62d04a-06aa-b148-10d7-d14afdd03e3f_14959-1_0,dc62d04a-06aa-b148-10d7-d14afdd03e3f,S4,The latest clinical evaluation confirms Microalbumin/Creatinine measuring 10.61 mg/g.,CONTRADICTED,RULE,HOLD,1.0,False,No eligible observations found for code.
786,,LANE_B_S4_b2a4a68a-fd92-6d00-ac7b-cf2410a67e3c_29463-7_0,b2a4a68a-fd92-6d00-ac7b-cf2410a67e3c,S4,"According to the EHR summary, the active recorded finding for Body Weight is 9.5 kg.",SUPPORTED,RULE,HOLD,1.0,False,No eligible observations found for code.
787,,LANE_B_S4_b2a4a68a-fd92-6d00-ac7b-cf2410a67e3c_29463-7_0,b2a4a68a-fd92-6d00-ac7b-cf2410a67e3c,S4,"According to the EHR summary, the active recorded finding for Body Weight is 3.9 kg.",CONTRADICTED,RULE,HOLD,1.0,False,No eligible observations found for code.
788,,LANE_B_S4_4b3b9763-9460-4f3c-baae-e9d31620da19_18262-6_0,4b3b9763-9460-4f3c-baae-e9d31620da19,S4,The latest clinical evaluation confirms Cholesterol in LDL measuring 52.58 mg/dL.,SUPPORTED,RULE,HOLD,1.0,False,No eligible observations found for code.
789,,LANE_B_S4_4b3b9763-9460-4f3c-baae-e9d31620da19_18262-6_0,4b3b9763-9460-4f3c-baae-e9d31620da19,S4,The latest clinical evaluation confirms Cholesterol in LDL measuring 71.88 mg/dL.,CONTRADICTED,RULE,HOLD,1.0,False,No eligible observations found for code.
790,,LANE_B_S4_5c796bed-9753-7631-6d5f-015435bd00f8_29463-7_0,5c796bed-9753-7631-6d5f-015435bd00f8,S4,"According to the EHR summary, the active recorded finding for Body Weight is 13.5 kg.",SUPPORTED,RULE,HOLD,1.0,False,No eligible observations found for code.
791,,LANE_B_S4_5c796bed-9753-7631-6d5f-015435bd00f8_29463-7_0,5c796bed-9753-7631-6d5f-015435bd00f8,S4,"According to the EHR summary, the active recorded finding for Body Weight is 3.7 kg.",CONTRADICTED,RULE,HOLD,1.0,False,No eligible observations found for code.
792,,LANE_B_S4_a6650ed3-f9f6-842c-ef66-3e6b37722bfc_29463-7_0,a6650ed3-f9f6-842c-ef66-3e6b37722bfc,S4,The most recent laboratory panel documents active Body Weight at 33.2 kg.,SUPPORTED,RULE,HOLD,1.0,False,No eligible observations found for code.
793,,LANE_B_S4_a6650ed3-f9f6-842c-ef66-3e6b37722bfc_29463-7_0,a6650ed3-f9f6-842c-ef66-3e6b37722bfc,S4,The most recent laboratory panel documents active Body Weight at 13.8 kg.,CONTRADICTED,RULE,HOLD,1.0,False,No eligible observations found for code.
794,,LANE_B_S4_1b0bd248-5cc5-9115-9ed5-055d1fbb8724_29463-7_0,1b0bd248-5cc5-9115-9ed5-055d1fbb8724,S4,"Based on active chart documentation, the patient's current Body Weight is confirmed at 13.3 kg.",SUPPORTED,RULE,HOLD,1.0,False,No eligible observations found for code.
795,,LANE_B_S4_1b0bd248-5cc5-9115-9ed5-055d1fbb8724_29463-7_0,1b0bd248-5cc5-9115-9ed5-055d1fbb8724,S4,"Based on active chart documentation, the patient's current Body Weight is confirmed at 5.0 kg.",CONTRADICTED,RULE,HOLD,1.0,False,No eligible observations found for code.
796,,LANE_B_S4_d87916d9-60bb-3afa-994b-8a429634a4f6_14959-1_0,d87916d9-60bb-3afa-994b-8a429634a4f6,S4,The latest clinical evaluation confirms Microalbumin/Creatinine measuring 13.26 mg/g.,SUPPORTED,RULE,HOLD,1.0,False,No eligible observations found for code.
797,,LANE_B_S4_d87916d9-60bb-3afa-994b-8a429634a4f6_14959-1_0,d87916d9-60bb-3afa-994b-8a429634a4f6,S4,The latest clinical evaluation confirms Microalbumin/Creatinine measuring 8.12 mg/g.,CONTRADICTED,RULE,HOLD,1.0,False,No eligible observations found for code.
798,,LANE_B_S4_9402452a-9844-3976-8890-5ffb7977fb63_29463-7_0,9402452a-9844-3976-8890-5ffb7977fb63,S4,"Based on active chart documentation, the patient's current Body Weight is confirmed at 57.2 kg.",SUPPORTED,RULE,HOLD,1.0,False,No eligible observations found for code.
799,,LANE_B_S4_9402452a-9844-3976-8890-5ffb7977fb63_29463-7_0,9402452a-9844-3976-8890-5ffb7977fb63,S4,"Based on active chart documentation, the patient's current Body Weight is confirmed at 46.4 kg.",CONTRADICTED,RULE,HOLD,1.0,False,No eligible observations found for code.
800,,LANE_B_S4_07674c27-515e-ac72-e31a-6fc01d48e604_18262-6_0,07674c27-515e-ac72-e31a-6fc01d48e604,S4,"Based on active chart documentation, the patient's current Cholesterol in LDL is confirmed at 140.23 mg/dL.",SUPPORTED,RULE,HOLD,1.0,False,No eligible observations found for code.
801,,LANE_B_S4_07674c27-515e-ac72-e31a-6fc01d48e604_18262-6_0,07674c27-515e-ac72-e31a-6fc01d48e604,S4,"Based on active chart documentation, the patient's current Cholesterol in LDL is confirmed at 80.51 mg/dL.",CONTRADICTED,RULE,HOLD,1.0,False,No eligible observations found for code.
802,,LANE_B_S4_ba83fee8-5fdd-ffc9-bc56-ddf43d86a4fd_18262-6_0,ba83fee8-5fdd-ffc9-bc56-ddf43d86a4fd,S4,"Based on active chart documentation, the patient's current Cholesterol in LDL is confirmed at 127.45 mg/dL.",SUPPORTED,RULE,HOLD,1.0,False,No eligible observations found for code.
803,,LANE_B_S4_ba83fee8-5fdd-ffc9-bc56-ddf43d86a4fd_18262-6_0,ba83fee8-5fdd-ffc9-bc56-ddf43d86a4fd,S4,"Based on active chart documentation, the patient's current Cholesterol in LDL is confirmed at 102.87 mg/dL.",CONTRADICTED,RULE,HOLD,1.0,False,No eligible observations found for code.
804,,LANE_B_S4_a1a2903a-8cbd-658a-95a3-350eaa43e930_29463-7_0,a1a2903a-8cbd-658a-95a3-350eaa43e930,S4,"Based on active chart documentation, the patient's current Body Weight is confirmed at 71.6 kg.",SUPPORTED,RULE,HOLD,1.0,False,No eligible observations found for code.
805,,LANE_B_S4_a1a2903a-8cbd-658a-95a3-350eaa43e930_29463-7_0,a1a2903a-8cbd-658a-95a3-350eaa43e930,S4,"Based on active chart documentation, the patient's current Body Weight is confirmed at 73.0 kg.",CONTRADICTED,RULE,HOLD,1.0,False,No eligible observations found for code.
806,,LANE_B_S4_aef30b80-a6fe-a817-4b71-19687c6e3fd6_10834-0_0,aef30b80-a6fe-a817-4b71-19687c6e3fd6,S4,"According to the EHR summary, the active recorded finding for Globulin is 2.9078 g/L.",SUPPORTED,RULE,HOLD,1.0,False,No eligible observations found for code.
807,,LANE_B_S4_aef30b80-a6fe-a817-4b71-19687c6e3fd6_10834-0_0,aef30b80-a6fe-a817-4b71-19687c6e3fd6,S4,"According to the EHR summary, the active recorded finding for Globulin is 2.2543 g/L.",CONTRADICTED,RULE,HOLD,1.0,False,No eligible observations found for code.
808,,LANE_B_S4_442bf80e-f176-bec8-5352-5d58b4548a8b_29463-7_0,442bf80e-f176-bec8-5352-5d58b4548a8b,S4,The latest clinical evaluation confirms Body Weight measuring 19.2 kg.,SUPPORTED,RULE,HOLD,1.0,False,No eligible observations found for code.
809,,LANE_B_S4_442bf80e-f176-bec8-5352-5d58b4548a8b_29463-7_0,442bf80e-f176-bec8-5352-5d58b4548a8b,S4,The latest clinical evaluation confirms Body Weight measuring 3.7 kg.,CONTRADICTED,RULE,HOLD,1.0,False,No eligible observations found for code.
810,,LANE_B_S4_8ec60967-1613-3e8e-f540-ebcc28c4fcbb_18262-6_0,8ec60967-1613-3e8e-f540-ebcc28c4fcbb,S4,The most recent laboratory panel documents active Cholesterol in LDL at 91.15 mg/dL.,SUPPORTED,RULE,HOLD,1.0,False,No eligible observations found for code.
811,,LANE_B_S4_8ec60967-1613-3e8e-f540-ebcc28c4fcbb_18262-6_0,8ec60967-1613-3e8e-f540-ebcc28c4fcbb,S4,The most recent laboratory panel documents active Cholesterol in LDL at 92.34 mg/dL.,CONTRADICTED,RULE,HOLD,1.0,False,No eligible observations found for code.
812,,LANE_B_S4_24dfac59-b3a5-e66c-b21d-3be7e4dffd14_10834-0_0,24dfac59-b3a5-e66c-b21d-3be7e4dffd14,S4,"Based on active chart documentation, the patient's current Globulin is confirmed at 2.9943 g/L.",SUPPORTED,RULE,HOLD,1.0,False,No eligible observations found for code.
813,,LANE_B_S4_24dfac59-b3a5-e66c-b21d-3be7e4dffd14_10834-0_0,24dfac59-b3a5-e66c-b21d-3be7e4dffd14,S4,"Based on active chart documentation, the patient's current Globulin is confirmed at 2.6629 g/L.",CONTRADICTED,RULE,HOLD,1.0,False,No eligible observations found for code.
814,,LANE_B_S4_50200931-3736-e446-8c5c-33e9f34f4fc8_29463-7_0,50200931-3736-e446-8c5c-33e9f34f4fc8,S4,"Based on active chart documentation, the patient's current Body Weight is confirmed at 83.0 kg.",SUPPORTED,RULE,HOLD,1.0,False,No eligible observations found for code.
815,,LANE_B_S4_50200931-3736-e446-8c5c-33e9f34f4fc8_29463-7_0,50200931-3736-e446-8c5c-33e9f34f4fc8,S4,"Based on active chart documentation, the patient's current Body Weight is confirmed at 74.5 kg.",CONTRADICTED,RULE,HOLD,1.0,False,No eligible observations found for code.
816,,LANE_B_S4_8b05f607-c2f9-f077-6b4e-8fba65529191_29463-7_0,8b05f607-c2f9-f077-6b4e-8fba65529191,S4,"Based on active chart documentation, the patient's current Body Weight is confirmed at 50.8 kg.",SUPPORTED,RULE,HOLD,1.0,False,No eligible observations found for code.
817,,LANE_B_S4_8b05f607-c2f9-f077-6b4e-8fba65529191_29463-7_0,8b05f607-c2f9-f077-6b4e-8fba65529191,S4,"Based on active chart documentation, the patient's current Body Weight is confirmed at 17.5 kg.",CONTRADICTED,RULE,HOLD,1.0,False,No eligible observations found for code.
818,,LANE_B_S4_4d244421-3eed-fa33-b19e-06d08b9a15b5_18262-6_0,4d244421-3eed-fa33-b19e-06d08b9a15b5,S4,The most recent laboratory panel documents active Cholesterol in LDL at 102.37 mg/dL.,SUPPORTED,RULE,HOLD,1.0,False,No eligible observations found for code.
819,,LANE_B_S4_4d244421-3eed-fa33-b19e-06d08b9a15b5_18262-6_0,4d244421-3eed-fa33-b19e-06d08b9a15b5,S4,The most recent laboratory panel documents active Cholesterol in LDL at 104.76 mg/dL.,CONTRADICTED,RULE,HOLD,1.0,False,No eligible observations found for code.
820,,LANE_B_S4_9a2ee52f-df23-62c4-9502-87ebf5b87b5c_18262-6_0,9a2ee52f-df23-62c4-9502-87ebf5b87b5c,S4,"According to the EHR summary, the active recorded finding for Cholesterol in LDL is 123.38 mg/dL.",SUPPORTED,RULE,HOLD,1.0,False,No eligible observations found for code.
821,,LANE_B_S4_9a2ee52f-df23-62c4-9502-87ebf5b87b5c_18262-6_0,9a2ee52f-df23-62c4-9502-87ebf5b87b5c,S4,"According to the EHR summary, the active recorded finding for Cholesterol in LDL is 105.3 mg/dL.",CONTRADICTED,RULE,HOLD,1.0,False,No eligible observations found for code.
822,,LANE_B_S4_fe1a1de4-4b84-e7c3-8333-d8d749881238_29463-7_0,fe1a1de4-4b84-e7c3-8333-d8d749881238,S4,The most recent laboratory panel documents active Body Weight at 74.1 kg.,SUPPORTED,RULE,HOLD,1.0,False,No eligible observations found for code.
823,,LANE_B_S4_fe1a1de4-4b84-e7c3-8333-d8d749881238_29463-7_0,fe1a1de4-4b84-e7c3-8333-d8d749881238,S4,The most recent laboratory panel documents active Body Weight at 62.3 kg.,CONTRADICTED,RULE,HOLD,1.0,False,No eligible observations found for code.
824,,LANE_B_S4_46bf9027-5d2d-a707-45d4-76e3c5a54636_29463-7_0,46bf9027-5d2d-a707-45d4-76e3c5a54636,S4,The most recent laboratory panel documents active Body Weight at 47.5 kg.,SUPPORTED,RULE,HOLD,1.0,False,No eligible observations found for code.
825,,LANE_B_S4_46bf9027-5d2d-a707-45d4-76e3c5a54636_29463-7_0,46bf9027-5d2d-a707-45d4-76e3c5a54636,S4,The most recent laboratory panel documents active Body Weight at 14.7 kg.,CONTRADICTED,RULE,HOLD,1.0,False,No eligible observations found for code.
826,,LANE_B_S4_d40ee66f-e7ae-5a99-24e8-319f56496e8f_14959-1_0,d40ee66f-e7ae-5a99-24e8-319f56496e8f,S4,"Based on active chart documentation, the patient's current Microalbumin/Creatinine is confirmed at 26.86 mg/g.",SUPPORTED,RULE,HOLD,1.0,False,No eligible observations found for code.
827,,LANE_B_S4_d40ee66f-e7ae-5a99-24e8-319f56496e8f_14959-1_0,d40ee66f-e7ae-5a99-24e8-319f56496e8f,S4,"Based on active chart documentation, the patient's current Microalbumin/Creatinine is confirmed at 11.45 mg/g.",CONTRADICTED,RULE,HOLD,1.0,False,No eligible observations found for code.
828,,LANE_B_S4_58871483-e786-6a6d-1593-ad99ff15b907_18262-6_0,58871483-e786-6a6d-1593-ad99ff15b907,S4,The latest clinical evaluation confirms Cholesterol in LDL measuring 78.85 mg/dL.,SUPPORTED,RULE,HOLD,1.0,False,No eligible observations found for code.
829,,LANE_B_S4_58871483-e786-6a6d-1593-ad99ff15b907_18262-6_0,58871483-e786-6a6d-1593-ad99ff15b907,S4,The latest clinical evaluation confirms Cholesterol in LDL measuring 66.27 mg/dL.,CONTRADICTED,RULE,HOLD,1.0,False,No eligible observations found for code.
830,,LANE_B_S4_7e97f6bb-c5c2-2fba-e27c-df1eb1aff0de_14959-1_0,7e97f6bb-c5c2-2fba-e27c-df1eb1aff0de,S4,The latest clinical evaluation confirms Microalbumin/Creatinine measuring 3.78 mg/g.,SUPPORTED,RULE,HOLD,1.0,False,No eligible observations found for code.
831,,LANE_B_S4_7e97f6bb-c5c2-2fba-e27c-df1eb1aff0de_14959-1_0,7e97f6bb-c5c2-2fba-e27c-df1eb1aff0de,S4,The latest clinical evaluation confirms Microalbumin/Creatinine measuring 12.1 mg/g.,CONTRADICTED,RULE,HOLD,1.0,False,No eligible observations found for code.
832,,LANE_B_S4_6a06d359-dfc7-2c49-0b75-9cb3921b6f61_18262-6_0,6a06d359-dfc7-2c49-0b75-9cb3921b6f61,S4,"Based on active chart documentation, the patient's current Cholesterol in LDL is confirmed at 99.77 mg/dL.",SUPPORTED,RULE,HOLD,1.0,False,No eligible observations found for code.
833,,LANE_B_S4_6a06d359-dfc7-2c49-0b75-9cb3921b6f61_18262-6_0,6a06d359-dfc7-2c49-0b75-9cb3921b6f61,S4,"Based on active chart documentation, the patient's current Cholesterol in LDL is confirmed at 71.5 mg/dL.",CONTRADICTED,RULE,HOLD,1.0,False,No eligible observations found for code.
834,,LANE_B_S4_28410d7d-65d1-91cb-d0a6-143507d3ce2d_29463-7_0,28410d7d-65d1-91cb-d0a6-143507d3ce2d,S4,"According to the EHR summary, the active recorded finding for Body Weight is 63.1 kg.",SUPPORTED,RULE,HOLD,1.0,False,No eligible observations found for code.
835,,LANE_B_S4_28410d7d-65d1-91cb-d0a6-143507d3ce2d_29463-7_0,28410d7d-65d1-91cb-d0a6-143507d3ce2d,S4,"According to the EHR summary, the active recorded finding for Body Weight is 46.4 kg.",CONTRADICTED,RULE,HOLD,1.0,False,No eligible observations found for code.
836,,LANE_B_S4_8d5f9503-6c0d-edc9-40f6-628b44250c4b_18262-6_0,8d5f9503-6c0d-edc9-40f6-628b44250c4b,S4,"According to the EHR summary, the active recorded finding for Cholesterol in LDL is 106.94 mg/dL.",SUPPORTED,RULE,HOLD,1.0,False,No eligible observations found for code.
837,,LANE_B_S4_8d5f9503-6c0d-edc9-40f6-628b44250c4b_18262-6_0,8d5f9503-6c0d-edc9-40f6-628b44250c4b,S4,"According to the EHR summary, the active recorded finding for Cholesterol in LDL is 107.87 mg/dL.",CONTRADICTED,RULE,HOLD,1.0,False,No eligible observations found for code.
838,,LANE_B_S4_406f925c-eeee-c949-92fb-9400879db07b_18262-6_0,406f925c-eeee-c949-92fb-9400879db07b,S4,"Based on active chart documentation, the patient's current Cholesterol in LDL is confirmed at 104.63 mg/dL.",SUPPORTED,RULE,HOLD,1.0,False,No eligible observations found for code.
839,,LANE_B_S4_406f925c-eeee-c949-92fb-9400879db07b_18262-6_0,406f925c-eeee-c949-92fb-9400879db07b,S4,"Based on active chart documentation, the patient's current Cholesterol in LDL is confirmed at 91.96 mg/dL.",CONTRADICTED,RULE,HOLD,1.0,False,No eligible observations found for code.
840,,LANE_B_S4_a60527a8-a633-c3aa-1265-06491490c6d2_29463-7_0,a60527a8-a633-c3aa-1265-06491490c6d2,S4,The latest clinical evaluation confirms Body Weight measuring 74.0 kg.,SUPPORTED,RULE,HOLD,1.0,False,No eligible observations found for code.
841,,LANE_B_S4_a60527a8-a633-c3aa-1265-06491490c6d2_29463-7_0,a60527a8-a633-c3aa-1265-06491490c6d2,S4,The latest clinical evaluation confirms Body Weight measuring 64.8 kg.,CONTRADICTED,RULE,HOLD,1.0,False,No eligible observations found for code.
842,,LANE_B_S4_dd646cc9-85af-3a42-2e1b-098e44ba970e_18262-6_0,dd646cc9-85af-3a42-2e1b-098e44ba970e,S4,"According to the EHR summary, the active recorded finding for Cholesterol in LDL is 86.05 mg/dL.",SUPPORTED,RULE,HOLD,1.0,False,No eligible observations found for code.
843,,LANE_B_S4_dd646cc9-85af-3a42-2e1b-098e44ba970e_18262-6_0,dd646cc9-85af-3a42-2e1b-098e44ba970e,S4,"According to the EHR summary, the active recorded finding for Cholesterol in LDL is 91.79 mg/dL.",CONTRADICTED,RULE,HOLD,1.0,False,No eligible observations found for code.
844,,LANE_B_S4_8baac7dc-bb36-bdb1-c30c-d39e3a19ab71_18262-6_0,8baac7dc-bb36-bdb1-c30c-d39e3a19ab71,S4,The most recent laboratory panel documents active Cholesterol in LDL at 159.92 mg/dL.,SUPPORTED,RULE,HOLD,1.0,False,No eligible observations found for code.
845,,LANE_B_S4_8baac7dc-bb36-bdb1-c30c-d39e3a19ab71_18262-6_0,8baac7dc-bb36-bdb1-c30c-d39e3a19ab71,S4,The most recent laboratory panel documents active Cholesterol in LDL at 223.64 mg/dL.,CONTRADICTED,RULE,HOLD,1.0,False,No eligible observations found for code.
846,,LANE_B_S4_39e09b72-4ec8-2fa9-d851-c616676f07bc_13945-1_0,39e09b72-4ec8-2fa9-d851-c616676f07bc,S4,"Based on active chart documentation, the patient's current Erythrocytes is confirmed at 2.4207 /[HPF].",SUPPORTED,RULE,HOLD,1.0,False,No eligible observations found for code.
847,,LANE_B_S4_39e09b72-4ec8-2fa9-d851-c616676f07bc_13945-1_0,39e09b72-4ec8-2fa9-d851-c616676f07bc,S4,"Based on active chart documentation, the patient's current Erythrocytes is confirmed at 1.9178 /[HPF].",CONTRADICTED,RULE,HOLD,1.0,False,No eligible observations found for code.
848,,LANE_B_S4_a7574b3b-a37a-243e-783c-72f4fae0bbc9_18262-6_0,a7574b3b-a37a-243e-783c-72f4fae0bbc9,S4,"Based on active chart documentation, the patient's current Cholesterol in LDL is confirmed at 112.52 mg/dL.",SUPPORTED,RULE,HOLD,1.0,False,No eligible observations found for code.
849,,LANE_B_S4_a7574b3b-a37a-243e-783c-72f4fae0bbc9_18262-6_0,a7574b3b-a37a-243e-783c-72f4fae0bbc9,S4,"Based on active chart documentation, the patient's current Cholesterol in LDL is confirmed at 43.74 mg/dL.",CONTRADICTED,RULE,HOLD,1.0,False,No eligible observations found for code.
850,,LANE_B_S4_a773f62b-4ac4-fd0d-e7c7-186f095d78ce_18262-6_0,a773f62b-4ac4-fd0d-e7c7-186f095d78ce,S4,The most recent laboratory panel documents active Cholesterol in LDL at 140.54 mg/dL.,SUPPORTED,RULE,HOLD,1.0,False,No eligible observations found for code.
851,,LANE_B_S4_a773f62b-4ac4-fd0d-e7c7-186f095d78ce_18262-6_0,a773f62b-4ac4-fd0d-e7c7-186f095d78ce,S4,The most recent laboratory panel documents active Cholesterol in LDL at 157.98 mg/dL.,CONTRADICTED,RULE,HOLD,1.0,False,No eligible observations found for code.
852,,LANE_B_S4_5af9cce9-1154-d631-4690-c8a0a5d7a78e_18262-6_0,5af9cce9-1154-d631-4690-c8a0a5d7a78e,S4,The latest clinical evaluation confirms Cholesterol in LDL measuring 90.11 mg/dL.,SUPPORTED,RULE,HOLD,1.0,False,No eligible observations found for code.
853,,LANE_B_S4_5af9cce9-1154-d631-4690-c8a0a5d7a78e_18262-6_0,5af9cce9-1154-d631-4690-c8a0a5d7a78e,S4,The latest clinical evaluation confirms Cholesterol in LDL measuring 59.16 mg/dL.,CONTRADICTED,RULE,HOLD,1.0,False,No eligible observations found for code.
854,,LANE_B_S4_eccad887-86f4-9b7b-57bc-87a22d767904_29463-7_0,eccad887-86f4-9b7b-57bc-87a22d767904,S4,"Based on active chart documentation, the patient's current Body Weight is confirmed at 77.1 kg.",SUPPORTED,RULE,HOLD,1.0,False,No eligible observations found for code.
855,,LANE_B_S4_eccad887-86f4-9b7b-57bc-87a22d767904_29463-7_0,eccad887-86f4-9b7b-57bc-87a22d767904,S4,"Based on active chart documentation, the patient's current Body Weight is confirmed at 29.3 kg.",CONTRADICTED,RULE,HOLD,1.0,False,No eligible observations found for code.
856,,LANE_B_S4_6aab5c5e-3a2f-fea1-ca8d-5586ecaee400_17861-6_0,6aab5c5e-3a2f-fea1-ca8d-5586ecaee400,S4,The latest clinical evaluation confirms Calcium measuring 9.96 mg/dL.,SUPPORTED,RULE,HOLD,1.0,False,No eligible observations found for code.
857,,LANE_B_S4_6aab5c5e-3a2f-fea1-ca8d-5586ecaee400_17861-6_0,6aab5c5e-3a2f-fea1-ca8d-5586ecaee400,S4,The latest clinical evaluation confirms Calcium measuring 9.23 mg/dL.,CONTRADICTED,RULE,HOLD,1.0,False,No eligible observations found for code.
858,,LANE_B_S4_6ad0b984-27c9-831b-f0a2-a1a5f9669e4b_1742-6_0,6ad0b984-27c9-831b-f0a2-a1a5f9669e4b,S4,The most recent laboratory panel documents active Alanine aminotransferase at 6.3682 U/L.,SUPPORTED,RULE,HOLD,1.0,False,No eligible observations found for code.
859,,LANE_B_S4_6ad0b984-27c9-831b-f0a2-a1a5f9669e4b_1742-6_0,6ad0b984-27c9-831b-f0a2-a1a5f9669e4b,S4,The most recent laboratory panel documents active Alanine aminotransferase at 5.6236 U/L.,CONTRADICTED,RULE,HOLD,1.0,False,No eligible observations found for code.
860,,LANE_B_S4_901dc5c3-ba8e-95cb-153a-f8650f565b01_14804-9_0,901dc5c3-ba8e-95cb-153a-f8650f565b01,S4,The most recent laboratory panel documents active Lactate dehydrogenase at 325.12 U/L.,SUPPORTED,RULE,HOLD,1.0,False,No eligible observations found for code.
861,,LANE_B_S4_901dc5c3-ba8e-95cb-153a-f8650f565b01_14804-9_0,901dc5c3-ba8e-95cb-153a-f8650f565b01,S4,The most recent laboratory panel documents active Lactate dehydrogenase at 222.3 U/L.,CONTRADICTED,RULE,HOLD,1.0,False,No eligible observations found for code.
862,,LANE_B_S4_2373b983-ecae-825f-72f8-c06bd53df4f0_1742-6_0,2373b983-ecae-825f-72f8-c06bd53df4f0,S4,"According to the EHR summary, the active recorded finding for Alanine aminotransferase is 4.1391 U/L.",SUPPORTED,RULE,HOLD,1.0,False,No eligible observations found for code.
863,,LANE_B_S4_2373b983-ecae-825f-72f8-c06bd53df4f0_1742-6_0,2373b983-ecae-825f-72f8-c06bd53df4f0,S4,"According to the EHR summary, the active recorded finding for Alanine aminotransferase is 42.926 U/L.",CONTRADICTED,RULE,HOLD,1.0,False,No eligible observations found for code.
864,,LANE_B_S4_495faddd-1f4a-156a-2dde-ff5fe196f1d5_29463-7_0,495faddd-1f4a-156a-2dde-ff5fe196f1d5,S4,"According to the EHR summary, the active recorded finding for Body Weight is 94.8 kg.",SUPPORTED,RULE,HOLD,1.0,False,No eligible observations found for code.
865,,LANE_B_S4_495faddd-1f4a-156a-2dde-ff5fe196f1d5_29463-7_0,495faddd-1f4a-156a-2dde-ff5fe196f1d5,S4,"According to the EHR summary, the active recorded finding for Body Weight is 82.5 kg.",CONTRADICTED,RULE,HOLD,1.0,False,No eligible observations found for code.
866,,LANE_B_S4_239d6a91-81fa-dcc6-4dfe-d09be55e0a36_29463-7_0,239d6a91-81fa-dcc6-4dfe-d09be55e0a36,S4,The latest clinical evaluation confirms Body Weight measuring 59.5 kg.,SUPPORTED,RULE,HOLD,1.0,False,No eligible observations found for code.
867,,LANE_B_S4_239d6a91-81fa-dcc6-4dfe-d09be55e0a36_29463-7_0,239d6a91-81fa-dcc6-4dfe-d09be55e0a36,S4,The latest clinical evaluation confirms Body Weight measuring 44.9 kg.,CONTRADICTED,RULE,HOLD,1.0,False,No eligible observations found for code.
868,,LANE_B_S4_3f078dbb-b6c1-0f42-5a6a-b1532f98126a_29463-7_0,3f078dbb-b6c1-0f42-5a6a-b1532f98126a,S4,"According to the EHR summary, the active recorded finding for Body Weight is 87.2 kg.",SUPPORTED,RULE,HOLD,1.0,False,No eligible observations found for code.
869,,LANE_B_S4_3f078dbb-b6c1-0f42-5a6a-b1532f98126a_29463-7_0,3f078dbb-b6c1-0f42-5a6a-b1532f98126a,S4,"According to the EHR summary, the active recorded finding for Body Weight is 76.3 kg.",CONTRADICTED,RULE,HOLD,1.0,False,No eligible observations found for code.
870,,LANE_B_S4_a522c6b9-a01a-66f6-6486-b0aa398e2977_10834-0_0,a522c6b9-a01a-66f6-6486-b0aa398e2977,S4,"According to the EHR summary, the active recorded finding for Globulin is 2.4247 g/L.",SUPPORTED,RULE,HOLD,1.0,False,No eligible observations found for code.
871,,LANE_B_S4_a522c6b9-a01a-66f6-6486-b0aa398e2977_10834-0_0,a522c6b9-a01a-66f6-6486-b0aa398e2977,S4,"According to the EHR summary, the active recorded finding for Globulin is 2.0587 g/L.",CONTRADICTED,RULE,HOLD,1.0,False,No eligible observations found for code.
872,,LANE_B_S4_af47bac4-40f1-a7d9-a5c6-5ada7ecc523e_29463-7_0,af47bac4-40f1-a7d9-a5c6-5ada7ecc523e,S4,"Based on active chart documentation, the patient's current Body Weight is confirmed at 96.6 kg.",SUPPORTED,RULE,HOLD,1.0,False,No eligible observations found for code.
873,,LANE_B_S4_af47bac4-40f1-a7d9-a5c6-5ada7ecc523e_29463-7_0,af47bac4-40f1-a7d9-a5c6-5ada7ecc523e,S4,"Based on active chart documentation, the patient's current Body Weight is confirmed at 91.2 kg.",CONTRADICTED,RULE,HOLD,1.0,False,No eligible observations found for code.
874,,LANE_B_S4_75c91a89-af09-1d66-fc52-a3614d298548_29463-7_0,75c91a89-af09-1d66-fc52-a3614d298548,S4,The latest clinical evaluation confirms Body Weight measuring 31.8 kg.,SUPPORTED,RULE,HOLD,1.0,False,No eligible observations found for code.
875,,LANE_B_S4_75c91a89-af09-1d66-fc52-a3614d298548_29463-7_0,75c91a89-af09-1d66-fc52-a3614d298548,S4,The latest clinical evaluation confirms Body Weight measuring 4.6 kg.,CONTRADICTED,RULE,HOLD,1.0,False,No eligible observations found for code.
876,,LANE_B_S4_af9f8a5a-c0d9-9441-cb63-b69ec50a5881_14959-1_0,af9f8a5a-c0d9-9441-cb63-b69ec50a5881,S4,The most recent laboratory panel documents active Microalbumin/Creatinine at 0.11 mg/g.,SUPPORTED,RULE,HOLD,1.0,False,No eligible observations found for code.
877,,LANE_B_S4_af9f8a5a-c0d9-9441-cb63-b69ec50a5881_14959-1_0,af9f8a5a-c0d9-9441-cb63-b69ec50a5881,S4,The most recent laboratory panel documents active Microalbumin/Creatinine at 14.17 mg/g.,CONTRADICTED,RULE,HOLD,1.0,False,No eligible observations found for code.
878,,LANE_B_S4_6cb35e20-a561-110f-d5ee-a4dab543167e_10834-0_0,6cb35e20-a561-110f-d5ee-a4dab543167e,S4,"Based on active chart documentation, the patient's current Globulin is confirmed at 2.101 g/L.",SUPPORTED,RULE,HOLD,1.0,False,No eligible observations found for code.
879,,LANE_B_S4_6cb35e20-a561-110f-d5ee-a4dab543167e_10834-0_0,6cb35e20-a561-110f-d5ee-a4dab543167e,S4,"Based on active chart documentation, the patient's current Globulin is confirmed at 2.9666 g/L.",CONTRADICTED,RULE,HOLD,1.0,False,No eligible observations found for code.
880,,LANE_B_S4_a008a6cb-ef8a-a6cd-33ab-e4e1786b35f7_18262-6_0,a008a6cb-ef8a-a6cd-33ab-e4e1786b35f7,S4,The most recent laboratory panel documents active Cholesterol in LDL at 84.2 mg/dL.,SUPPORTED,RULE,HOLD,1.0,False,No eligible observations found for code.
881,,LANE_B_S4_a008a6cb-ef8a-a6cd-33ab-e4e1786b35f7_18262-6_0,a008a6cb-ef8a-a6cd-33ab-e4e1786b35f7,S4,The most recent laboratory panel documents active Cholesterol in LDL at 65.1 mg/dL.,CONTRADICTED,RULE,HOLD,1.0,False,No eligible observations found for code.
882,,LANE_B_S4_2387bba1-05ed-f40d-09aa-f583680f5905_18262-6_0,2387bba1-05ed-f40d-09aa-f583680f5905,S4,"Based on active chart documentation, the patient's current Cholesterol in LDL is confirmed at 63.06 mg/dL.",SUPPORTED,RULE,HOLD,1.0,False,No eligible observations found for code.
883,,LANE_B_S4_2387bba1-05ed-f40d-09aa-f583680f5905_18262-6_0,2387bba1-05ed-f40d-09aa-f583680f5905,S4,"Based on active chart documentation, the patient's current Cholesterol in LDL is confirmed at 115.41 mg/dL.",CONTRADICTED,RULE,HOLD,1.0,False,No eligible observations found for code.
884,,LANE_B_S4_1ca1c903-f474-d565-c500-56b2ceee443b_18262-6_0,1ca1c903-f474-d565-c500-56b2ceee443b,S4,"Based on active chart documentation, the patient's current Cholesterol in LDL is confirmed at 157.15 mg/dL.",SUPPORTED,RULE,HOLD,1.0,False,No eligible observations found for code.
885,,LANE_B_S4_1ca1c903-f474-d565-c500-56b2ceee443b_18262-6_0,1ca1c903-f474-d565-c500-56b2ceee443b,S4,"Based on active chart documentation, the patient's current Cholesterol in LDL is confirmed at 18.44 mg/dL.",CONTRADICTED,RULE,HOLD,1.0,False,No eligible observations found for code.
886,,LANE_B_S4_785cb364-3b36-774f-8bff-f1338f954e14_18262-6_0,785cb364-3b36-774f-8bff-f1338f954e14,S4,"According to the EHR summary, the active recorded finding for Cholesterol in LDL is 102.47 mg/dL.",SUPPORTED,RULE,HOLD,1.0,False,No eligible observations found for code.
887,,LANE_B_S4_785cb364-3b36-774f-8bff-f1338f954e14_18262-6_0,785cb364-3b36-774f-8bff-f1338f954e14,S4,"According to the EHR summary, the active recorded finding for Cholesterol in LDL is 96.34 mg/dL.",CONTRADICTED,RULE,HOLD,1.0,False,No eligible observations found for code.
888,,LANE_B_S4_b3457c4e-d098-25ff-4368-ffe9be36e512_17861-6_0,b3457c4e-d098-25ff-4368-ffe9be36e512,S4,"Based on active chart documentation, the patient's current Calcium is confirmed at 9.78 mg/dL.",SUPPORTED,RULE,HOLD,1.0,False,No eligible observations found for code.
889,,LANE_B_S4_b3457c4e-d098-25ff-4368-ffe9be36e512_17861-6_0,b3457c4e-d098-25ff-4368-ffe9be36e512,S4,"Based on active chart documentation, the patient's current Calcium is confirmed at 9.56 mg/dL.",CONTRADICTED,RULE,HOLD,1.0,False,No eligible observations found for code.
890,,LANE_B_S4_f9726abc-3c65-ce1c-5cae-e9fb8728e7b7_18262-6_0,f9726abc-3c65-ce1c-5cae-e9fb8728e7b7,S4,The most recent laboratory panel documents active Cholesterol in LDL at 82.05 mg/dL.,SUPPORTED,RULE,HOLD,1.0,False,No eligible observations found for code.
891,,LANE_B_S4_f9726abc-3c65-ce1c-5cae-e9fb8728e7b7_18262-6_0,f9726abc-3c65-ce1c-5cae-e9fb8728e7b7,S4,The most recent laboratory panel documents active Cholesterol in LDL at 120.4 mg/dL.,CONTRADICTED,RULE,HOLD,1.0,False,No eligible observations found for code.
892,,LANE_B_S4_c5fab86a-ca08-f9e0-21b6-dd6edac5a207_17861-6_0,c5fab86a-ca08-f9e0-21b6-dd6edac5a207,S4,"According to the EHR summary, the active recorded finding for Calcium is 9.12 mg/dL.",SUPPORTED,RULE,HOLD,1.0,False,No eligible observations found for code.
893,,LANE_B_S4_c5fab86a-ca08-f9e0-21b6-dd6edac5a207_17861-6_0,c5fab86a-ca08-f9e0-21b6-dd6edac5a207,S4,"According to the EHR summary, the active recorded finding for Calcium is 8.61 mg/dL.",CONTRADICTED,RULE,HOLD,1.0,False,No eligible observations found for code.
894,,LANE_B_S4_667c3c2d-4551-0327-485c-bd85e5e9fbb7_18262-6_0,667c3c2d-4551-0327-485c-bd85e5e9fbb7,S4,"Based on active chart documentation, the patient's current Cholesterol in LDL is confirmed at 65.56 mg/dL.",SUPPORTED,RULE,HOLD,1.0,False,No eligible observations found for code.
895,,LANE_B_S4_667c3c2d-4551-0327-485c-bd85e5e9fbb7_18262-6_0,667c3c2d-4551-0327-485c-bd85e5e9fbb7,S4,"Based on active chart documentation, the patient's current Cholesterol in LDL is confirmed at 78.15 mg/dL.",CONTRADICTED,RULE,HOLD,1.0,False,No eligible observations found for code.
896,,LANE_B_S4_717ad9e9-ef8c-e37c-a260-38f7009bd519_10834-0_0,717ad9e9-ef8c-e37c-a260-38f7009bd519,S4,The latest clinical evaluation confirms Globulin measuring 2.017 g/L.,SUPPORTED,RULE,HOLD,1.0,False,No eligible observations found for code.
897,,LANE_B_S4_717ad9e9-ef8c-e37c-a260-38f7009bd519_10834-0_0,717ad9e9-ef8c-e37c-a260-38f7009bd519,S4,The latest clinical evaluation confirms Globulin measuring 2.6623 g/L.,CONTRADICTED,RULE,HOLD,1.0,False,No eligible observations found for code.
898,,LANE_B_S4_75054069-59aa-4bb3-3b13-73730645743e_18262-6_0,75054069-59aa-4bb3-3b13-73730645743e,S4,"According to the EHR summary, the active recorded finding for Cholesterol in LDL is 68.92 mg/dL.",SUPPORTED,RULE,HOLD,1.0,False,No eligible observations found for code.
899,,LANE_B_S4_75054069-59aa-4bb3-3b13-73730645743e_18262-6_0,75054069-59aa-4bb3-3b13-73730645743e,S4,"According to the EHR summary, the active recorded finding for Cholesterol in LDL is 24.71 mg/dL.",CONTRADICTED,RULE,HOLD,1.0,False,No eligible observations found for code.
900,,LANE_B_S4_ad590342-4028-13d8-ae78-8f78dea64cd0_10834-0_0,ad590342-4028-13d8-ae78-8f78dea64cd0,S4,The latest clinical evaluation confirms Globulin measuring 2.0668 g/L.,SUPPORTED,RULE,HOLD,1.0,False,No eligible observations found for code.
901,,LANE_B_S4_ad590342-4028-13d8-ae78-8f78dea64cd0_10834-0_0,ad590342-4028-13d8-ae78-8f78dea64cd0,S4,The latest clinical evaluation confirms Globulin measuring 3.416 g/L.,CONTRADICTED,RULE,HOLD,1.0,False,No eligible observations found for code.
902,,LANE_B_S4_93459e66-42ed-bb6d-8553-47542d45d9b5_18262-6_0,93459e66-42ed-bb6d-8553-47542d45d9b5,S4,The latest clinical evaluation confirms Cholesterol in LDL measuring 125.81 mg/dL.,SUPPORTED,RULE,HOLD,1.0,False,No eligible observations found for code.
903,,LANE_B_S4_93459e66-42ed-bb6d-8553-47542d45d9b5_18262-6_0,93459e66-42ed-bb6d-8553-47542d45d9b5,S4,The latest clinical evaluation confirms Cholesterol in LDL measuring 103.88 mg/dL.,CONTRADICTED,RULE,HOLD,1.0,False,No eligible observations found for code.
904,,LANE_B_S4_e206cd37-5446-5dfb-92dc-da87cff0a5ca_29463-7_0,e206cd37-5446-5dfb-92dc-da87cff0a5ca,S4,The latest clinical evaluation confirms Body Weight measuring 29.9 kg.,SUPPORTED,RULE,HOLD,1.0,False,No eligible observations found for code.
905,,LANE_B_S4_e206cd37-5446-5dfb-92dc-da87cff0a5ca_29463-7_0,e206cd37-5446-5dfb-92dc-da87cff0a5ca,S4,The latest clinical evaluation confirms Body Weight measuring 10.6 kg.,CONTRADICTED,RULE,HOLD,1.0,False,No eligible observations found for code.
906,,LANE_B_S4_c3838789-e8ab-3fdd-758d-73ab21566d02_29463-7_0,c3838789-e8ab-3fdd-758d-73ab21566d02,S4,The latest clinical evaluation confirms Body Weight measuring 24.8 kg.,SUPPORTED,RULE,HOLD,1.0,False,No eligible observations found for code.
907,,LANE_B_S4_c3838789-e8ab-3fdd-758d-73ab21566d02_29463-7_0,c3838789-e8ab-3fdd-758d-73ab21566d02,S4,The latest clinical evaluation confirms Body Weight measuring 4.4 kg.,CONTRADICTED,RULE,HOLD,1.0,False,No eligible observations found for code.
908,,LANE_B_S4_fef0f194-2be9-0da1-1681-12e92a04743a_10834-0_0,fef0f194-2be9-0da1-1681-12e92a04743a,S4,The most recent laboratory panel documents active Globulin at 3.1265 g/L.,SUPPORTED,RULE,HOLD,1.0,False,No eligible observations found for code.
909,,LANE_B_S4_fef0f194-2be9-0da1-1681-12e92a04743a_10834-0_0,fef0f194-2be9-0da1-1681-12e92a04743a,S4,The most recent laboratory panel documents active Globulin at 2.8779 g/L.,CONTRADICTED,RULE,HOLD,1.0,False,No eligible observations found for code.
910,,LANE_B_S4_82532b80-f91c-6d28-1407-401f4fe12f2d_29463-7_0,82532b80-f91c-6d28-1407-401f4fe12f2d,S4,"Based on active chart documentation, the patient's current Body Weight is confirmed at 52.4 kg.",SUPPORTED,RULE,HOLD,1.0,False,No eligible observations found for code.
911,,LANE_B_S4_82532b80-f91c-6d28-1407-401f4fe12f2d_29463-7_0,82532b80-f91c-6d28-1407-401f4fe12f2d,S4,"Based on active chart documentation, the patient's current Body Weight is confirmed at 24.5 kg.",CONTRADICTED,RULE,HOLD,1.0,False,No eligible observations found for code.
912,,LANE_B_S4_0ac7e0a5-049a-213e-b741-2533dc439eba_10834-0_0,0ac7e0a5-049a-213e-b741-2533dc439eba,S4,The latest clinical evaluation confirms Globulin measuring 2.0031 g/L.,SUPPORTED,RULE,HOLD,1.0,False,No eligible observations found for code.
913,,LANE_B_S4_0ac7e0a5-049a-213e-b741-2533dc439eba_10834-0_0,0ac7e0a5-049a-213e-b741-2533dc439eba,S4,The latest clinical evaluation confirms Globulin measuring 2.17 g/L.,CONTRADICTED,RULE,HOLD,1.0,False,No eligible observations found for code.
914,,LANE_B_S4_8e7dba45-59cf-1424-25b6-44be1b4f9497_20565-8_0,8e7dba45-59cf-1424-25b6-44be1b4f9497,S4,"The most recent laboratory panel documents active Carbon dioxide, total at 23.95 mmol/L.",SUPPORTED,RULE,HOLD,1.0,False,No eligible observations found for code.
915,,LANE_B_S4_8e7dba45-59cf-1424-25b6-44be1b4f9497_20565-8_0,8e7dba45-59cf-1424-25b6-44be1b4f9497,S4,"The most recent laboratory panel documents active Carbon dioxide, total at 21.27 mmol/L.",CONTRADICTED,RULE,HOLD,1.0,False,No eligible observations found for code.
916,,LANE_B_S4_9262df93-c890-8be1-d503-599c234d8755_29463-7_0,9262df93-c890-8be1-d503-599c234d8755,S4,"Based on active chart documentation, the patient's current Body Weight is confirmed at 59.0 kg.",SUPPORTED,RULE,HOLD,1.0,False,No eligible observations found for code.
917,,LANE_B_S4_9262df93-c890-8be1-d503-599c234d8755_29463-7_0,9262df93-c890-8be1-d503-599c234d8755,S4,"Based on active chart documentation, the patient's current Body Weight is confirmed at 33.4 kg.",CONTRADICTED,RULE,HOLD,1.0,False,No eligible observations found for code.
918,,LANE_B_S4_8d9a1305-9e33-71ed-e15d-725b989ec3c6_1742-6_0,8d9a1305-9e33-71ed-e15d-725b989ec3c6,S4,The latest clinical evaluation confirms Alanine aminotransferase measuring 24.518 U/L.,SUPPORTED,RULE,HOLD,1.0,False,No eligible observations found for code.
919,,LANE_B_S4_8d9a1305-9e33-71ed-e15d-725b989ec3c6_1742-6_0,8d9a1305-9e33-71ed-e15d-725b989ec3c6,S4,The latest clinical evaluation confirms Alanine aminotransferase measuring 22.716 U/L.,CONTRADICTED,RULE,HOLD,1.0,False,No eligible observations found for code.
920,,LANE_B_S4_516f54f0-6c01-e710-8f26-29a1d28f05cd_10834-0_0,516f54f0-6c01-e710-8f26-29a1d28f05cd,S4,"According to the EHR summary, the active recorded finding for Globulin is 2.3039 g/L.",SUPPORTED,RULE,HOLD,1.0,False,No eligible observations found for code.
921,,LANE_B_S4_516f54f0-6c01-e710-8f26-29a1d28f05cd_10834-0_0,516f54f0-6c01-e710-8f26-29a1d28f05cd,S4,"According to the EHR summary, the active recorded finding for Globulin is 2.7738 g/L.",CONTRADICTED,RULE,HOLD,1.0,False,No eligible observations found for code.
922,,LANE_B_S4_0309c183-6f42-b350-0eda-b89936e92eda_29463-7_0,0309c183-6f42-b350-0eda-b89936e92eda,S4,The latest clinical evaluation confirms Body Weight measuring 26.0 kg.,SUPPORTED,RULE,HOLD,1.0,False,No eligible observations found for code.
923,,LANE_B_S4_0309c183-6f42-b350-0eda-b89936e92eda_29463-7_0,0309c183-6f42-b350-0eda-b89936e92eda,S4,The latest clinical evaluation confirms Body Weight measuring 3.2 kg.,CONTRADICTED,RULE,HOLD,1.0,False,No eligible observations found for code.
924,,LANE_B_S4_09799663-ff15-aea9-81a6-d3df0bd96098_17861-6_0,09799663-ff15-aea9-81a6-d3df0bd96098,S4,"According to the EHR summary, the active recorded finding for Calcium is 9.17 mg/dL.",SUPPORTED,RULE,HOLD,1.0,False,No eligible observations found for code.
925,,LANE_B_S4_09799663-ff15-aea9-81a6-d3df0bd96098_17861-6_0,09799663-ff15-aea9-81a6-d3df0bd96098,S4,"According to the EHR summary, the active recorded finding for Calcium is 9.81 mg/dL.",CONTRADICTED,RULE,HOLD,1.0,False,No eligible observations found for code.
926,,LANE_B_S4_bee98767-2f49-903f-2d5a-d3554d220ca1_18262-6_0,bee98767-2f49-903f-2d5a-d3554d220ca1,S4,"According to the EHR summary, the active recorded finding for Cholesterol in LDL is 126.64 mg/dL.",SUPPORTED,RULE,HOLD,1.0,False,No eligible observations found for code.
927,,LANE_B_S4_bee98767-2f49-903f-2d5a-d3554d220ca1_18262-6_0,bee98767-2f49-903f-2d5a-d3554d220ca1,S4,"According to the EHR summary, the active recorded finding for Cholesterol in LDL is 41.89 mg/dL.",CONTRADICTED,RULE,HOLD,1.0,False,No eligible observations found for code.
928,,LANE_B_S4_0caf9d3d-5cc1-daac-b735-9cac1430b820_29463-7_0,0caf9d3d-5cc1-daac-b735-9cac1430b820,S4,"Based on active chart documentation, the patient's current Body Weight is confirmed at 38.2 kg.",SUPPORTED,RULE,HOLD,1.0,False,No eligible observations found for code.
929,,LANE_B_S4_0caf9d3d-5cc1-daac-b735-9cac1430b820_29463-7_0,0caf9d3d-5cc1-daac-b735-9cac1430b820,S4,"Based on active chart documentation, the patient's current Body Weight is confirmed at 12.3 kg.",CONTRADICTED,RULE,HOLD,1.0,False,No eligible observations found for code.
930,,LANE_B_S4_2dc3ae00-f149-c791-efae-f02f37a2633b_18262-6_0,2dc3ae00-f149-c791-efae-f02f37a2633b,S4,The latest clinical evaluation confirms Cholesterol in LDL measuring 114.55 mg/dL.,SUPPORTED,RULE,HOLD,1.0,False,No eligible observations found for code.
931,,LANE_B_S4_2dc3ae00-f149-c791-efae-f02f37a2633b_18262-6_0,2dc3ae00-f149-c791-efae-f02f37a2633b,S4,The latest clinical evaluation confirms Cholesterol in LDL measuring 33.0 mg/dL.,CONTRADICTED,RULE,HOLD,1.0,False,No eligible observations found for code.
932,,LANE_B_S4_879f0212-b4b8-05e7-e762-9c4e381fd332_29463-7_0,879f0212-b4b8-05e7-e762-9c4e381fd332,S4,The most recent laboratory panel documents active Body Weight at 70.6 kg.,SUPPORTED,RULE,HOLD,1.0,False,No eligible observations found for code.
933,,LANE_B_S4_879f0212-b4b8-05e7-e762-9c4e381fd332_29463-7_0,879f0212-b4b8-05e7-e762-9c4e381fd332,S4,The most recent laboratory panel documents active Body Weight at 32.1 kg.,CONTRADICTED,RULE,HOLD,1.0,False,No eligible observations found for code.
934,,LANE_B_S4_40ed4e1e-a737-adbd-fed7-d4e53e621ff5_18262-6_0,40ed4e1e-a737-adbd-fed7-d4e53e621ff5,S4,The latest clinical evaluation confirms Cholesterol in LDL measuring 88.74 mg/dL.,SUPPORTED,RULE,HOLD,1.0,False,No eligible observations found for code.
935,,LANE_B_S4_40ed4e1e-a737-adbd-fed7-d4e53e621ff5_18262-6_0,40ed4e1e-a737-adbd-fed7-d4e53e621ff5,S4,The latest clinical evaluation confirms Cholesterol in LDL measuring 82.19 mg/dL.,CONTRADICTED,RULE,HOLD,1.0,False,No eligible observations found for code.
936,,LANE_B_S4_5b909268-8f48-ce8d-da82-29113b6b7c84_20565-8_0,5b909268-8f48-ce8d-da82-29113b6b7c84,S4,"The latest clinical evaluation confirms Carbon dioxide, total measuring 20.8 mmol/L.",SUPPORTED,RULE,HOLD,1.0,False,No eligible observations found for code.
937,,LANE_B_S4_5b909268-8f48-ce8d-da82-29113b6b7c84_20565-8_0,5b909268-8f48-ce8d-da82-29113b6b7c84,S4,"The latest clinical evaluation confirms Carbon dioxide, total measuring 26.45 mmol/L.",CONTRADICTED,RULE,HOLD,1.0,False,No eligible observations found for code.
938,,LANE_B_S4_37bd999b-8dbb-4681-5c39-a52162038408_10834-0_0,37bd999b-8dbb-4681-5c39-a52162038408,S4,"Based on active chart documentation, the patient's current Globulin is confirmed at 2.3989 g/L.",SUPPORTED,RULE,HOLD,1.0,False,No eligible observations found for code.
939,,LANE_B_S4_37bd999b-8dbb-4681-5c39-a52162038408_10834-0_0,37bd999b-8dbb-4681-5c39-a52162038408,S4,"Based on active chart documentation, the patient's current Globulin is confirmed at 2.3777 g/L.",CONTRADICTED,RULE,HOLD,1.0,False,No eligible observations found for code.
940,,LANE_B_S4_3bc26d88-36b8-3324-338b-818a94708f62_10834-0_0,3bc26d88-36b8-3324-338b-818a94708f62,S4,"Based on active chart documentation, the patient's current Globulin is confirmed at 2.7379 g/L.",SUPPORTED,RULE,HOLD,1.0,False,No eligible observations found for code.
941,,LANE_B_S4_3bc26d88-36b8-3324-338b-818a94708f62_10834-0_0,3bc26d88-36b8-3324-338b-818a94708f62,S4,"Based on active chart documentation, the patient's current Globulin is confirmed at 2.9035 g/L.",CONTRADICTED,RULE,HOLD,1.0,False,No eligible observations found for code.
942,,LANE_B_S4_5bcd5e67-bda9-dae7-b1e0-20f210c83983_18262-6_0,5bcd5e67-bda9-dae7-b1e0-20f210c83983,S4,"According to the EHR summary, the active recorded finding for Cholesterol in LDL is 89.4 mg/dL.",SUPPORTED,RULE,HOLD,1.0,False,No eligible observations found for code.
943,,LANE_B_S4_5bcd5e67-bda9-dae7-b1e0-20f210c83983_18262-6_0,5bcd5e67-bda9-dae7-b1e0-20f210c83983,S4,"According to the EHR summary, the active recorded finding for Cholesterol in LDL is 108.04 mg/dL.",CONTRADICTED,RULE,HOLD,1.0,False,No eligible observations found for code.
944,,LANE_B_S4_df48bca3-712f-8a5d-7950-29022f3020b1_18262-6_0,df48bca3-712f-8a5d-7950-29022f3020b1,S4,The most recent laboratory panel documents active Cholesterol in LDL at 227.13 mg/dL.,SUPPORTED,RULE,HOLD,1.0,False,No eligible observations found for code.
945,,LANE_B_S4_df48bca3-712f-8a5d-7950-29022f3020b1_18262-6_0,df48bca3-712f-8a5d-7950-29022f3020b1,S4,The most recent laboratory panel documents active Cholesterol in LDL at 226.95 mg/dL.,CONTRADICTED,RULE,HOLD,1.0,False,No eligible observations found for code.
946,,LANE_B_S4_7844a0cb-c6b6-e5be-f90f-6e7204265460_18262-6_0,7844a0cb-c6b6-e5be-f90f-6e7204265460,S4,"Based on active chart documentation, the patient's current Cholesterol in LDL is confirmed at 123.85 mg/dL.",SUPPORTED,RULE,HOLD,1.0,False,No eligible observations found for code.
947,,LANE_B_S4_7844a0cb-c6b6-e5be-f90f-6e7204265460_18262-6_0,7844a0cb-c6b6-e5be-f90f-6e7204265460,S4,"Based on active chart documentation, the patient's current Cholesterol in LDL is confirmed at 47.82 mg/dL.",CONTRADICTED,RULE,HOLD,1.0,False,No eligible observations found for code.
948,,LANE_B_S4_fd922513-0b25-a9eb-5d7b-569ad4f8bb57_29463-7_0,fd922513-0b25-a9eb-5d7b-569ad4f8bb57,S4,The latest clinical evaluation confirms Body Weight measuring 38.2 kg.,SUPPORTED,RULE,HOLD,1.0,False,No eligible observations found for code.
949,,LANE_B_S4_fd922513-0b25-a9eb-5d7b-569ad4f8bb57_29463-7_0,fd922513-0b25-a9eb-5d7b-569ad4f8bb57,S4,The latest clinical evaluation confirms Body Weight measuring 14.4 kg.,CONTRADICTED,RULE,HOLD,1.0,False,No eligible observations found for code.
950,,LANE_B_S4_917c780c-1887-086c-c379-e894e52e7e24_18262-6_0,917c780c-1887-086c-c379-e894e52e7e24,S4,The latest clinical evaluation confirms Cholesterol in LDL measuring 106.98 mg/dL.,SUPPORTED,RULE,HOLD,1.0,False,No eligible observations found for code.
951,,LANE_B_S4_917c780c-1887-086c-c379-e894e52e7e24_18262-6_0,917c780c-1887-086c-c379-e894e52e7e24,S4,The latest clinical evaluation confirms Cholesterol in LDL measuring 93.16 mg/dL.,CONTRADICTED,RULE,HOLD,1.0,False,No eligible observations found for code.
952,,LANE_B_S4_512b9943-2b91-1422-a94f-f2f4728d2526_18262-6_0,512b9943-2b91-1422-a94f-f2f4728d2526,S4,The most recent laboratory panel documents active Cholesterol in LDL at 143.61 mg/dL.,SUPPORTED,RULE,HOLD,1.0,False,No eligible observations found for code.
953,,LANE_B_S4_512b9943-2b91-1422-a94f-f2f4728d2526_18262-6_0,512b9943-2b91-1422-a94f-f2f4728d2526,S4,The most recent laboratory panel documents active Cholesterol in LDL at 167.76 mg/dL.,CONTRADICTED,RULE,HOLD,1.0,False,No eligible observations found for code.
954,,LANE_B_S4_69e8f26d-d408-7fb2-9894-d322b221cd71_13945-1_0,69e8f26d-d408-7fb2-9894-d322b221cd71,S4,The latest clinical evaluation confirms Erythrocytes measuring 1.419 /[HPF].,SUPPORTED,RULE,HOLD,1.0,False,No eligible observations found for code.
955,,LANE_B_S4_69e8f26d-d408-7fb2-9894-d322b221cd71_13945-1_0,69e8f26d-d408-7fb2-9894-d322b221cd71,S4,The latest clinical evaluation confirms Erythrocytes measuring 1.2082 /[HPF].,CONTRADICTED,RULE,HOLD,1.0,False,No eligible observations found for code.
956,,LANE_B_S4_ae6f9562-f1dc-7d15-80cc-de93adab52c2_18262-6_0,ae6f9562-f1dc-7d15-80cc-de93adab52c2,S4,The latest clinical evaluation confirms Cholesterol in LDL measuring 77.49 mg/dL.,SUPPORTED,RULE,HOLD,1.0,False,No eligible observations found for code.
957,,LANE_B_S4_ae6f9562-f1dc-7d15-80cc-de93adab52c2_18262-6_0,ae6f9562-f1dc-7d15-80cc-de93adab52c2,S4,The latest clinical evaluation confirms Cholesterol in LDL measuring 71.37 mg/dL.,CONTRADICTED,RULE,HOLD,1.0,False,No eligible observations found for code.
958,,LANE_B_S4_cfc1c338-552e-2760-d5f3-1a444ae699dc_29463-7_0,cfc1c338-552e-2760-d5f3-1a444ae699dc,S4,The most recent laboratory panel documents active Body Weight at 72.2 kg.,SUPPORTED,RULE,HOLD,1.0,False,No eligible observations found for code.
959,,LANE_B_S4_cfc1c338-552e-2760-d5f3-1a444ae699dc_29463-7_0,cfc1c338-552e-2760-d5f3-1a444ae699dc,S4,The most recent laboratory panel documents active Body Weight at 42.3 kg.,CONTRADICTED,RULE,HOLD,1.0,False,No eligible observations found for code.
960,,LANE_B_S4_44faa1af-0405-53c0-cbb2-b66735aaea13_29463-7_0,44faa1af-0405-53c0-cbb2-b66735aaea13,S4,The latest clinical evaluation confirms Body Weight measuring 45.0 kg.,SUPPORTED,RULE,HOLD,1.0,False,No eligible observations found for code.
961,,LANE_B_S4_44faa1af-0405-53c0-cbb2-b66735aaea13_29463-7_0,44faa1af-0405-53c0-cbb2-b66735aaea13,S4,The latest clinical evaluation confirms Body Weight measuring 26.9 kg.,CONTRADICTED,RULE,HOLD,1.0,False,No eligible observations found for code.
962,,LANE_B_S4_5d179cc2-f127-844f-4f7e-f7cfbe71d6fc_18262-6_0,5d179cc2-f127-844f-4f7e-f7cfbe71d6fc,S4,The latest clinical evaluation confirms Cholesterol in LDL measuring 117.76 mg/dL.,SUPPORTED,RULE,HOLD,1.0,False,No eligible observations found for code.
963,,LANE_B_S4_5d179cc2-f127-844f-4f7e-f7cfbe71d6fc_18262-6_0,5d179cc2-f127-844f-4f7e-f7cfbe71d6fc,S4,The latest clinical evaluation confirms Cholesterol in LDL measuring 83.21 mg/dL.,CONTRADICTED,RULE,HOLD,1.0,False,No eligible observations found for code.
964,,LANE_B_S4_dfbfdb48-fafa-5f2a-3ce0-5fd22fa9f84d_18262-6_0,dfbfdb48-fafa-5f2a-3ce0-5fd22fa9f84d,S4,The latest clinical evaluation confirms Cholesterol in LDL measuring 30.3 mg/dL.,SUPPORTED,RULE,HOLD,1.0,False,No eligible observations found for code.
965,,LANE_B_S4_dfbfdb48-fafa-5f2a-3ce0-5fd22fa9f84d_18262-6_0,dfbfdb48-fafa-5f2a-3ce0-5fd22fa9f84d,S4,The latest clinical evaluation confirms Cholesterol in LDL measuring 63.22 mg/dL.,CONTRADICTED,RULE,HOLD,1.0,False,No eligible observations found for code.
966,,LANE_B_S4_0c9a7dee-31e4-36d3-2e22-3ee19a8eadbd_18262-6_0,0c9a7dee-31e4-36d3-2e22-3ee19a8eadbd,S4,The most recent laboratory panel documents active Cholesterol in LDL at 89.7 mg/dL.,SUPPORTED,RULE,HOLD,1.0,False,No eligible observations found for code.
967,,LANE_B_S4_0c9a7dee-31e4-36d3-2e22-3ee19a8eadbd_18262-6_0,0c9a7dee-31e4-36d3-2e22-3ee19a8eadbd,S4,The most recent laboratory panel documents active Cholesterol in LDL at 183.02 mg/dL.,CONTRADICTED,RULE,HOLD,1.0,False,No eligible observations found for code.
968,,LANE_B_S4_431f5d59-bc65-6c92-5f20-ae66027056ed_18262-6_0,431f5d59-bc65-6c92-5f20-ae66027056ed,S4,"Based on active chart documentation, the patient's current Cholesterol in LDL is confirmed at 165.34 mg/dL.",SUPPORTED,RULE,HOLD,1.0,False,No eligible observations found for code.
969,,LANE_B_S4_431f5d59-bc65-6c92-5f20-ae66027056ed_18262-6_0,431f5d59-bc65-6c92-5f20-ae66027056ed,S4,"Based on active chart documentation, the patient's current Cholesterol in LDL is confirmed at 78.19 mg/dL.",CONTRADICTED,RULE,HOLD,1.0,False,No eligible observations found for code.
970,,LANE_B_S4_32b79933-e83c-add0-48f0-dd875f072ea2_29463-7_0,32b79933-e83c-add0-48f0-dd875f072ea2,S4,The latest clinical evaluation confirms Body Weight measuring 73.8 kg.,SUPPORTED,RULE,HOLD,1.0,False,No eligible observations found for code.
971,,LANE_B_S4_32b79933-e83c-add0-48f0-dd875f072ea2_29463-7_0,32b79933-e83c-add0-48f0-dd875f072ea2,S4,The latest clinical evaluation confirms Body Weight measuring 65.6 kg.,CONTRADICTED,RULE,HOLD,1.0,False,No eligible observations found for code.
972,,LANE_B_S4_5cf6f8cb-200c-05a9-e0a7-b6a685f9bedd_14959-1_0,5cf6f8cb-200c-05a9-e0a7-b6a685f9bedd,S4,The latest clinical evaluation confirms Microalbumin/Creatinine measuring 10.06 mg/g.,SUPPORTED,RULE,HOLD,1.0,False,No eligible observations found for code.
973,,LANE_B_S4_5cf6f8cb-200c-05a9-e0a7-b6a685f9bedd_14959-1_0,5cf6f8cb-200c-05a9-e0a7-b6a685f9bedd,S4,The latest clinical evaluation confirms Microalbumin/Creatinine measuring 5.51 mg/g.,CONTRADICTED,RULE,HOLD,1.0,False,No eligible observations found for code.
974,,LANE_B_S4_76f0cad3-a4f4-a8b1-6588-1e227bb208bc_29463-7_0,76f0cad3-a4f4-a8b1-6588-1e227bb208bc,S4,"Based on active chart documentation, the patient's current Body Weight is confirmed at 93.4 kg.",SUPPORTED,RULE,HOLD,1.0,False,No eligible observations found for code.
975,,LANE_B_S4_76f0cad3-a4f4-a8b1-6588-1e227bb208bc_29463-7_0,76f0cad3-a4f4-a8b1-6588-1e227bb208bc,S4,"Based on active chart documentation, the patient's current Body Weight is confirmed at 84.3 kg.",CONTRADICTED,RULE,HOLD,1.0,False,No eligible observations found for code.
976,,LANE_B_S4_b4606b7d-d84c-f48f-17bb-1722f7086f4e_18262-6_0,b4606b7d-d84c-f48f-17bb-1722f7086f4e,S4,"Based on active chart documentation, the patient's current Cholesterol in LDL is confirmed at 91.34 mg/dL.",SUPPORTED,RULE,HOLD,1.0,False,No eligible observations found for code.
977,,LANE_B_S4_b4606b7d-d84c-f48f-17bb-1722f7086f4e_18262-6_0,b4606b7d-d84c-f48f-17bb-1722f7086f4e,S4,"Based on active chart documentation, the patient's current Cholesterol in LDL is confirmed at 61.74 mg/dL.",CONTRADICTED,RULE,HOLD,1.0,False,No eligible observations found for code.
978,,LANE_B_S4_7d40f5ce-bb04-7c84-9a1f-e975774be43d_18262-6_0,7d40f5ce-bb04-7c84-9a1f-e975774be43d,S4,The most recent laboratory panel documents active Cholesterol in LDL at 87.43 mg/dL.,SUPPORTED,RULE,HOLD,1.0,False,No eligible observations found for code.
979,,LANE_B_S4_7d40f5ce-bb04-7c84-9a1f-e975774be43d_18262-6_0,7d40f5ce-bb04-7c84-9a1f-e975774be43d,S4,The most recent laboratory panel documents active Cholesterol in LDL at 162.53 mg/dL.,CONTRADICTED,RULE,HOLD,1.0,False,No eligible observations found for code.
980,,LANE_B_S4_d2bb4ad7-a6e2-1a93-d206-1227ac0b99df_29463-7_1,d2bb4ad7-a6e2-1a93-d206-1227ac0b99df,S4,"According to the EHR summary, the active recorded finding for Body Weight is 84.3 kg.",SUPPORTED,RULE,HOLD,1.0,False,No eligible observations found for code.
981,,LANE_B_S4_d2bb4ad7-a6e2-1a93-d206-1227ac0b99df_29463-7_1,d2bb4ad7-a6e2-1a93-d206-1227ac0b99df,S4,"According to the EHR summary, the active recorded finding for Body Weight is 31.9 kg.",CONTRADICTED,RULE,HOLD,1.0,False,No eligible observations found for code.
982,,LANE_B_S4_91dd1e88-63f5-bd78-7ed8-64e74ed9da56_18262-6_1,91dd1e88-63f5-bd78-7ed8-64e74ed9da56,S4,"Based on active chart documentation, the patient's current Cholesterol in LDL is confirmed at 107.08 mg/dL.",SUPPORTED,RULE,HOLD,1.0,False,No eligible observations found for code.
983,,LANE_B_S4_91dd1e88-63f5-bd78-7ed8-64e74ed9da56_18262-6_1,91dd1e88-63f5-bd78-7ed8-64e74ed9da56,S4,"Based on active chart documentation, the patient's current Cholesterol in LDL is confirmed at 64.64 mg/dL.",CONTRADICTED,RULE,HOLD,1.0,False,No eligible observations found for code.
984,,LANE_B_S4_6defb8a8-3b3c-72e6-9836-66ff76a4e5e8_10834-0_1,6defb8a8-3b3c-72e6-9836-66ff76a4e5e8,S4,"According to the EHR summary, the active recorded finding for Globulin is 2.4177 g/L.",SUPPORTED,RULE,HOLD,1.0,False,No eligible observations found for code.
985,,LANE_B_S4_6defb8a8-3b3c-72e6-9836-66ff76a4e5e8_10834-0_1,6defb8a8-3b3c-72e6-9836-66ff76a4e5e8,S4,"According to the EHR summary, the active recorded finding for Globulin is 2.8577 g/L.",CONTRADICTED,RULE,HOLD,1.0,False,No eligible observations found for code.
986,,LANE_B_S4_ede324e1-b681-cfc8-c782-80fdafe96cb5_29463-7_1,ede324e1-b681-cfc8-c782-80fdafe96cb5,S4,The latest clinical evaluation confirms Body Weight measuring 83.5 kg.,SUPPORTED,RULE,HOLD,1.0,False,No eligible observations found for code.
987,,LANE_B_S4_ede324e1-b681-cfc8-c782-80fdafe96cb5_29463-7_1,ede324e1-b681-cfc8-c782-80fdafe96cb5,S4,The latest clinical evaluation confirms Body Weight measuring 81.1 kg.,CONTRADICTED,RULE,HOLD,1.0,False,No eligible observations found for code.
988,,LANE_B_S4_5a4ddc62-4d53-710a-2e52-95b0b97a231a_18262-6_1,5a4ddc62-4d53-710a-2e52-95b0b97a231a,S4,The latest clinical evaluation confirms Cholesterol in LDL measuring 141.35 mg/dL.,SUPPORTED,RULE,HOLD,1.0,False,No eligible observations found for code.
989,,LANE_B_S4_5a4ddc62-4d53-710a-2e52-95b0b97a231a_18262-6_1,5a4ddc62-4d53-710a-2e52-95b0b97a231a,S4,The latest clinical evaluation confirms Cholesterol in LDL measuring 177.7 mg/dL.,CONTRADICTED,RULE,HOLD,1.0,False,No eligible observations found for code.
990,,LANE_B_S4_6140b15d-270f-0abb-8532-2a9ccff32dc1_10834-0_1,6140b15d-270f-0abb-8532-2a9ccff32dc1,S4,The most recent laboratory panel documents active Globulin at 2.0102 g/L.,SUPPORTED,RULE,HOLD,1.0,False,No eligible observations found for code.
991,,LANE_B_S4_6140b15d-270f-0abb-8532-2a9ccff32dc1_10834-0_1,6140b15d-270f-0abb-8532-2a9ccff32dc1,S4,The most recent laboratory panel documents active Globulin at 2.9403 g/L.,CONTRADICTED,RULE,HOLD,1.0,False,No eligible observations found for code.
992,,LANE_B_S4_5ba49b4a-ed1f-7608-f6b3-221768980eeb_2085-9_0,5ba49b4a-ed1f-7608-f6b3-221768980eeb,S4,The most recent laboratory panel documents active Cholesterol in HDL at 52.19 mg/dL.,SUPPORTED,RULE,HOLD,1.0,False,No eligible observations found for code.
993,,LANE_B_S4_5ba49b4a-ed1f-7608-f6b3-221768980eeb_2085-9_0,5ba49b4a-ed1f-7608-f6b3-221768980eeb,S4,The most recent laboratory panel documents active Cholesterol in HDL at 56.4 mg/dL.,CONTRADICTED,RULE,HOLD,1.0,False,No eligible observations found for code.
994,,LANE_B_S4_ce6f355f-0556-60d4-614c-920be5bd1684_29463-7_1,ce6f355f-0556-60d4-614c-920be5bd1684,S4,The most recent laboratory panel documents active Body Weight at 93.3 kg.,SUPPORTED,RULE,HOLD,1.0,False,No eligible observations found for code.
995,,LANE_B_S4_ce6f355f-0556-60d4-614c-920be5bd1684_29463-7_1,ce6f355f-0556-60d4-614c-920be5bd1684,S4,The most recent laboratory panel documents active Body Weight at 61.8 kg.,CONTRADICTED,RULE,HOLD,1.0,False,No eligible observations found for code.
996,,LANE_B_S4_bcd2f3ee-c55e-a794-ffb0-c0201d799313_10230-1_1,bcd2f3ee-c55e-a794-ffb0-c0201d799313,S4,"According to the EHR summary, the active recorded finding for Left ventricular Ejection fraction is 91.71 %.",SUPPORTED,RULE,HOLD,1.0,False,No eligible observations found for code.
997,,LANE_B_S4_bcd2f3ee-c55e-a794-ffb0-c0201d799313_10230-1_1,bcd2f3ee-c55e-a794-ffb0-c0201d799313,S4,"According to the EHR summary, the active recorded finding for Left ventricular Ejection fraction is 51.54 %.",CONTRADICTED,RULE,HOLD,1.0,False,No eligible observations found for code.
998,,LANE_B_S4_c0710203-a3ba-f525-2eed-992f84cf6ec7_18262-6_1,c0710203-a3ba-f525-2eed-992f84cf6ec7,S4,"According to the EHR summary, the active recorded finding for Cholesterol in LDL is 102.83 mg/dL.",SUPPORTED,RULE,HOLD,1.0,False,No eligible observations found for code.
999,,LANE_B_S4_c0710203-a3ba-f525-2eed-992f84cf6ec7_18262-6_1,c0710203-a3ba-f525-2eed-992f84cf6ec7,S4,"According to the EHR summary, the active recorded finding for Cholesterol in LDL is 118.04 mg/dL.",CONTRADICTED,RULE,HOLD,1.0,False,No eligible observations found for code.
